Date,HomeTeam,AwayTeam,FTHG,FTAG,FTR,Player,PTS,REB
2024-10-22,BOS,NYK,132,109,H,Jayson Tatum,37,4
2024-10-22,BOS,NYK,132,109,H,Derrick White,24,3
2024-10-22,BOS,NYK,132,109,H,Jrue Holiday,18,4
2024-10-22,BOS,NYK,132,109,H,Miles McBride,22,0
2024-10-22,BOS,NYK,132,109,H,Jaylen Brown,23,7
2024-10-22,BOS,NYK,132,109,H,Al Horford,11,3
2024-10-22,BOS,NYK,132,109,H,Jalen Brunson,22,1
2024-10-22,BOS,NYK,132,109,H,Karl-Anthony Towns,12,7
2024-10-22,BOS,NYK,132,109,H,Josh Hart,12,4
2024-10-22,BOS,NYK,132,109,H,Mikal Bridges,16,0
2024-10-22,BOS,NYK,132,109,H,Cameron Payne,11,3
2024-10-22,BOS,NYK,132,109,H,Jericho Sims,4,9
2024-10-22,BOS,NYK,132,109,H,Luke Kornet,4,3
2024-10-22,BOS,NYK,132,109,H,Sam Hauser,10,5
2024-10-22,BOS,NYK,132,109,H,OG Anunoby,4,5
2024-10-22,BOS,NYK,132,109,H,Xavier Tillman,2,7
2024-10-22,BOS,NYK,132,109,H,Ariel Hukporti,0,4
2024-10-22,BOS,NYK,132,109,H,Pacome Dadiet,3,1
2024-10-22,BOS,NYK,132,109,H,Tyler Kolek,3,0
2024-10-22,BOS,NYK,132,109,H,Jordan Walsh,0,0
2024-10-22,BOS,NYK,132,109,H,Neemias Queta,0,0
2024-10-22,BOS,NYK,132,109,H,Jacob Toppin,0,0
2024-10-22,BOS,NYK,132,109,H,Payton Pritchard,3,4
2024-10-22,LAL,MIN,110,103,H,Anthony Davis,36,16
2024-10-22,LAL,MIN,110,103,H,Rui Hachimura,18,5
2024-10-22,LAL,MIN,110,103,H,Rudy Gobert,13,14
2024-10-22,LAL,MIN,110,103,H,Julius Randle,16,9
2024-10-22,LAL,MIN,110,103,H,Anthony Edwards,27,6
2024-10-22,LAL,MIN,110,103,H,Austin Reaves,12,9
2024-10-22,LAL,MIN,110,103,H,Nickeil Alexander-Walker,14,5
2024-10-22,LAL,MIN,110,103,H,LeBron James,16,5
2024-10-22,LAL,MIN,110,103,H,Jaxson Hayes,10,4
2024-10-22,LAL,MIN,110,103,H,Naz Reid,12,4
2024-10-22,LAL,MIN,110,103,H,Donte DiVincenzo,10,3
2024-10-22,LAL,MIN,110,103,H,D'Angelo Russell,9,1
2024-10-22,LAL,MIN,110,103,H,Dalton Knecht,5,1
2024-10-22,LAL,MIN,110,103,H,Mike Conley,5,4
2024-10-22,LAL,MIN,110,103,H,Jaden McDaniels,6,2
2024-10-22,LAL,MIN,110,103,H,Gabe Vincent,2,2
2024-10-22,LAL,MIN,110,103,H,Joe Ingles,0,0
2024-10-22,LAL,MIN,110,103,H,Bronny James,0,1
2024-10-22,LAL,MIN,110,103,H,Max Christie,2,2
2024-10-23,CHO,HOU,110,105,H,LaMelo Ball,34,8
2024-10-23,CHO,HOU,110,105,H,Alperen Sengun,25,18
2024-10-23,CHO,HOU,110,105,H,Tre Mann,24,6
2024-10-23,CHO,HOU,110,105,H,Jalen Green,28,2
2024-10-23,CHO,HOU,110,105,H,Fred VanVleet,14,4
2024-10-23,CHO,HOU,110,105,H,Cody Martin,8,8
2024-10-23,CHO,HOU,110,105,H,Amen Thompson,13,4
2024-10-23,CHO,HOU,110,105,H,Jock Landale,5,3
2024-10-23,CHO,HOU,110,105,H,Jabari Smith,8,5
2024-10-23,CHO,HOU,110,105,H,Nick Richards,6,8
2024-10-23,CHO,HOU,110,105,H,Miles Bridges,10,9
2024-10-23,CHO,HOU,110,105,H,Brandon Miller,6,1
2024-10-23,CHO,HOU,110,105,H,Grant Williams,8,4
2024-10-23,CHO,HOU,110,105,H,Seth Curry,7,2
2024-10-23,CHO,HOU,110,105,H,Moussa Diabaté,2,5
2024-10-23,CHO,HOU,110,105,H,Tari Eason,2,2
2024-10-23,CHO,HOU,110,105,H,Cam Whitmore,4,0
2024-10-23,CHO,HOU,110,105,H,Reed Sheppard,4,2
2024-10-23,CHO,HOU,110,105,H,Vasilije Micić,5,5
2024-10-23,CHO,HOU,110,105,H,Dillon Brooks,2,3
2024-10-23,MEM,UTA,126,124,H,Lauri Markkanen,35,9
2024-10-23,MEM,UTA,126,124,H,Walker Kessler,16,14
2024-10-23,MEM,UTA,126,124,H,Ja Morant,22,5
2024-10-23,MEM,UTA,126,124,H,Santi Aldama,27,5
2024-10-23,MEM,UTA,126,124,H,Desmond Bane,24,4
2024-10-23,MEM,UTA,126,124,H,Jordan Clarkson,17,5
2024-10-23,MEM,UTA,126,124,H,Jay Huff,13,5
2024-10-23,MEM,UTA,126,124,H,Taylor Hendricks,12,5
2024-10-23,MEM,UTA,126,124,H,Collin Sexton,16,2
2024-10-23,MEM,UTA,126,124,H,Scotty Pippen ,6,3
2024-10-23,MEM,UTA,126,124,H,John Konchar,5,5
2024-10-23,MEM,UTA,126,124,H,Marcus Smart,11,5
2024-10-23,MEM,UTA,126,124,H,Brice Sensabaugh,3,2
2024-10-23,MEM,UTA,126,124,H,John Collins,11,5
2024-10-23,MEM,UTA,126,124,H,Jake LaRavia,5,1
2024-10-23,MEM,UTA,126,124,H,Keyonte George,12,2
2024-10-23,MEM,UTA,126,124,H,Jaylen Wells,6,0
2024-10-23,MEM,UTA,126,124,H,Zach Edey,5,5
2024-10-23,MEM,UTA,126,124,H,Cody Williams,2,4
2024-10-23,MEM,UTA,126,124,H,Patty Mills,0,1
2024-10-23,MEM,UTA,126,124,H,Brandon Clarke,2,3
2024-10-23,ATL,BRK,120,116,H,Trae Young,30,5
2024-10-23,ATL,BRK,120,116,H,Onyeka Okongwu,28,8
2024-10-23,ATL,BRK,120,116,H,Cam Thomas,36,5
2024-10-23,ATL,BRK,120,116,H,Dyson Daniels,15,5
2024-10-23,ATL,BRK,120,116,H,Jalen Wilson,16,4
2024-10-23,ATL,BRK,120,116,H,Cameron Johnson,14,4
2024-10-23,ATL,BRK,120,116,H,De'Andre Hunter,12,6
2024-10-23,ATL,BRK,120,116,H,Clint Capela,6,7
2024-10-23,ATL,BRK,120,116,H,Jalen Johnson,11,10
2024-10-23,ATL,BRK,120,116,H,Noah Clowney,7,6
2024-10-23,ATL,BRK,120,116,H,Nic Claxton,7,5
2024-10-23,ATL,BRK,120,116,H,Dorian Finney-Smith,8,8
2024-10-23,ATL,BRK,120,116,H,Ziaire Williams,9,3
2024-10-23,ATL,BRK,120,116,H,Ben Simmons,6,5
2024-10-23,ATL,BRK,120,116,H,Bogdan Bogdanović,8,2
2024-10-23,ATL,BRK,120,116,H,Dennis Schröder,13,3
2024-10-23,ATL,BRK,120,116,H,Vit Krejci,3,1
2024-10-23,ATL,BRK,120,116,H,Zaccharie Risacher,7,1
2024-10-23,ATL,BRK,120,116,H,Shake Milton,0,0
2024-10-23,MIA,ORL,97,116,A,Paolo Banchero,33,11
2024-10-23,MIA,ORL,97,116,A,Franz Wagner,23,4
2024-10-23,MIA,ORL,97,116,A,Gary Harris,18,3
2024-10-23,MIA,ORL,97,116,A,Terry Rozier,19,6
2024-10-23,MIA,ORL,97,116,A,Jalen Suggs,11,2
2024-10-23,MIA,ORL,97,116,A,Wendell Carter,8,14
2024-10-23,MIA,ORL,97,116,A,Tyler Herro,14,5
2024-10-23,MIA,ORL,97,116,A,Anthony Black,10,6
2024-10-23,MIA,ORL,97,116,A,Nikola Jović,15,5
2024-10-23,MIA,ORL,97,116,A,Haywood Highsmith,9,5
2024-10-23,MIA,ORL,97,116,A,Thomas Bryant,7,3
2024-10-23,MIA,ORL,97,116,A,Jaime Jaquez,13,5
2024-10-23,MIA,ORL,97,116,A,Bam Adebayo,9,5
2024-10-23,MIA,ORL,97,116,A,Moritz Wagner,7,6
2024-10-23,MIA,ORL,97,116,A,Jonathan Isaac,3,3
2024-10-23,MIA,ORL,97,116,A,Jimmy Butler,3,4
2024-10-23,MIA,ORL,97,116,A,Pelle Larsson,2,0
2024-10-23,MIA,ORL,97,116,A,Kentavious Caldwell-Pope,3,1
2024-10-23,MIA,ORL,97,116,A,Dru Smith,0,1
2024-10-23,MIA,ORL,97,116,A,Duncan Robinson,6,1
2024-10-23,MIA,ORL,97,116,A,Caleb Houstan,0,1
2024-10-23,MIA,ORL,97,116,A,Cory Joseph,0,0
2024-10-23,MIA,ORL,97,116,A,Tristan Da Silva,0,0
2024-10-23,MIA,ORL,97,116,A,Jett Howard,0,1
2024-10-23,MIA,ORL,97,116,A,Kel'el Ware,0,1
2024-10-23,MIA,ORL,97,116,A,Goga Bitadze,0,2
2024-10-23,MIA,ORL,97,116,A,Cole Anthony,0,3
2024-10-23,CLE,TOR,136,106,H,Evan Mobley,25,9
2024-10-23,CLE,TOR,136,106,H,Caris LeVert,19,1
2024-10-23,CLE,TOR,136,106,H,Donovan Mitchell,21,2
2024-10-23,CLE,TOR,136,106,H,Jarrett Allen,14,7
2024-10-23,CLE,TOR,136,106,H,Ty Jerome,14,2
2024-10-23,CLE,TOR,136,106,H,Chris Boucher,18,2
2024-10-23,CLE,TOR,136,106,H,Gradey Dick,16,2
2024-10-23,CLE,TOR,136,106,H,Immanuel Quickley,13,2
2024-10-23,CLE,TOR,136,106,H,Jamal Shead,10,1
2024-10-23,CLE,TOR,136,106,H,Georges Niang,11,1
2024-10-23,CLE,TOR,136,106,H,Ochai Agbaji,3,6
2024-10-23,CLE,TOR,136,106,H,Dean Wade,5,8
2024-10-23,CLE,TOR,136,106,H,Jamison Battle,6,2
2024-10-23,CLE,TOR,136,106,H,Jonathan Mogbo,7,0
2024-10-23,CLE,TOR,136,106,H,Sam Merrill,7,0
2024-10-23,CLE,TOR,136,106,H,Bruno Fernando,6,7
2024-10-23,CLE,TOR,136,106,H,Isaac Okoro,3,2
2024-10-23,CLE,TOR,136,106,H,Garrett Temple,2,0
2024-10-23,CLE,TOR,136,106,H,Scottie Barnes,9,6
2024-10-23,CLE,TOR,136,106,H,Ulrich Chomche,2,1
2024-10-23,CLE,TOR,136,106,H,Craig Porter,4,0
2024-10-23,CLE,TOR,136,106,H,Jaylon Tyson,4,2
2024-10-23,CLE,TOR,136,106,H,Davion Mitchell,8,0
2024-10-23,CLE,TOR,136,106,H,Tristan Thompson,2,1
2024-10-23,CLE,TOR,136,106,H,Darius Garland,7,1
2024-10-23,CLE,TOR,136,106,H,Jakob Poeltl,6,9
2024-10-23,MIL,PHI,124,109,H,Damian Lillard,30,9
2024-10-23,MIL,PHI,124,109,H,Giannis Antetokounmpo,25,14
2024-10-23,MIL,PHI,124,109,H,Taurean Prince,16,5
2024-10-23,MIL,PHI,124,109,H,Kyle Lowry,13,4
2024-10-23,MIL,PHI,124,109,H,Bobby Portis,16,3
2024-10-23,MIL,PHI,124,109,H,Tyrese Maxey,25,6
2024-10-23,MIL,PHI,124,109,H,Caleb Martin,12,9
2024-10-23,MIL,PHI,124,109,H,Kelly Oubre,21,2
2024-10-23,MIL,PHI,124,109,H,Andre Drummond,10,13
2024-10-23,MIL,PHI,124,109,H,Brook Lopez,10,8
2024-10-23,MIL,PHI,124,109,H,Pat Connaughton,9,4
2024-10-23,MIL,PHI,124,109,H,Guerschon Yabusele,10,4
2024-10-23,MIL,PHI,124,109,H,Gary Trent,11,2
2024-10-23,MIL,PHI,124,109,H,Ricky Council,7,1
2024-10-23,MIL,PHI,124,109,H,Tyler Smith,5,1
2024-10-23,MIL,PHI,124,109,H,Jared McCain,4,2
2024-10-23,MIL,PHI,124,109,H,Adem Bona,2,1
2024-10-23,MIL,PHI,124,109,H,KJ Martin,3,5
2024-10-23,MIL,PHI,124,109,H,A.J. Green,0,0
2024-10-23,MIL,PHI,124,109,H,Delon Wright,2,0
2024-10-23,MIL,PHI,124,109,H,Lester Quiñones,0,1
2024-10-23,MIL,PHI,124,109,H,MarJon Beauchamp,0,0
2024-10-23,MIL,PHI,124,109,H,Jeff Dowtin,0,0
2024-10-23,MIL,PHI,124,109,H,Andre Jackson,0,0
2024-10-23,MIL,PHI,124,109,H,Ryan Rollins,0,0
2024-10-23,MIL,PHI,124,109,H,AJ Johnson,0,0
2024-10-23,MIL,PHI,124,109,H,Eric Gordon,2,1
2024-10-23,CHI,NOP,111,123,A,Brandon Ingram,33,7
2024-10-23,CHI,NOP,111,123,A,CJ McCollum,23,2
2024-10-23,CHI,NOP,111,123,A,Nikola Vučević,21,11
2024-10-23,CHI,NOP,111,123,A,Jalen Smith,15,5
2024-10-23,CHI,NOP,111,123,A,Zach LaVine,27,5
2024-10-23,CHI,NOP,111,123,A,Dejounte Murray,14,8
2024-10-23,CHI,NOP,111,123,A,Yves Missi,12,7
2024-10-23,CHI,NOP,111,123,A,Javonte Green,9,3
2024-10-23,CHI,NOP,111,123,A,Daniel Theis,8,2
2024-10-23,CHI,NOP,111,123,A,Jordan Hawkins,13,7
2024-10-23,CHI,NOP,111,123,A,Josh Giddey,14,5
2024-10-23,CHI,NOP,111,123,A,Coby White,10,8
2024-10-23,CHI,NOP,111,123,A,Jeremiah Robinson-Earl,6,1
2024-10-23,CHI,NOP,111,123,A,Ayo Dosunmu,8,4
2024-10-23,CHI,NOP,111,123,A,Lonzo Ball,5,2
2024-10-23,CHI,NOP,111,123,A,Patrick Williams,6,3
2024-10-23,CHI,NOP,111,123,A,Jose Alvarado,3,0
2024-10-23,CHI,NOP,111,123,A,Chris Duarte,3,0
2024-10-23,CHI,NOP,111,123,A,Herbert Jones,2,4
2024-10-23,CHI,NOP,111,123,A,Julian Phillips,2,0
2024-10-23,CHI,NOP,111,123,A,Karlo Matković,0,1
2024-10-23,CHI,NOP,111,123,A,Dalen Terry,0,0
2024-10-23,CHI,NOP,111,123,A,Matas Buzelis,0,2
2024-10-23,CHI,NOP,111,123,A,Talen Horton-Tucker,0,2
2024-10-23,CHI,NOP,111,123,A,Antonio Reeves,0,0
2024-10-23,DET,IND,109,115,A,Pascal Siakam,19,8
2024-10-23,DET,IND,109,115,A,Cade Cunningham,28,5
2024-10-23,DET,IND,109,115,A,Jalen Duren,13,13
2024-10-23,DET,IND,109,115,A,Myles Turner,20,9
2024-10-23,DET,IND,109,115,A,T.J. McConnell,14,2
2024-10-23,DET,IND,109,115,A,Jaden Ivey,17,5
2024-10-23,DET,IND,109,115,A,Bennedict Mathurin,19,6
2024-10-23,DET,IND,109,115,A,Tim Hardaway,14,1
2024-10-23,DET,IND,109,115,A,Tyrese Haliburton,15,5
2024-10-23,DET,IND,109,115,A,Aaron Nesmith,7,2
2024-10-23,DET,IND,109,115,A,Andrew Nembhard,8,2
2024-10-23,DET,IND,109,115,A,Malik Beasley,14,3
2024-10-23,DET,IND,109,115,A,Tobias Harris,13,2
2024-10-23,DET,IND,109,115,A,Ron Holland,6,3
2024-10-23,DET,IND,109,115,A,James Wiseman,6,1
2024-10-23,DET,IND,109,115,A,Isaiah Stewart,2,4
2024-10-23,DET,IND,109,115,A,Marcus Sasser,2,1
2024-10-23,DET,IND,109,115,A,Obi Toppin,2,1
2024-10-23,DET,IND,109,115,A,Jarace Walker,3,1
2024-10-23,DET,IND,109,115,A,Enrique Freeman,2,0
2024-10-23,DET,IND,109,115,A,Ben Sheppard,0,2
2024-10-23,DET,IND,109,115,A,Simone Fontecchio,0,1
2024-10-23,GSW,POR,140,104,H,Stephen Curry,17,9
2024-10-23,GSW,POR,140,104,H,Buddy Hield,22,5
2024-10-23,GSW,POR,140,104,H,Trayce Jackson-Davis,14,4
2024-10-23,GSW,POR,140,104,H,Andrew Wiggins,20,4
2024-10-23,GSW,POR,140,104,H,Scoot Henderson,22,4
2024-10-23,GSW,POR,140,104,H,Deni Avdija,15,7
2024-10-23,GSW,POR,140,104,H,Toumani Camara,11,6
2024-10-23,GSW,POR,140,104,H,Gary Payton,8,1
2024-10-23,GSW,POR,140,104,H,Moses Moody,15,2
2024-10-23,GSW,POR,140,104,H,Jerami Grant,16,2
2024-10-23,GSW,POR,140,104,H,Deandre Ayton,10,11
2024-10-23,GSW,POR,140,104,H,Draymond Green,8,6
2024-10-23,GSW,POR,140,104,H,De'Anthony Melton,11,2
2024-10-23,GSW,POR,140,104,H,Kyle Anderson,2,5
2024-10-23,GSW,POR,140,104,H,Lindy Waters,8,1
2024-10-23,GSW,POR,140,104,H,Anfernee Simons,15,2
2024-10-23,GSW,POR,140,104,H,Rayan Rupert,6,3
2024-10-23,GSW,POR,140,104,H,Kevon Looney,2,6
2024-10-23,GSW,POR,140,104,H,Gui Santos,3,1
2024-10-23,GSW,POR,140,104,H,Duop Reath,3,1
2024-10-23,GSW,POR,140,104,H,Donovan Clingan,2,2
2024-10-23,GSW,POR,140,104,H,Jonathan Kuminga,10,4
2024-10-23,GSW,POR,140,104,H,Dalano Banton,3,1
2024-10-23,GSW,POR,140,104,H,Jabari Walker,0,2
2024-10-23,GSW,POR,140,104,H,Brandin Podziemski,0,7
2024-10-23,GSW,POR,140,104,H,Kris Murray,1,1
2024-10-23,LAC,PHO,113,116,A,Bradley Beal,24,3
2024-10-23,LAC,PHO,113,116,A,Tyus Jones,11,2
2024-10-23,LAC,PHO,113,116,A,James Harden,29,12
2024-10-23,LAC,PHO,113,116,A,Ivica Zubac,21,9
2024-10-23,LAC,PHO,113,116,A,Kevin Durant,25,7
2024-10-23,LAC,PHO,113,116,A,Amir Coffey,11,3
2024-10-23,LAC,PHO,113,116,A,Devin Booker,15,4
2024-10-23,LAC,PHO,113,116,A,Derrick Jones,12,4
2024-10-23,LAC,PHO,113,116,A,Norman Powell,17,4
2024-10-23,LAC,PHO,113,116,A,Jusuf Nurkić,11,9
2024-10-23,LAC,PHO,113,116,A,Mason Plumlee,8,2
2024-10-23,LAC,PHO,113,116,A,Kris Dunn,5,4
2024-10-23,LAC,PHO,113,116,A,Terance Mann,8,5
2024-10-23,LAC,PHO,113,116,A,Grayson Allen,8,1
2024-10-23,LAC,PHO,113,116,A,Kai Jones,6,4
2024-10-23,LAC,PHO,113,116,A,Oso Ighodaro,2,6
2024-10-23,LAC,PHO,113,116,A,Monte Morris,5,1
2024-10-23,LAC,PHO,113,116,A,Royce O'Neale,5,5
2024-10-23,LAC,PHO,113,116,A,Nicolas Batum,2,2
2024-10-23,LAC,PHO,113,116,A,Ryan Dunn,2,2
2024-10-23,LAC,PHO,113,116,A,Kevin Porter,2,4
2024-10-24,DEN,OKC,87,102,A,Chet Holmgren,25,14
2024-10-24,DEN,OKC,87,102,A,Shai Gilgeous-Alexander,28,7
2024-10-24,DEN,OKC,87,102,A,Nikola Jokić,16,12
2024-10-24,DEN,OKC,87,102,A,Aaron Wiggins,15,6
2024-10-24,DEN,OKC,87,102,A,Christian Braun,16,7
2024-10-24,DEN,OKC,87,102,A,Aaron Gordon,12,9
2024-10-24,DEN,OKC,87,102,A,Michael Porter,15,8
2024-10-24,DEN,OKC,87,102,A,Jamal Murray,12,6
2024-10-24,DEN,OKC,87,102,A,Ousmane Dieng,6,3
2024-10-24,DEN,OKC,87,102,A,Luguentz Dort,5,2
2024-10-24,DEN,OKC,87,102,A,Russell Westbrook,6,5
2024-10-24,DEN,OKC,87,102,A,Cason Wallace,4,4
2024-10-24,DEN,OKC,87,102,A,Isaiah Joe,7,2
2024-10-24,DEN,OKC,87,102,A,Julian Strawther,6,0
2024-10-24,DEN,OKC,87,102,A,Alex Caruso,0,6
2024-10-24,DEN,OKC,87,102,A,Peyton Watson,2,6
2024-10-24,DEN,OKC,87,102,A,Dario Šarić,2,1
2024-10-24,DEN,OKC,87,102,A,Jalen Williams,12,3
2024-10-24,DEN,OKC,87,102,A,Trey Alexander,0,1
2024-10-24,DEN,OKC,87,102,A,Vlatko Čančar,0,1
2024-10-24,DEN,OKC,87,102,A,Alex Ducas,0,0
2024-10-24,DEN,OKC,87,102,A,Adam Flagler,0,0
2024-10-24,DEN,OKC,87,102,A,Dillon Jones,0,1
2024-10-24,DEN,OKC,87,102,A,Hunter Tyson,0,1
2024-10-24,DEN,OKC,87,102,A,Zeke Nnaji,0,0
2024-10-24,DEN,OKC,87,102,A,Jalen Pickett,0,0
2024-10-24,DEN,OKC,87,102,A,Ajay Mitchell,0,1
2024-10-24,MIN,SAC,117,115,H,Julius Randle,33,5
2024-10-24,MIN,SAC,117,115,H,Anthony Edwards,32,7
2024-10-24,MIN,SAC,117,115,H,DeMar DeRozan,26,8
2024-10-24,MIN,SAC,117,115,H,Keegan Murray,23,11
2024-10-24,MIN,SAC,117,115,H,Domantas Sabonis,24,8
2024-10-24,MIN,SAC,117,115,H,Naz Reid,19,13
2024-10-24,MIN,SAC,117,115,H,Malik Monk,17,1
2024-10-24,MIN,SAC,117,115,H,De'Aaron Fox,15,2
2024-10-24,MIN,SAC,117,115,H,Nickeil Alexander-Walker,9,1
2024-10-24,MIN,SAC,117,115,H,Mike Conley,6,2
2024-10-24,MIN,SAC,117,115,H,Rudy Gobert,3,11
2024-10-24,MIN,SAC,117,115,H,Keon Ellis,2,1
2024-10-24,MIN,SAC,117,115,H,Donte DiVincenzo,9,1
2024-10-24,MIN,SAC,117,115,H,Alex Len,3,2
2024-10-24,MIN,SAC,117,115,H,Trey Lyles,3,1
2024-10-24,MIN,SAC,117,115,H,Jaden McDaniels,6,2
2024-10-24,MIN,SAC,117,115,H,Joe Ingles,0,0
2024-10-24,MIN,SAC,117,115,H,Kevin Huerter,2,4
2024-10-24,MIN,SAC,117,115,H,Doug McDermott,0,0
2024-10-24,BOS,WAS,122,102,H,Jaylen Brown,27,8
2024-10-24,BOS,WAS,122,102,H,Jayson Tatum,25,11
2024-10-24,BOS,WAS,122,102,H,Jordan Poole,26,1
2024-10-24,BOS,WAS,122,102,H,Derrick White,19,4
2024-10-24,BOS,WAS,122,102,H,Jonas Valančiūnas,18,5
2024-10-24,BOS,WAS,122,102,H,Bilal Coulibaly,8,6
2024-10-24,BOS,WAS,122,102,H,Payton Pritchard,15,1
2024-10-24,BOS,WAS,122,102,H,Neemias Queta,12,7
2024-10-24,BOS,WAS,122,102,H,Marvin Bagley,8,6
2024-10-24,BOS,WAS,122,102,H,Xavier Tillman,8,1
2024-10-24,BOS,WAS,122,102,H,Jared Butler,6,0
2024-10-24,BOS,WAS,122,102,H,Patrick Baldwin,7,2
2024-10-24,BOS,WAS,122,102,H,Corey Kispert,6,5
2024-10-24,BOS,WAS,122,102,H,Kyle Kuzma,12,2
2024-10-24,BOS,WAS,122,102,H,Luke Kornet,4,4
2024-10-24,BOS,WAS,122,102,H,Kyshawn George,4,3
2024-10-24,BOS,WAS,122,102,H,Jrue Holiday,7,2
2024-10-24,BOS,WAS,122,102,H,Jaden Springer,1,3
2024-10-24,BOS,WAS,122,102,H,Baylor Scheierman,4,1
2024-10-24,BOS,WAS,122,102,H,Anthony Gill,2,0
2024-10-24,BOS,WAS,122,102,H,Drew Peterson,0,1
2024-10-24,BOS,WAS,122,102,H,Alex Sarr,2,5
2024-10-24,BOS,WAS,122,102,H,Justin Champagnie,0,2
2024-10-24,BOS,WAS,122,102,H,Carlton Carrington,3,3
2024-10-24,BOS,WAS,122,102,H,Johnny Davis,0,0
2024-10-24,BOS,WAS,122,102,H,Al Horford,0,5
2024-10-24,BOS,WAS,122,102,H,Jordan Walsh,0,0
2024-10-24,BOS,WAS,122,102,H,JD Davison,0,1
2024-10-24,DAL,SAS,120,109,H,Klay Thompson,22,7
2024-10-24,DAL,SAS,120,109,H,Luka Dončić,28,10
2024-10-24,DAL,SAS,120,109,H,Dereck Lively,15,11
2024-10-24,DAL,SAS,120,109,H,Julian Champagnie,18,7
2024-10-24,DAL,SAS,120,109,H,Harrison Barnes,17,4
2024-10-24,DAL,SAS,120,109,H,Kyrie Irving,15,3
2024-10-24,DAL,SAS,120,109,H,Jeremy Sochan,18,6
2024-10-24,DAL,SAS,120,109,H,Daniel Gafford,9,6
2024-10-24,DAL,SAS,120,109,H,P.J. Washington,11,5
2024-10-24,DAL,SAS,120,109,H,Jaden Hardy,11,1
2024-10-24,DAL,SAS,120,109,H,Victor Wembanyama,17,9
2024-10-24,DAL,SAS,120,109,H,Blake Wesley,6,0
2024-10-24,DAL,SAS,120,109,H,Stephon Castle,8,3
2024-10-24,DAL,SAS,120,109,H,Zach Collins,5,5
2024-10-24,DAL,SAS,120,109,H,Malaki Branham,7,2
2024-10-24,DAL,SAS,120,109,H,Tre Jones,3,1
2024-10-24,DAL,SAS,120,109,H,Chris Paul,3,7
2024-10-24,DAL,SAS,120,109,H,Maxi Kleber,3,4
2024-10-24,DAL,SAS,120,109,H,Charles Bassey,0,1
2024-10-24,DAL,SAS,120,109,H,Keldon Johnson,7,4
2024-10-24,DAL,SAS,120,109,H,Dwight Powell,2,1
2024-10-24,DAL,SAS,120,109,H,Spencer Dinwiddie,0,1
2024-10-24,DAL,SAS,120,109,H,Sandro Mamukelashvili,0,3
2024-10-24,DAL,SAS,120,109,H,Naji Marshall,2,1
2024-10-24,DAL,SAS,120,109,H,Olivier-Maxence Prosper,0,0
2024-10-24,DAL,SAS,120,109,H,Quentin Grimes,2,0
2024-10-25,ATL,CHO,125,120,H,Trae Young,38,8
2024-10-25,ATL,CHO,125,120,H,De'Andre Hunter,24,7
2024-10-25,ATL,CHO,125,120,H,Miles Bridges,27,5
2024-10-25,ATL,CHO,125,120,H,Dyson Daniels,18,1
2024-10-25,ATL,CHO,125,120,H,LaMelo Ball,34,5
2024-10-25,ATL,CHO,125,120,H,Nick Richards,12,13
2024-10-25,ATL,CHO,125,120,H,Jalen Johnson,16,7
2024-10-25,ATL,CHO,125,120,H,Grant Williams,9,4
2024-10-25,ATL,CHO,125,120,H,Seth Curry,9,5
2024-10-25,ATL,CHO,125,120,H,Onyeka Okongwu,7,8
2024-10-25,ATL,CHO,125,120,H,Clint Capela,6,7
2024-10-25,ATL,CHO,125,120,H,Tre Mann,17,3
2024-10-25,ATL,CHO,125,120,H,Garrison Mathews,8,1
2024-10-25,ATL,CHO,125,120,H,Josh Green,5,3
2024-10-25,ATL,CHO,125,120,H,Zaccharie Risacher,5,0
2024-10-25,ATL,CHO,125,120,H,Cody Martin,3,5
2024-10-25,ATL,CHO,125,120,H,Moussa Diabaté,2,4
2024-10-25,ATL,CHO,125,120,H,Vasilije Micić,2,6
2024-10-25,ATL,CHO,125,120,H,Vit Krejci,3,0
2024-10-25,CHI,MIL,133,122,H,Coby White,35,6
2024-10-25,CHI,MIL,133,122,H,Giannis Antetokounmpo,38,11
2024-10-25,CHI,MIL,133,122,H,Zach LaVine,25,5
2024-10-25,CHI,MIL,133,122,H,Josh Giddey,17,6
2024-10-25,CHI,MIL,133,122,H,Damian Lillard,28,4
2024-10-25,CHI,MIL,133,122,H,Nikola Vučević,22,10
2024-10-25,CHI,MIL,133,122,H,Taurean Prince,11,8
2024-10-25,CHI,MIL,133,122,H,Patrick Williams,13,5
2024-10-25,CHI,MIL,133,122,H,Bobby Portis,9,12
2024-10-25,CHI,MIL,133,122,H,Gary Trent,10,1
2024-10-25,CHI,MIL,133,122,H,A.J. Green,9,1
2024-10-25,CHI,MIL,133,122,H,Jalen Smith,11,5
2024-10-25,CHI,MIL,133,122,H,Delon Wright,5,0
2024-10-25,CHI,MIL,133,122,H,Dalen Terry,3,2
2024-10-25,CHI,MIL,133,122,H,Julian Phillips,3,2
2024-10-25,CHI,MIL,133,122,H,Ryan Rollins,2,0
2024-10-25,CHI,MIL,133,122,H,Matas Buzelis,2,0
2024-10-25,CHI,MIL,133,122,H,Brook Lopez,7,4
2024-10-25,CHI,MIL,133,122,H,Ayo Dosunmu,2,5
2024-10-25,CHI,MIL,133,122,H,Talen Horton-Tucker,0,0
2024-10-25,CHI,MIL,133,122,H,Tyler Smith,0,0
2024-10-25,CHI,MIL,133,122,H,Pat Connaughton,3,5
2024-10-25,CHI,MIL,133,122,H,AJ Johnson,0,1
2024-10-25,CHI,MIL,133,122,H,MarJon Beauchamp,0,0
2024-10-25,LAL,PHO,123,116,H,Anthony Davis,35,8
2024-10-25,LAL,PHO,123,116,H,Austin Reaves,26,4
2024-10-25,LAL,PHO,123,116,H,Kevin Durant,30,4
2024-10-25,LAL,PHO,123,116,H,LeBron James,21,4
2024-10-25,LAL,PHO,123,116,H,Devin Booker,23,3
2024-10-25,LAL,PHO,123,116,H,Bradley Beal,15,1
2024-10-25,LAL,PHO,123,116,H,Tyus Jones,14,2
2024-10-25,LAL,PHO,123,116,H,Monte Morris,8,2
2024-10-25,LAL,PHO,123,116,H,Rui Hachimura,14,7
2024-10-25,LAL,PHO,123,116,H,Jaxson Hayes,6,6
2024-10-25,LAL,PHO,123,116,H,Dalton Knecht,8,1
2024-10-25,LAL,PHO,123,116,H,Ryan Dunn,9,3
2024-10-25,LAL,PHO,123,116,H,Mason Plumlee,6,7
2024-10-25,LAL,PHO,123,116,H,Royce O'Neale,7,4
2024-10-25,LAL,PHO,123,116,H,Gabe Vincent,5,2
2024-10-25,LAL,PHO,123,116,H,D'Angelo Russell,5,2
2024-10-25,LAL,PHO,123,116,H,Max Christie,3,3
2024-10-25,LAL,PHO,123,116,H,Jusuf Nurkić,4,7
2024-10-25,LAL,PHO,123,116,H,Oso Ighodaro,0,1
2024-10-25,GSW,UTA,127,86,H,Buddy Hield,27,4
2024-10-25,GSW,UTA,127,86,H,Trayce Jackson-Davis,12,9
2024-10-25,GSW,UTA,127,86,H,Andrew Wiggins,10,13
2024-10-25,GSW,UTA,127,86,H,John Collins,14,7
2024-10-25,GSW,UTA,127,86,H,Brandin Podziemski,15,5
2024-10-25,GSW,UTA,127,86,H,Kevon Looney,9,10
2024-10-25,GSW,UTA,127,86,H,Stephen Curry,20,3
2024-10-25,GSW,UTA,127,86,H,Kyle Anderson,7,6
2024-10-25,GSW,UTA,127,86,H,Moses Moody,12,1
2024-10-25,GSW,UTA,127,86,H,Gary Payton,4,1
2024-10-25,GSW,UTA,127,86,H,Lindy Waters,6,1
2024-10-25,GSW,UTA,127,86,H,Drew Eubanks,4,2
2024-10-25,GSW,UTA,127,86,H,Keyonte George,12,2
2024-10-25,GSW,UTA,127,86,H,Walker Kessler,2,9
2024-10-25,GSW,UTA,127,86,H,Lauri Markkanen,13,8
2024-10-25,GSW,UTA,127,86,H,Brice Sensabaugh,9,3
2024-10-25,GSW,UTA,127,86,H,Patty Mills,7,1
2024-10-25,GSW,UTA,127,86,H,Draymond Green,3,2
2024-10-25,GSW,UTA,127,86,H,Jordan Clarkson,11,1
2024-10-25,GSW,UTA,127,86,H,Collin Sexton,12,2
2024-10-25,GSW,UTA,127,86,H,Jonathan Kuminga,2,1
2024-10-25,GSW,UTA,127,86,H,Cody Williams,2,3
2024-10-25,GSW,UTA,127,86,H,Kyle Filipowski,0,0
2024-10-25,GSW,UTA,127,86,H,Taylor Hendricks,0,7
2024-10-25,GSW,UTA,127,86,H,Gui Santos,0,3
2024-10-25,GSW,UTA,127,86,H,De'Anthony Melton,0,1
2024-10-25,PHI,TOR,107,115,A,Scottie Barnes,27,5
2024-10-25,PHI,TOR,107,115,A,Jakob Poeltl,19,9
2024-10-25,PHI,TOR,107,115,A,Kelly Oubre,28,2
2024-10-25,PHI,TOR,107,115,A,Jonathan Mogbo,12,9
2024-10-25,PHI,TOR,107,115,A,Kyle Lowry,14,1
2024-10-25,PHI,TOR,107,115,A,Ochai Agbaji,12,8
2024-10-25,PHI,TOR,107,115,A,Tyrese Maxey,24,2
2024-10-25,PHI,TOR,107,115,A,Jamison Battle,12,6
2024-10-25,PHI,TOR,107,115,A,Andre Drummond,11,9
2024-10-25,PHI,TOR,107,115,A,Caleb Martin,11,5
2024-10-25,PHI,TOR,107,115,A,Eric Gordon,8,1
2024-10-25,PHI,TOR,107,115,A,Chris Boucher,4,3
2024-10-25,PHI,TOR,107,115,A,KJ Martin,2,3
2024-10-25,PHI,TOR,107,115,A,Guerschon Yabusele,9,4
2024-10-25,PHI,TOR,107,115,A,Davion Mitchell,8,3
2024-10-25,PHI,TOR,107,115,A,D.J. Carton,0,2
2024-10-25,PHI,TOR,107,115,A,Jamal Shead,11,2
2024-10-25,PHI,TOR,107,115,A,Jared McCain,0,1
2024-10-25,PHI,TOR,107,115,A,Bruno Fernando,2,6
2024-10-25,PHI,TOR,107,115,A,Garrett Temple,0,0
2024-10-25,PHI,TOR,107,115,A,Gradey Dick,8,1
2024-10-25,PHI,TOR,107,115,A,Adem Bona,0,0
2024-10-25,PHI,TOR,107,115,A,Ricky Council,0,0
2024-10-25,PHI,TOR,107,115,A,Reggie Jackson,0,0
2024-10-25,BRK,ORL,101,116,A,Franz Wagner,29,6
2024-10-25,BRK,ORL,101,116,A,Dennis Schröder,20,1
2024-10-25,BRK,ORL,101,116,A,Cam Thomas,24,6
2024-10-25,BRK,ORL,101,116,A,Paolo Banchero,15,6
2024-10-25,BRK,ORL,101,116,A,Wendell Carter,8,11
2024-10-25,BRK,ORL,101,116,A,Dorian Finney-Smith,15,6
2024-10-25,BRK,ORL,101,116,A,Moritz Wagner,18,3
2024-10-25,BRK,ORL,101,116,A,Kentavious Caldwell-Pope,10,1
2024-10-25,BRK,ORL,101,116,A,Anthony Black,10,3
2024-10-25,BRK,ORL,101,116,A,Jalen Suggs,10,5
2024-10-25,BRK,ORL,101,116,A,Nic Claxton,4,5
2024-10-25,BRK,ORL,101,116,A,Ziaire Williams,7,7
2024-10-25,BRK,ORL,101,116,A,Cole Anthony,4,1
2024-10-25,BRK,ORL,101,116,A,Gary Harris,6,1
2024-10-25,BRK,ORL,101,116,A,Cameron Johnson,12,2
2024-10-25,BRK,ORL,101,116,A,Ben Simmons,7,6
2024-10-25,BRK,ORL,101,116,A,Jett Howard,3,0
2024-10-25,BRK,ORL,101,116,A,Goga Bitadze,3,2
2024-10-25,BRK,ORL,101,116,A,Shake Milton,3,1
2024-10-25,BRK,ORL,101,116,A,Noah Clowney,7,2
2024-10-25,BRK,ORL,101,116,A,Keon Johnson,2,0
2024-10-25,BRK,ORL,101,116,A,Jalen Wilson,0,1
2024-10-25,IND,NYK,98,123,A,Karl-Anthony Towns,21,15
2024-10-25,IND,NYK,98,123,A,Jalen Brunson,26,5
2024-10-25,IND,NYK,98,123,A,Mikal Bridges,21,1
2024-10-25,IND,NYK,98,123,A,Josh Hart,20,10
2024-10-25,IND,NYK,98,123,A,Bennedict Mathurin,20,2
2024-10-25,IND,NYK,98,123,A,Jarace Walker,12,4
2024-10-25,IND,NYK,98,123,A,Myles Turner,13,7
2024-10-25,IND,NYK,98,123,A,Obi Toppin,8,1
2024-10-25,IND,NYK,98,123,A,Isaiah Jackson,10,5
2024-10-25,IND,NYK,98,123,A,OG Anunoby,14,4
2024-10-25,IND,NYK,98,123,A,Pascal Siakam,12,5
2024-10-25,IND,NYK,98,123,A,T.J. McConnell,7,2
2024-10-25,IND,NYK,98,123,A,Miles McBride,8,2
2024-10-25,IND,NYK,98,123,A,Cameron Payne,7,2
2024-10-25,IND,NYK,98,123,A,Quenton Jackson,2,1
2024-10-25,IND,NYK,98,123,A,Tyler Kolek,4,0
2024-10-25,IND,NYK,98,123,A,Enrique Freeman,2,1
2024-10-25,IND,NYK,98,123,A,James Johnson,2,0
2024-10-25,IND,NYK,98,123,A,Jericho Sims,2,2
2024-10-25,IND,NYK,98,123,A,Andrew Nembhard,2,2
2024-10-25,IND,NYK,98,123,A,Ariel Hukporti,0,1
2024-10-25,IND,NYK,98,123,A,Aaron Nesmith,4,2
2024-10-25,IND,NYK,98,123,A,Jacob Toppin,0,0
2024-10-25,IND,NYK,98,123,A,Ben Sheppard,4,0
2024-10-25,IND,NYK,98,123,A,Pacome Dadiet,0,1
2024-10-25,IND,NYK,98,123,A,Johnny Furphy,0,0
2024-10-25,IND,NYK,98,123,A,Tyrese Haliburton,0,1
2024-10-25,NOP,POR,105,103,H,Jerami Grant,34,6
2024-10-25,NOP,POR,105,103,H,Jordan Hawkins,24,5
2024-10-25,NOP,POR,105,103,H,CJ McCollum,20,2
2024-10-25,NOP,POR,105,103,H,Brandon Ingram,21,8
2024-10-25,NOP,POR,105,103,H,Zion Williamson,16,11
2024-10-25,NOP,POR,105,103,H,Scoot Henderson,15,1
2024-10-25,NOP,POR,105,103,H,Anfernee Simons,24,1
2024-10-25,NOP,POR,105,103,H,Yves Missi,8,6
2024-10-25,NOP,POR,105,103,H,Deandre Ayton,10,15
2024-10-25,NOP,POR,105,103,H,Kris Murray,7,3
2024-10-25,NOP,POR,105,103,H,Donovan Clingan,4,6
2024-10-25,NOP,POR,105,103,H,Herbert Jones,8,1
2024-10-25,NOP,POR,105,103,H,Toumani Camara,5,6
2024-10-25,NOP,POR,105,103,H,Daniel Theis,5,6
2024-10-25,NOP,POR,105,103,H,Deni Avdija,2,6
2024-10-25,NOP,POR,105,103,H,Javonte Green,3,2
2024-10-25,NOP,POR,105,103,H,Jose Alvarado,0,1
2024-10-25,NOP,POR,105,103,H,Jabari Walker,2,4
2024-10-25,NOP,POR,105,103,H,Jeremiah Robinson-Earl,0,2
2024-10-25,CLE,DET,113,101,H,Jarrett Allen,17,11
2024-10-25,CLE,DET,113,101,H,Dean Wade,19,5
2024-10-25,CLE,DET,113,101,H,Cade Cunningham,33,4
2024-10-25,CLE,DET,113,101,H,Evan Mobley,16,6
2024-10-25,CLE,DET,113,101,H,Jaden Ivey,22,5
2024-10-25,CLE,DET,113,101,H,Ty Jerome,13,2
2024-10-25,CLE,DET,113,101,H,Caris LeVert,9,3
2024-10-25,CLE,DET,113,101,H,Tobias Harris,10,5
2024-10-25,CLE,DET,113,101,H,Darius Garland,13,2
2024-10-25,CLE,DET,113,101,H,Malik Beasley,13,4
2024-10-25,CLE,DET,113,101,H,Donovan Mitchell,19,2
2024-10-25,CLE,DET,113,101,H,Jalen Duren,5,7
2024-10-25,CLE,DET,113,101,H,Tim Hardaway,9,3
2024-10-25,CLE,DET,113,101,H,Isaac Okoro,4,2
2024-10-25,CLE,DET,113,101,H,Ron Holland,4,7
2024-10-25,CLE,DET,113,101,H,Simone Fontecchio,5,2
2024-10-25,CLE,DET,113,101,H,Marcus Sasser,0,1
2024-10-25,CLE,DET,113,101,H,Georges Niang,3,5
2024-10-25,CLE,DET,113,101,H,Wendell Moore,0,0
2024-10-25,CLE,DET,113,101,H,Craig Porter,0,0
2024-10-25,CLE,DET,113,101,H,Jaylon Tyson,0,0
2024-10-25,CLE,DET,113,101,H,Sam Merrill,0,1
2024-10-25,CLE,DET,113,101,H,Paul Reed,0,1
2024-10-25,CLE,DET,113,101,H,Daniss Jenkins,0,0
2024-10-25,CLE,DET,113,101,H,Isaiah Stewart,0,3
2024-10-25,HOU,MEM,128,108,H,Dillon Brooks,18,4
2024-10-25,HOU,MEM,128,108,H,Jalen Green,22,6
2024-10-25,HOU,MEM,128,108,H,Tari Eason,13,5
2024-10-25,HOU,MEM,128,108,H,Jabari Smith,14,16
2024-10-25,HOU,MEM,128,108,H,Desmond Bane,17,3
2024-10-25,HOU,MEM,128,108,H,Fred VanVleet,16,3
2024-10-25,HOU,MEM,128,108,H,Zach Edey,13,9
2024-10-25,HOU,MEM,128,108,H,Alperen Sengun,16,15
2024-10-25,HOU,MEM,128,108,H,John Konchar,7,6
2024-10-25,HOU,MEM,128,108,H,Scotty Pippen ,13,3
2024-10-25,HOU,MEM,128,108,H,Ja Morant,24,0
2024-10-25,HOU,MEM,128,108,H,Jay Huff,8,3
2024-10-25,HOU,MEM,128,108,H,Reed Sheppard,6,0
2024-10-25,HOU,MEM,128,108,H,Jake LaRavia,6,6
2024-10-25,HOU,MEM,128,108,H,Marcus Smart,7,1
2024-10-25,HOU,MEM,128,108,H,Jeenathan Williams,3,2
2024-10-25,HOU,MEM,128,108,H,Amen Thompson,9,6
2024-10-25,HOU,MEM,128,108,H,Santi Aldama,2,5
2024-10-25,HOU,MEM,128,108,H,Cam Whitmore,11,3
2024-10-25,HOU,MEM,128,108,H,Jock Landale,0,3
2024-10-25,HOU,MEM,128,108,H,Yuki Kawamura,0,0
2024-10-25,HOU,MEM,128,108,H,Jae'Sean Tate,0,1
2024-10-25,HOU,MEM,128,108,H,Jaylen Wells,8,4
2024-10-25,HOU,MEM,128,108,H,Aaron Holiday,0,0
2024-10-25,HOU,MEM,128,108,H,Brandon Clarke,3,3
2024-10-26,LAL,SAC,131,127,H,Domantas Sabonis,29,12
2024-10-26,LAL,SAC,131,127,H,Anthony Davis,31,9
2024-10-26,LAL,SAC,131,127,H,LeBron James,32,14
2024-10-26,LAL,SAC,131,127,H,De'Aaron Fox,28,5
2024-10-26,LAL,SAC,131,127,H,DeMar DeRozan,23,0
2024-10-26,LAL,SAC,131,127,H,Rui Hachimura,18,9
2024-10-26,LAL,SAC,131,127,H,D'Angelo Russell,16,4
2024-10-26,LAL,SAC,131,127,H,Keegan Murray,14,4
2024-10-26,LAL,SAC,131,127,H,Kevin Huerter,14,2
2024-10-26,LAL,SAC,131,127,H,Austin Reaves,16,7
2024-10-26,LAL,SAC,131,127,H,Malik Monk,14,3
2024-10-26,LAL,SAC,131,127,H,Dalton Knecht,10,0
2024-10-26,LAL,SAC,131,127,H,Jaxson Hayes,4,2
2024-10-26,LAL,SAC,131,127,H,Trey Lyles,5,4
2024-10-26,LAL,SAC,131,127,H,Max Christie,2,0
2024-10-26,LAL,SAC,131,127,H,Jordan McLaughlin,0,0
2024-10-26,LAL,SAC,131,127,H,Gabe Vincent,2,0
2024-10-26,LAL,SAC,131,127,H,Alex Len,0,2
2024-10-26,DEN,LAC,104,109,A,Nikola Jokić,41,9
2024-10-26,DEN,LAC,104,109,A,Norman Powell,37,3
2024-10-26,DEN,LAC,104,109,A,James Harden,23,6
2024-10-26,DEN,LAC,104,109,A,Ivica Zubac,24,15
2024-10-26,DEN,LAC,104,109,A,Jamal Murray,22,2
2024-10-26,DEN,LAC,104,109,A,Christian Braun,11,7
2024-10-26,DEN,LAC,104,109,A,Kris Dunn,11,6
2024-10-26,DEN,LAC,104,109,A,Julian Strawther,8,2
2024-10-26,DEN,LAC,104,109,A,Aaron Gordon,10,5
2024-10-26,DEN,LAC,104,109,A,Michael Porter,9,9
2024-10-26,DEN,LAC,104,109,A,Derrick Jones,9,1
2024-10-26,DEN,LAC,104,109,A,Nicolas Batum,1,4
2024-10-26,DEN,LAC,104,109,A,Kai Jones,0,2
2024-10-26,DEN,LAC,104,109,A,Amir Coffey,0,2
2024-10-26,DEN,LAC,104,109,A,Russell Westbrook,2,1
2024-10-26,DEN,LAC,104,109,A,Peyton Watson,1,0
2024-10-26,DEN,LAC,104,109,A,Dario Šarić,0,2
2024-10-26,DEN,LAC,104,109,A,Terance Mann,0,3
2024-10-26,DEN,LAC,104,109,A,Kevin Porter,4,2
2024-10-26,DAL,PHO,102,114,A,Luka Dončić,40,10
2024-10-26,DAL,PHO,102,114,A,Kevin Durant,31,9
2024-10-26,DAL,PHO,102,114,A,Devin Booker,21,1
2024-10-26,DAL,PHO,102,114,A,Kyrie Irving,22,2
2024-10-26,DAL,PHO,102,114,A,Tyus Jones,8,5
2024-10-26,DAL,PHO,102,114,A,Jusuf Nurkić,18,14
2024-10-26,DAL,PHO,102,114,A,Klay Thompson,19,3
2024-10-26,DAL,PHO,102,114,A,Royce O'Neale,7,9
2024-10-26,DAL,PHO,102,114,A,Dereck Lively,5,11
2024-10-26,DAL,PHO,102,114,A,Daniel Gafford,7,8
2024-10-26,DAL,PHO,102,114,A,Ryan Dunn,13,1
2024-10-26,DAL,PHO,102,114,A,Monte Morris,8,3
2024-10-26,DAL,PHO,102,114,A,Naji Marshall,2,2
2024-10-26,DAL,PHO,102,114,A,Mason Plumlee,3,1
2024-10-26,DAL,PHO,102,114,A,Collin Gillespie,3,0
2024-10-26,DAL,PHO,102,114,A,Maxi Kleber,2,1
2024-10-26,DAL,PHO,102,114,A,Damion Lee,2,3
2024-10-26,DAL,PHO,102,114,A,P.J. Washington,5,6
2024-10-26,DAL,PHO,102,114,A,Dwight Powell,0,0
2024-10-26,DAL,PHO,102,114,A,Olivier-Maxence Prosper,0,0
2024-10-26,DAL,PHO,102,114,A,Quentin Grimes,0,2
2024-10-26,DAL,PHO,102,114,A,Jazian Gortman,0,0
2024-10-26,DAL,PHO,102,114,A,Oso Ighodaro,0,1
2024-10-26,DAL,PHO,102,114,A,Jaden Hardy,0,1
2024-10-26,CHO,MIA,106,114,A,Jimmy Butler,26,8
2024-10-26,CHO,MIA,106,114,A,LaMelo Ball,27,8
2024-10-26,CHO,MIA,106,114,A,Tyler Herro,22,5
2024-10-26,CHO,MIA,106,114,A,Terry Rozier,19,5
2024-10-26,CHO,MIA,106,114,A,Nick Richards,12,12
2024-10-26,CHO,MIA,106,114,A,Tre Mann,14,5
2024-10-26,CHO,MIA,106,114,A,Nikola Jović,10,4
2024-10-26,CHO,MIA,106,114,A,Seth Curry,15,4
2024-10-26,CHO,MIA,106,114,A,Miles Bridges,16,9
2024-10-26,CHO,MIA,106,114,A,Bam Adebayo,12,11
2024-10-26,CHO,MIA,106,114,A,Alec Burks,9,2
2024-10-26,CHO,MIA,106,114,A,Thomas Bryant,6,1
2024-10-26,CHO,MIA,106,114,A,Cody Martin,10,3
2024-10-26,CHO,MIA,106,114,A,Jaime Jaquez,6,6
2024-10-26,CHO,MIA,106,114,A,Moussa Diabaté,5,2
2024-10-26,CHO,MIA,106,114,A,Grant Williams,7,2
2024-10-26,CHO,MIA,106,114,A,Duncan Robinson,4,0
2024-10-26,CHO,MIA,106,114,A,Tidjane Salaün ,0,1
2024-10-26,CHO,MIA,106,114,A,Dru Smith,0,1
2024-10-26,CHO,MIA,106,114,A,Vasilije Micić,0,0
2024-10-26,BOS,DET,124,118,H,Jayson Tatum,37,4
2024-10-26,BOS,DET,124,118,H,Jaden Ivey,26,5
2024-10-26,BOS,DET,124,118,H,Al Horford,17,5
2024-10-26,BOS,DET,124,118,H,Jalen Duren,15,9
2024-10-26,BOS,DET,124,118,H,Payton Pritchard,19,2
2024-10-26,BOS,DET,124,118,H,Jaylen Brown,24,10
2024-10-26,BOS,DET,124,118,H,Derrick White,17,6
2024-10-26,BOS,DET,124,118,H,Cade Cunningham,21,6
2024-10-26,BOS,DET,124,118,H,Malik Beasley,17,3
2024-10-26,BOS,DET,124,118,H,Isaiah Stewart,6,5
2024-10-26,BOS,DET,124,118,H,Simone Fontecchio,11,2
2024-10-26,BOS,DET,124,118,H,Tim Hardaway,9,2
2024-10-26,BOS,DET,124,118,H,Jrue Holiday,7,3
2024-10-26,BOS,DET,124,118,H,Tobias Harris,8,11
2024-10-26,BOS,DET,124,118,H,Xavier Tillman,3,3
2024-10-26,BOS,DET,124,118,H,Ron Holland,5,1
2024-10-26,BOS,DET,124,118,H,Luke Kornet,0,4
2024-10-26,CLE,WAS,135,116,H,Donovan Mitchell,30,4
2024-10-26,CLE,WAS,135,116,H,Jarrett Allen,23,5
2024-10-26,CLE,WAS,135,116,H,Darius Garland,23,2
2024-10-26,CLE,WAS,135,116,H,Bilal Coulibaly,23,6
2024-10-26,CLE,WAS,135,116,H,Jordan Poole,14,1
2024-10-26,CLE,WAS,135,116,H,Ty Jerome,14,2
2024-10-26,CLE,WAS,135,116,H,Caris LeVert,10,0
2024-10-26,CLE,WAS,135,116,H,Alex Sarr,12,6
2024-10-26,CLE,WAS,135,116,H,Evan Mobley,13,13
2024-10-26,CLE,WAS,135,116,H,Jared Butler,8,1
2024-10-26,CLE,WAS,135,116,H,Jonas Valančiūnas,10,8
2024-10-26,CLE,WAS,135,116,H,Kyle Kuzma,14,8
2024-10-26,CLE,WAS,135,116,H,Marvin Bagley,9,6
2024-10-26,CLE,WAS,135,116,H,Sam Merrill,11,2
2024-10-26,CLE,WAS,135,116,H,Corey Kispert,10,1
2024-10-26,CLE,WAS,135,116,H,Carlton Carrington,10,2
2024-10-26,CLE,WAS,135,116,H,Isaac Okoro,3,5
2024-10-26,CLE,WAS,135,116,H,Craig Porter,0,2
2024-10-26,CLE,WAS,135,116,H,Georges Niang,3,6
2024-10-26,CLE,WAS,135,116,H,Patrick Baldwin,2,2
2024-10-26,CLE,WAS,135,116,H,Dean Wade,2,5
2024-10-26,CLE,WAS,135,116,H,Johnny Davis,2,1
2024-10-26,CLE,WAS,135,116,H,Kyshawn George,2,4
2024-10-26,CLE,WAS,135,116,H,Jaylon Tyson,3,1
2024-10-26,CLE,WAS,135,116,H,Tristan Thompson,0,1
2024-10-26,HOU,SAS,106,109,A,Victor Wembanyama,29,7
2024-10-26,HOU,SAS,106,109,A,Jalen Green,29,6
2024-10-26,HOU,SAS,106,109,A,Fred VanVleet,18,2
2024-10-26,HOU,SAS,106,109,A,Jeremy Sochan,17,12
2024-10-26,HOU,SAS,106,109,A,Keldon Johnson,16,8
2024-10-26,HOU,SAS,106,109,A,Harrison Barnes,11,3
2024-10-26,HOU,SAS,106,109,A,Dillon Brooks,16,2
2024-10-26,HOU,SAS,106,109,A,Jock Landale,13,2
2024-10-26,HOU,SAS,106,109,A,Julian Champagnie,12,6
2024-10-26,HOU,SAS,106,109,A,Tari Eason,6,2
2024-10-26,HOU,SAS,106,109,A,Malaki Branham,7,3
2024-10-26,HOU,SAS,106,109,A,Cam Whitmore,10,3
2024-10-26,HOU,SAS,106,109,A,Zach Collins,4,8
2024-10-26,HOU,SAS,106,109,A,Alperen Sengun,6,5
2024-10-26,HOU,SAS,106,109,A,Chris Paul,3,0
2024-10-26,HOU,SAS,106,109,A,Stephon Castle,8,1
2024-10-26,HOU,SAS,106,109,A,Jabari Smith,7,7
2024-10-26,HOU,SAS,106,109,A,Blake Wesley,2,1
2024-10-26,HOU,SAS,106,109,A,Amen Thompson,1,4
2024-10-26,HOU,SAS,106,109,A,Reed Sheppard,0,1
2024-10-26,MEM,ORL,124,111,H,Santi Aldama,22,7
2024-10-26,MEM,ORL,124,111,H,Jalen Suggs,21,7
2024-10-26,MEM,ORL,124,111,H,Jay Huff,18,2
2024-10-26,MEM,ORL,124,111,H,Scotty Pippen ,11,5
2024-10-26,MEM,ORL,124,111,H,Franz Wagner,23,7
2024-10-26,MEM,ORL,124,111,H,Ja Morant,16,2
2024-10-26,MEM,ORL,124,111,H,Desmond Bane,13,7
2024-10-26,MEM,ORL,124,111,H,Paolo Banchero,16,7
2024-10-26,MEM,ORL,124,111,H,Jett Howard,11,2
2024-10-26,MEM,ORL,124,111,H,Marcus Smart,9,0
2024-10-26,MEM,ORL,124,111,H,Jaren Jackson,13,4
2024-10-26,MEM,ORL,124,111,H,Anthony Black,10,1
2024-10-26,MEM,ORL,124,111,H,Jake LaRavia,3,7
2024-10-26,MEM,ORL,124,111,H,Jaylen Wells,7,2
2024-10-26,MEM,ORL,124,111,H,Moritz Wagner,9,3
2024-10-26,MEM,ORL,124,111,H,Brandon Clarke,5,5
2024-10-26,MEM,ORL,124,111,H,Caleb Houstan,6,0
2024-10-26,MEM,ORL,124,111,H,Zach Edey,7,1
2024-10-26,MEM,ORL,124,111,H,Goga Bitadze,2,1
2024-10-26,MEM,ORL,124,111,H,Cory Joseph,3,0
2024-10-26,MEM,ORL,124,111,H,Cole Anthony,4,0
2024-10-26,MEM,ORL,124,111,H,Wendell Carter,3,10
2024-10-26,MEM,ORL,124,111,H,Mac McClung,0,1
2024-10-26,MEM,ORL,124,111,H,Kentavious Caldwell-Pope,3,2
2024-10-26,MEM,ORL,124,111,H,Gary Harris,0,0
2024-10-26,MEM,ORL,124,111,H,Trevelin Queen,0,0
2024-10-26,MEM,ORL,124,111,H,Yuki Kawamura,0,0
2024-10-26,CHI,OKC,95,114,A,Jalen Williams,24,9
2024-10-26,CHI,OKC,95,114,A,Shai Gilgeous-Alexander,23,8
2024-10-26,CHI,OKC,95,114,A,Chet Holmgren,21,16
2024-10-26,CHI,OKC,95,114,A,Nikola Vučević,18,13
2024-10-26,CHI,OKC,95,114,A,Zach LaVine,22,9
2024-10-26,CHI,OKC,95,114,A,Cason Wallace,9,6
2024-10-26,CHI,OKC,95,114,A,Josh Giddey,14,7
2024-10-26,CHI,OKC,95,114,A,Julian Phillips,9,1
2024-10-26,CHI,OKC,95,114,A,Ousmane Dieng,6,6
2024-10-26,CHI,OKC,95,114,A,Luguentz Dort,7,2
2024-10-26,CHI,OKC,95,114,A,Isaiah Joe,6,1
2024-10-26,CHI,OKC,95,114,A,Alex Caruso,3,2
2024-10-26,CHI,OKC,95,114,A,Ajay Mitchell,4,1
2024-10-26,CHI,OKC,95,114,A,Aaron Wiggins,8,3
2024-10-26,CHI,OKC,95,114,A,Chris Duarte,3,0
2024-10-26,CHI,OKC,95,114,A,Adam Flagler,3,0
2024-10-26,CHI,OKC,95,114,A,Jalen Smith,4,6
2024-10-26,CHI,OKC,95,114,A,Patrick Williams,3,8
2024-10-26,CHI,OKC,95,114,A,Jevon Carter,0,0
2024-10-26,CHI,OKC,95,114,A,Talen Horton-Tucker,2,2
2024-10-26,CHI,OKC,95,114,A,Dalen Terry,2,0
2024-10-26,CHI,OKC,95,114,A,Coby White,9,4
2024-10-26,CHI,OKC,95,114,A,Matas Buzelis,3,1
2024-10-26,CHI,OKC,95,114,A,Dillon Jones,0,0
2024-10-26,CHI,OKC,95,114,A,Alex Ducas,0,0
2024-10-26,CHI,OKC,95,114,A,Lonzo Ball,3,5
2024-10-26,CHI,OKC,95,114,A,Ayo Dosunmu,3,5
2024-10-26,MIN,TOR,112,101,H,Gradey Dick,25,1
2024-10-26,MIN,TOR,112,101,H,Julius Randle,24,9
2024-10-26,MIN,TOR,112,101,H,Rudy Gobert,15,12
2024-10-26,MIN,TOR,112,101,H,Mike Conley,10,3
2024-10-26,MIN,TOR,112,101,H,Anthony Edwards,24,6
2024-10-26,MIN,TOR,112,101,H,Ochai Agbaji,19,2
2024-10-26,MIN,TOR,112,101,H,Scottie Barnes,20,8
2024-10-26,MIN,TOR,112,101,H,Jaden McDaniels,9,3
2024-10-26,MIN,TOR,112,101,H,Naz Reid,10,4
2024-10-26,MIN,TOR,112,101,H,Donte DiVincenzo,16,2
2024-10-26,MIN,TOR,112,101,H,Jamison Battle,9,6
2024-10-26,MIN,TOR,112,101,H,Jakob Poeltl,8,10
2024-10-26,MIN,TOR,112,101,H,Bruno Fernando,6,3
2024-10-26,MIN,TOR,112,101,H,Nickeil Alexander-Walker,4,1
2024-10-26,MIN,TOR,112,101,H,Jamal Shead,5,0
2024-10-26,MIN,TOR,112,101,H,Davion Mitchell,0,2
2024-10-26,MIN,TOR,112,101,H,Jonathan Mogbo,2,3
2024-10-26,MIN,TOR,112,101,H,Joe Ingles,0,1
2024-10-26,MIN,TOR,112,101,H,Chris Boucher,4,9
2024-10-26,MIN,TOR,112,101,H,D.J. Carton,3,2
2024-10-27,ATL,OKC,104,128,A,Shai Gilgeous-Alexander,35,11
2024-10-27,ATL,OKC,104,128,A,Chet Holmgren,25,9
2024-10-27,ATL,OKC,104,128,A,Jalen Williams,20,9
2024-10-27,ATL,OKC,104,128,A,Luguentz Dort,16,2
2024-10-27,ATL,OKC,104,128,A,David Roddy,10,5
2024-10-27,ATL,OKC,104,128,A,Trae Young,24,1
2024-10-27,ATL,OKC,104,128,A,Zaccharie Risacher,13,6
2024-10-27,ATL,OKC,104,128,A,Garrison Mathews,14,2
2024-10-27,ATL,OKC,104,128,A,Onyeka Okongwu,14,3
2024-10-27,ATL,OKC,104,128,A,Clint Capela,6,10
2024-10-27,ATL,OKC,104,128,A,Aaron Wiggins,9,1
2024-10-27,ATL,OKC,104,128,A,Dyson Daniels,7,8
2024-10-27,ATL,OKC,104,128,A,Cason Wallace,5,4
2024-10-27,ATL,OKC,104,128,A,Alex Caruso,2,2
2024-10-27,ATL,OKC,104,128,A,Ousmane Dieng,5,1
2024-10-27,ATL,OKC,104,128,A,Adam Flagler,3,1
2024-10-27,ATL,OKC,104,128,A,Ajay Mitchell,0,3
2024-10-27,ATL,OKC,104,128,A,Alex Reese,2,1
2024-10-27,ATL,OKC,104,128,A,Vit Krejci,5,4
2024-10-27,ATL,OKC,104,128,A,Keaton Wallace,2,1
2024-10-27,ATL,OKC,104,128,A,Isaiah Joe,6,1
2024-10-27,ATL,OKC,104,128,A,Mouhamed Gueye,2,0
2024-10-27,ATL,OKC,104,128,A,Dillon Jones,0,0
2024-10-27,ATL,OKC,104,128,A,Alex Ducas,0,0
2024-10-27,ATL,OKC,104,128,A,Jalen Johnson,7,9
2024-10-27,IND,PHI,114,118,A,Tyrese Maxey,45,4
2024-10-27,IND,PHI,114,118,A,Pascal Siakam,17,5
2024-10-27,IND,PHI,114,118,A,Obi Toppin,15,4
2024-10-27,IND,PHI,114,118,A,Tyrese Haliburton,22,4
2024-10-27,IND,PHI,114,118,A,Andre Drummond,9,17
2024-10-27,IND,PHI,114,118,A,Eric Gordon,15,1
2024-10-27,IND,PHI,114,118,A,T.J. McConnell,10,5
2024-10-27,IND,PHI,114,118,A,KJ Martin,8,3
2024-10-27,IND,PHI,114,118,A,Aaron Nesmith,10,7
2024-10-27,IND,PHI,114,118,A,Caleb Martin,17,12
2024-10-27,IND,PHI,114,118,A,Ben Sheppard,6,2
2024-10-27,IND,PHI,114,118,A,Kyle Lowry,6,1
2024-10-27,IND,PHI,114,118,A,Andrew Nembhard,10,2
2024-10-27,IND,PHI,114,118,A,Myles Turner,14,4
2024-10-27,IND,PHI,114,118,A,Kelly Oubre,14,8
2024-10-27,IND,PHI,114,118,A,Guerschon Yabusele,0,6
2024-10-27,IND,PHI,114,118,A,Jarace Walker,3,1
2024-10-27,IND,PHI,114,118,A,Bennedict Mathurin,5,2
2024-10-27,IND,PHI,114,118,A,Jared McCain,4,2
2024-10-27,IND,PHI,114,118,A,Isaiah Jackson,2,1
2024-10-27,BRK,MIL,115,102,H,Dennis Schröder,29,4
2024-10-27,BRK,MIL,115,102,H,Cam Thomas,32,5
2024-10-27,BRK,MIL,115,102,H,Giannis Antetokounmpo,22,12
2024-10-27,BRK,MIL,115,102,H,Bobby Portis,16,10
2024-10-27,BRK,MIL,115,102,H,Damian Lillard,21,4
2024-10-27,BRK,MIL,115,102,H,Brook Lopez,15,4
2024-10-27,BRK,MIL,115,102,H,Nic Claxton,10,11
2024-10-27,BRK,MIL,115,102,H,Cameron Johnson,13,6
2024-10-27,BRK,MIL,115,102,H,Noah Clowney,13,4
2024-10-27,BRK,MIL,115,102,H,Ziaire Williams,7,4
2024-10-27,BRK,MIL,115,102,H,Ben Simmons,2,6
2024-10-27,BRK,MIL,115,102,H,Taurean Prince,3,7
2024-10-27,BRK,MIL,115,102,H,Jalen Wilson,2,1
2024-10-27,BRK,MIL,115,102,H,A.J. Green,5,0
2024-10-27,BRK,MIL,115,102,H,Andre Jackson,0,0
2024-10-27,BRK,MIL,115,102,H,Jaylen Martin,3,0
2024-10-27,BRK,MIL,115,102,H,Tyler Smith,2,1
2024-10-27,BRK,MIL,115,102,H,AJ Johnson,2,0
2024-10-27,BRK,MIL,115,102,H,Gary Trent,9,0
2024-10-27,BRK,MIL,115,102,H,Pat Connaughton,3,3
2024-10-27,BRK,MIL,115,102,H,Dorian Finney-Smith,3,3
2024-10-27,BRK,MIL,115,102,H,Shake Milton,0,0
2024-10-27,BRK,MIL,115,102,H,Yongxi Cui,1,0
2024-10-27,BRK,MIL,115,102,H,MarJon Beauchamp,4,0
2024-10-27,BRK,MIL,115,102,H,Delon Wright,0,2
2024-10-27,BRK,MIL,115,102,H,Dariq Miller-Whitehead,0,1
2024-10-27,BRK,MIL,115,102,H,Keon Johnson,0,2
2024-10-27,GSW,LAC,104,112,A,Ivica Zubac,23,18
2024-10-27,GSW,LAC,104,112,A,Andrew Wiggins,29,3
2024-10-27,GSW,LAC,104,112,A,James Harden,23,7
2024-10-27,GSW,LAC,104,112,A,Derrick Jones,18,4
2024-10-27,GSW,LAC,104,112,A,Stephen Curry,18,4
2024-10-27,GSW,LAC,104,112,A,Kevon Looney,10,11
2024-10-27,GSW,LAC,104,112,A,Norman Powell,20,1
2024-10-27,GSW,LAC,104,112,A,Kris Dunn,6,9
2024-10-27,GSW,LAC,104,112,A,Jonathan Kuminga,12,5
2024-10-27,GSW,LAC,104,112,A,Amir Coffey,8,3
2024-10-27,GSW,LAC,104,112,A,De'Anthony Melton,8,1
2024-10-27,GSW,LAC,104,112,A,Gary Payton,6,3
2024-10-27,GSW,LAC,104,112,A,Nicolas Batum,5,4
2024-10-27,GSW,LAC,104,112,A,Kevin Porter,7,0
2024-10-27,GSW,LAC,104,112,A,Trayce Jackson-Davis,4,1
2024-10-27,GSW,LAC,104,112,A,Brandin Podziemski,4,5
2024-10-27,GSW,LAC,104,112,A,Lindy Waters,0,0
2024-10-27,GSW,LAC,104,112,A,Draymond Green,2,5
2024-10-27,GSW,LAC,104,112,A,Kai Jones,0,1
2024-10-27,GSW,LAC,104,112,A,Kyle Anderson,0,1
2024-10-27,GSW,LAC,104,112,A,Buddy Hield,8,6
2024-10-27,GSW,LAC,104,112,A,Moses Moody,3,2
2024-10-27,GSW,LAC,104,112,A,Terance Mann,2,1
2024-10-27,NOP,POR,103,125,A,Anfernee Simons,27,2
2024-10-27,NOP,POR,103,125,A,Jerami Grant,28,5
2024-10-27,NOP,POR,103,125,A,CJ McCollum,27,4
2024-10-27,NOP,POR,103,125,A,Deandre Ayton,17,12
2024-10-27,NOP,POR,103,125,A,Toumani Camara,12,3
2024-10-27,NOP,POR,103,125,A,Jordan Hawkins,17,7
2024-10-27,NOP,POR,103,125,A,Donovan Clingan,9,9
2024-10-27,NOP,POR,103,125,A,Brandon Ingram,14,8
2024-10-27,NOP,POR,103,125,A,Herbert Jones,12,2
2024-10-27,NOP,POR,103,125,A,Deni Avdija,11,6
2024-10-27,NOP,POR,103,125,A,Yves Missi,5,3
2024-10-27,NOP,POR,103,125,A,Javonte Green,7,3
2024-10-27,NOP,POR,103,125,A,Zion Williamson,14,3
2024-10-27,NOP,POR,103,125,A,Jose Alvarado,3,1
2024-10-27,NOP,POR,103,125,A,Daniel Theis,2,4
2024-10-27,NOP,POR,103,125,A,Jabari Walker,7,5
2024-10-27,NOP,POR,103,125,A,Rayan Rupert,0,2
2024-10-27,NOP,POR,103,125,A,Scoot Henderson,9,5
2024-10-27,NOP,POR,103,125,A,Kris Murray,5,1
2024-10-27,NOP,POR,103,125,A,Dalano Banton,0,1
2024-10-27,NOP,POR,103,125,A,Karlo Matković,2,3
2024-10-27,NOP,POR,103,125,A,Jeremiah Robinson-Earl,0,0
2024-10-27,NOP,POR,103,125,A,Duop Reath,0,0
2024-10-27,NOP,POR,103,125,A,Antonio Reeves,0,1
2024-10-28,IND,ORL,115,119,A,Paolo Banchero,50,13
2024-10-28,IND,ORL,115,119,A,Jalen Suggs,25,5
2024-10-28,IND,ORL,115,119,A,Pascal Siakam,26,9
2024-10-28,IND,ORL,115,119,A,Tyrese Haliburton,19,9
2024-10-28,IND,ORL,115,119,A,Wendell Carter,11,10
2024-10-28,IND,ORL,115,119,A,Andrew Nembhard,13,3
2024-10-28,IND,ORL,115,119,A,Obi Toppin,14,2
2024-10-28,IND,ORL,115,119,A,Isaiah Jackson,7,9
2024-10-28,IND,ORL,115,119,A,Moritz Wagner,14,4
2024-10-28,IND,ORL,115,119,A,Myles Turner,13,5
2024-10-28,IND,ORL,115,119,A,Franz Wagner,7,1
2024-10-28,IND,ORL,115,119,A,Anthony Black,8,3
2024-10-28,IND,ORL,115,119,A,Ben Sheppard,8,1
2024-10-28,IND,ORL,115,119,A,Aaron Nesmith,10,4
2024-10-28,IND,ORL,115,119,A,Bennedict Mathurin,5,2
2024-10-28,IND,ORL,115,119,A,Kentavious Caldwell-Pope,4,0
2024-10-28,IND,ORL,115,119,A,Jett Howard,0,2
2024-10-28,IND,ORL,115,119,A,Jarace Walker,0,0
2024-10-28,IND,ORL,115,119,A,Gary Harris,0,3
2024-10-28,IND,ORL,115,119,A,Cole Anthony,0,5
2024-10-28,IND,ORL,115,119,A,T.J. McConnell,0,0
2024-10-28,DEN,TOR,127,125,H,Nikola Jokić,40,10
2024-10-28,DEN,TOR,127,125,H,Scottie Barnes,21,12
2024-10-28,DEN,TOR,127,125,H,Aaron Gordon,16,11
2024-10-28,DEN,TOR,127,125,H,Jakob Poeltl,16,19
2024-10-28,DEN,TOR,127,125,H,Christian Braun,17,4
2024-10-28,DEN,TOR,127,125,H,Jamal Murray,17,9
2024-10-28,DEN,TOR,127,125,H,Ochai Agbaji,15,7
2024-10-28,DEN,TOR,127,125,H,Gradey Dick,15,1
2024-10-28,DEN,TOR,127,125,H,Davion Mitchell,16,2
2024-10-28,DEN,TOR,127,125,H,Michael Porter,13,9
2024-10-28,DEN,TOR,127,125,H,RJ Barrett,20,5
2024-10-28,DEN,TOR,127,125,H,Jamal Shead,8,1
2024-10-28,DEN,TOR,127,125,H,Julian Strawther,9,2
2024-10-28,DEN,TOR,127,125,H,Russell Westbrook,9,4
2024-10-28,DEN,TOR,127,125,H,Jonathan Mogbo,6,3
2024-10-28,DEN,TOR,127,125,H,Peyton Watson,6,2
2024-10-28,DEN,TOR,127,125,H,Jamison Battle,4,1
2024-10-28,DEN,TOR,127,125,H,Chris Boucher,4,3
2024-10-28,DEN,TOR,127,125,H,D.J. Carton,0,0
2024-10-28,DEN,TOR,127,125,H,Dario Šarić,0,1
2024-10-28,BOS,MIL,119,108,H,Damian Lillard,33,7
2024-10-28,BOS,MIL,119,108,H,Payton Pritchard,28,5
2024-10-28,BOS,MIL,119,108,H,Jaylen Brown,30,6
2024-10-28,BOS,MIL,119,108,H,Jrue Holiday,21,4
2024-10-28,BOS,MIL,119,108,H,Giannis Antetokounmpo,30,10
2024-10-28,BOS,MIL,119,108,H,Derrick White,13,3
2024-10-28,BOS,MIL,119,108,H,Brook Lopez,13,6
2024-10-28,BOS,MIL,119,108,H,Al Horford,10,5
2024-10-28,BOS,MIL,119,108,H,Jayson Tatum,15,8
2024-10-28,BOS,MIL,119,108,H,Gary Trent,10,3
2024-10-28,BOS,MIL,119,108,H,Pat Connaughton,5,2
2024-10-28,BOS,MIL,119,108,H,Andre Jackson,4,3
2024-10-28,BOS,MIL,119,108,H,A.J. Green,3,1
2024-10-28,BOS,MIL,119,108,H,Luke Kornet,0,1
2024-10-28,BOS,MIL,119,108,H,MarJon Beauchamp,3,0
2024-10-28,BOS,MIL,119,108,H,Jordan Walsh,2,3
2024-10-28,BOS,MIL,119,108,H,Baylor Scheierman,0,0
2024-10-28,BOS,MIL,119,108,H,Delon Wright,0,0
2024-10-28,BOS,MIL,119,108,H,Ryan Rollins,0,0
2024-10-28,BOS,MIL,119,108,H,Tyler Smith,0,1
2024-10-28,BOS,MIL,119,108,H,Taurean Prince,3,4
2024-10-28,BOS,MIL,119,108,H,Drew Peterson,0,0
2024-10-28,BOS,MIL,119,108,H,Neemias Queta,0,0
2024-10-28,BOS,MIL,119,108,H,Bobby Portis,4,6
2024-10-28,BOS,MIL,119,108,H,Jaden Springer,0,0
2024-10-28,BOS,MIL,119,108,H,Xavier Tillman,0,3
2024-10-28,CLE,NYK,110,104,H,Darius Garland,34,3
2024-10-28,CLE,NYK,110,104,H,Jarrett Allen,15,15
2024-10-28,CLE,NYK,110,104,H,Mikal Bridges,19,6
2024-10-28,CLE,NYK,110,104,H,Donovan Mitchell,25,2
2024-10-28,CLE,NYK,110,104,H,Josh Hart,16,13
2024-10-28,CLE,NYK,110,104,H,Evan Mobley,17,8
2024-10-28,CLE,NYK,110,104,H,Jalen Brunson,21,3
2024-10-28,CLE,NYK,110,104,H,Miles McBride,14,3
2024-10-28,CLE,NYK,110,104,H,OG Anunoby,15,2
2024-10-28,CLE,NYK,110,104,H,Karl-Anthony Towns,13,10
2024-10-28,CLE,NYK,110,104,H,Caris LeVert,5,4
2024-10-28,CLE,NYK,110,104,H,Sam Merrill,6,2
2024-10-28,CLE,NYK,110,104,H,Georges Niang,5,4
2024-10-28,CLE,NYK,110,104,H,Cameron Payne,6,3
2024-10-28,CLE,NYK,110,104,H,Dean Wade,1,3
2024-10-28,CLE,NYK,110,104,H,Isaac Okoro,0,0
2024-10-28,CLE,NYK,110,104,H,Jericho Sims,0,1
2024-10-28,CLE,NYK,110,104,H,Ty Jerome,2,0
2024-10-28,CLE,NYK,110,104,H,Ariel Hukporti,0,2
2024-10-28,ATL,WAS,119,121,A,Jalen Johnson,29,12
2024-10-28,ATL,WAS,119,121,A,Jordan Poole,26,1
2024-10-28,ATL,WAS,119,121,A,Kyle Kuzma,25,11
2024-10-28,ATL,WAS,119,121,A,Larry Nance,15,3
2024-10-28,ATL,WAS,119,121,A,Clint Capela,16,4
2024-10-28,ATL,WAS,119,121,A,Corey Kispert,21,4
2024-10-28,ATL,WAS,119,121,A,David Roddy,9,6
2024-10-28,ATL,WAS,119,121,A,Carlton Carrington,13,3
2024-10-28,ATL,WAS,119,121,A,Bilal Coulibaly,17,2
2024-10-28,ATL,WAS,119,121,A,Dyson Daniels,11,3
2024-10-28,ATL,WAS,119,121,A,Trae Young,14,8
2024-10-28,ATL,WAS,119,121,A,Garrison Mathews,14,0
2024-10-28,ATL,WAS,119,121,A,Jonas Valančiūnas,7,9
2024-10-28,ATL,WAS,119,121,A,Alex Sarr,7,9
2024-10-28,ATL,WAS,119,121,A,Vit Krejci,7,0
2024-10-28,ATL,WAS,119,121,A,Marvin Bagley,2,2
2024-10-28,ATL,WAS,119,121,A,Kyshawn George,3,2
2024-10-28,ATL,WAS,119,121,A,Zaccharie Risacher,4,3
2024-10-28,ATL,WAS,119,121,A,Keaton Wallace,0,0
2024-10-28,DET,MIA,98,106,A,Jimmy Butler,23,4
2024-10-28,DET,MIA,98,106,A,Cade Cunningham,24,8
2024-10-28,DET,MIA,98,106,A,Bam Adebayo,12,10
2024-10-28,DET,MIA,98,106,A,Jalen Duren,10,11
2024-10-28,DET,MIA,98,106,A,Tim Hardaway,20,0
2024-10-28,DET,MIA,98,106,A,Terry Rozier,20,5
2024-10-28,DET,MIA,98,106,A,Jaime Jaquez,12,9
2024-10-28,DET,MIA,98,106,A,Tyler Herro,19,4
2024-10-28,DET,MIA,98,106,A,Jaden Ivey,18,4
2024-10-28,DET,MIA,98,106,A,Tobias Harris,9,10
2024-10-28,DET,MIA,98,106,A,Haywood Highsmith,4,4
2024-10-28,DET,MIA,98,106,A,Isaiah Stewart,2,15
2024-10-28,DET,MIA,98,106,A,Simone Fontecchio,6,4
2024-10-28,DET,MIA,98,106,A,Nikola Jović,6,4
2024-10-28,DET,MIA,98,106,A,Ron Holland,6,2
2024-10-28,DET,MIA,98,106,A,Thomas Bryant,4,2
2024-10-28,DET,MIA,98,106,A,Alec Burks,0,1
2024-10-28,DET,MIA,98,106,A,Duncan Robinson,6,1
2024-10-28,DET,MIA,98,106,A,Malik Beasley,3,0
2024-10-28,LAL,PHO,105,109,A,Kevin Durant,30,8
2024-10-28,LAL,PHO,105,109,A,Anthony Davis,29,15
2024-10-28,LAL,PHO,105,109,A,Devin Booker,33,3
2024-10-28,LAL,PHO,105,109,A,Austin Reaves,23,8
2024-10-28,LAL,PHO,105,109,A,Rui Hachimura,20,10
2024-10-28,LAL,PHO,105,109,A,Royce O'Neale,12,9
2024-10-28,LAL,PHO,105,109,A,Bradley Beal,15,3
2024-10-28,LAL,PHO,105,109,A,Tyus Jones,7,6
2024-10-28,LAL,PHO,105,109,A,D'Angelo Russell,14,1
2024-10-28,LAL,PHO,105,109,A,LeBron James,11,5
2024-10-28,LAL,PHO,105,109,A,Ryan Dunn,7,1
2024-10-28,LAL,PHO,105,109,A,Mason Plumlee,0,10
2024-10-28,LAL,PHO,105,109,A,Max Christie,5,2
2024-10-28,LAL,PHO,105,109,A,Grayson Allen,3,2
2024-10-28,LAL,PHO,105,109,A,Gabe Vincent,3,0
2024-10-28,LAL,PHO,105,109,A,Monte Morris,0,0
2024-10-28,LAL,PHO,105,109,A,Dalton Knecht,0,1
2024-10-28,LAL,PHO,105,109,A,Jaxson Hayes,0,4
2024-10-28,LAL,PHO,105,109,A,Jusuf Nurkić,2,4
2024-10-28,CHI,MEM,126,123,H,Desmond Bane,30,7
2024-10-28,CHI,MEM,126,123,H,Zach LaVine,30,3
2024-10-28,CHI,MEM,126,123,H,Nikola Vučević,22,7
2024-10-28,CHI,MEM,126,123,H,Jake LaRavia,17,9
2024-10-28,CHI,MEM,126,123,H,Josh Giddey,12,13
2024-10-28,CHI,MEM,126,123,H,Coby White,20,2
2024-10-28,CHI,MEM,126,123,H,Jalen Smith,16,7
2024-10-28,CHI,MEM,126,123,H,Scotty Pippen ,14,4
2024-10-28,CHI,MEM,126,123,H,Santi Aldama,11,13
2024-10-28,CHI,MEM,126,123,H,Jaren Jackson,19,6
2024-10-28,CHI,MEM,126,123,H,Ayo Dosunmu,10,8
2024-10-28,CHI,MEM,126,123,H,Lonzo Ball,6,1
2024-10-28,CHI,MEM,126,123,H,Jay Huff,10,2
2024-10-28,CHI,MEM,126,123,H,Jaylen Wells,11,6
2024-10-28,CHI,MEM,126,123,H,Zach Edey,6,5
2024-10-28,CHI,MEM,126,123,H,Brandon Clarke,4,4
2024-10-28,CHI,MEM,126,123,H,Julian Phillips,5,3
2024-10-28,CHI,MEM,126,123,H,Patrick Williams,5,6
2024-10-28,CHI,MEM,126,123,H,Marcus Smart,1,4
2024-10-28,CHI,MEM,126,123,H,Dalen Terry,0,0
2024-10-28,CHI,MEM,126,123,H,Matas Buzelis,0,0
2024-10-28,HOU,SAS,106,101,H,Jalen Green,36,1
2024-10-28,HOU,SAS,106,101,H,Jeremy Sochan,22,9
2024-10-28,HOU,SAS,106,101,H,Victor Wembanyama,14,20
2024-10-28,HOU,SAS,106,101,H,Jabari Smith,17,8
2024-10-28,HOU,SAS,106,101,H,Zach Collins,11,3
2024-10-28,HOU,SAS,106,101,H,Chris Paul,16,1
2024-10-28,HOU,SAS,106,101,H,Fred VanVleet,11,3
2024-10-28,HOU,SAS,106,101,H,Alperen Sengun,12,12
2024-10-28,HOU,SAS,106,101,H,Malaki Branham,15,0
2024-10-28,HOU,SAS,106,101,H,Tari Eason,6,5
2024-10-28,HOU,SAS,106,101,H,Julian Champagnie,5,5
2024-10-28,HOU,SAS,106,101,H,Blake Wesley,6,2
2024-10-28,HOU,SAS,106,101,H,Steven Adams,6,3
2024-10-28,HOU,SAS,106,101,H,Dillon Brooks,7,7
2024-10-28,HOU,SAS,106,101,H,Amen Thompson,7,3
2024-10-28,HOU,SAS,106,101,H,Stephon Castle,4,1
2024-10-28,HOU,SAS,106,101,H,Cam Whitmore,4,1
2024-10-28,HOU,SAS,106,101,H,Reed Sheppard,0,0
2024-10-28,HOU,SAS,106,101,H,Keldon Johnson,6,5
2024-10-28,HOU,SAS,106,101,H,Harrison Barnes,2,3
2024-10-28,DAL,UTA,110,102,H,Kyrie Irving,23,6
2024-10-28,DAL,UTA,110,102,H,Collin Sexton,23,4
2024-10-28,DAL,UTA,110,102,H,Dereck Lively,14,4
2024-10-28,DAL,UTA,110,102,H,Walker Kessler,12,11
2024-10-28,DAL,UTA,110,102,H,P.J. Washington,12,11
2024-10-28,DAL,UTA,110,102,H,Lauri Markkanen,17,9
2024-10-28,DAL,UTA,110,102,H,Klay Thompson,18,4
2024-10-28,DAL,UTA,110,102,H,John Collins,16,6
2024-10-28,DAL,UTA,110,102,H,Daniel Gafford,9,7
2024-10-28,DAL,UTA,110,102,H,Keyonte George,17,5
2024-10-28,DAL,UTA,110,102,H,Luka Dončić,15,9
2024-10-28,DAL,UTA,110,102,H,Spencer Dinwiddie,11,0
2024-10-28,DAL,UTA,110,102,H,Jordan Clarkson,13,5
2024-10-28,DAL,UTA,110,102,H,Naji Marshall,4,6
2024-10-28,DAL,UTA,110,102,H,Quentin Grimes,4,3
2024-10-28,DAL,UTA,110,102,H,Taylor Hendricks,2,3
2024-10-28,DAL,UTA,110,102,H,Brice Sensabaugh,0,2
2024-10-28,DAL,UTA,110,102,H,Patty Mills,0,0
2024-10-28,DAL,UTA,110,102,H,Cody Williams,2,4
2024-10-28,DAL,UTA,110,102,H,Kyle Filipowski,0,1
2024-10-28,DAL,UTA,110,102,H,Kessler Edwards,0,0
2024-10-28,DAL,UTA,110,102,H,Dwight Powell,0,0
2024-10-28,DAL,UTA,110,102,H,Olivier-Maxence Prosper,0,0
2024-10-28,DAL,UTA,110,102,H,Brandon Williams,0,0
2024-10-28,DAL,UTA,110,102,H,Jaden Hardy,0,0
2024-10-28,POR,SAC,98,111,A,DeMar DeRozan,23,4
2024-10-28,POR,SAC,98,111,A,Domantas Sabonis,16,13
2024-10-28,POR,SAC,98,111,A,Kevin Huerter,18,1
2024-10-28,POR,SAC,98,111,A,Deandre Ayton,20,11
2024-10-28,POR,SAC,98,111,A,De'Aaron Fox,24,6
2024-10-28,POR,SAC,98,111,A,Jabari Walker,15,6
2024-10-28,POR,SAC,98,111,A,Scoot Henderson,18,4
2024-10-28,POR,SAC,98,111,A,Malik Monk,12,4
2024-10-28,POR,SAC,98,111,A,Deni Avdija,9,4
2024-10-28,POR,SAC,98,111,A,Doug McDermott,6,0
2024-10-28,POR,SAC,98,111,A,Kris Murray,7,2
2024-10-28,POR,SAC,98,111,A,Rayan Rupert,4,1
2024-10-28,POR,SAC,98,111,A,Donovan Clingan,2,6
2024-10-28,POR,SAC,98,111,A,Toumani Camara,2,2
2024-10-28,POR,SAC,98,111,A,Keegan Murray,6,8
2024-10-28,POR,SAC,98,111,A,Alex Len,0,1
2024-10-28,POR,SAC,98,111,A,Jerami Grant,7,8
2024-10-28,POR,SAC,98,111,A,Anfernee Simons,12,1
2024-10-28,POR,SAC,98,111,A,Keon Ellis,3,3
2024-10-28,POR,SAC,98,111,A,Duop Reath,0,1
2024-10-28,POR,SAC,98,111,A,Trey Lyles,3,0
2024-10-28,POR,SAC,98,111,A,Colby Jones,0,0
2024-10-28,POR,SAC,98,111,A,Isaac Jones,0,0
2024-10-28,POR,SAC,98,111,A,Dalano Banton,2,0
2024-10-28,POR,SAC,98,111,A,Jordan McLaughlin,0,0
2024-10-29,BRK,DEN,139,144,A,Nikola Jokić,29,18
2024-10-29,BRK,DEN,139,144,A,Dennis Schröder,28,0
2024-10-29,BRK,DEN,139,144,A,Aaron Gordon,24,5
2024-10-29,BRK,DEN,139,144,A,Cameron Johnson,20,7
2024-10-29,BRK,DEN,139,144,A,Russell Westbrook,22,1
2024-10-29,BRK,DEN,139,144,A,Nic Claxton,16,12
2024-10-29,BRK,DEN,139,144,A,Ziaire Williams,18,3
2024-10-29,BRK,DEN,139,144,A,Jamal Murray,24,3
2024-10-29,BRK,DEN,139,144,A,Michael Porter,16,5
2024-10-29,BRK,DEN,139,144,A,Cam Thomas,26,3
2024-10-29,BRK,DEN,139,144,A,Dorian Finney-Smith,17,5
2024-10-29,BRK,DEN,139,144,A,Jalen Wilson,11,6
2024-10-29,BRK,DEN,139,144,A,Christian Braun,12,3
2024-10-29,BRK,DEN,139,144,A,Julian Strawther,7,4
2024-10-29,BRK,DEN,139,144,A,Peyton Watson,7,2
2024-10-29,BRK,DEN,139,144,A,Dario Šarić,3,2
2024-10-29,BRK,DEN,139,144,A,Shake Milton,3,1
2024-10-29,BRK,DEN,139,144,A,Noah Clowney,0,3
2024-10-29,BRK,DEN,139,144,A,Keon Johnson,0,1
2024-10-29,DAL,MIN,120,114,H,Kyrie Irving,35,4
2024-10-29,DAL,MIN,120,114,H,Anthony Edwards,37,6
2024-10-29,DAL,MIN,120,114,H,Julius Randle,20,7
2024-10-29,DAL,MIN,120,114,H,P.J. Washington,17,8
2024-10-29,DAL,MIN,120,114,H,Daniel Gafford,14,4
2024-10-29,DAL,MIN,120,114,H,Luka Dončić,24,8
2024-10-29,DAL,MIN,120,114,H,Jaden McDaniels,13,4
2024-10-29,DAL,MIN,120,114,H,Naz Reid,14,9
2024-10-29,DAL,MIN,120,114,H,Nickeil Alexander-Walker,11,2
2024-10-29,DAL,MIN,120,114,H,Dereck Lively,5,9
2024-10-29,DAL,MIN,120,114,H,Mike Conley,9,4
2024-10-29,DAL,MIN,120,114,H,Naji Marshall,4,3
2024-10-29,DAL,MIN,120,114,H,Quentin Grimes,9,1
2024-10-29,DAL,MIN,120,114,H,Rudy Gobert,7,8
2024-10-29,DAL,MIN,120,114,H,Donte DiVincenzo,3,2
2024-10-29,DAL,MIN,120,114,H,Klay Thompson,7,0
2024-10-29,DAL,MIN,120,114,H,Jaden Hardy,2,1
2024-10-29,DAL,MIN,120,114,H,Spencer Dinwiddie,3,2
2024-10-29,DAL,MIN,120,114,H,Joe Ingles,0,0
2024-10-29,SAC,UTA,113,96,H,Domantas Sabonis,28,11
2024-10-29,SAC,UTA,113,96,H,DeMar DeRozan,20,4
2024-10-29,SAC,UTA,113,96,H,De'Aaron Fox,19,5
2024-10-29,SAC,UTA,113,96,H,Jordan Clarkson,21,5
2024-10-29,SAC,UTA,113,96,H,Kevin Huerter,14,5
2024-10-29,SAC,UTA,113,96,H,John Collins,18,7
2024-10-29,SAC,UTA,113,96,H,Kyle Filipowski,12,8
2024-10-29,SAC,UTA,113,96,H,Keegan Murray,14,5
2024-10-29,SAC,UTA,113,96,H,Walker Kessler,4,8
2024-10-29,SAC,UTA,113,96,H,Brice Sensabaugh,11,3
2024-10-29,SAC,UTA,113,96,H,Cody Williams,9,0
2024-10-29,SAC,UTA,113,96,H,Keon Ellis,5,4
2024-10-29,SAC,UTA,113,96,H,Keyonte George,10,4
2024-10-29,SAC,UTA,113,96,H,Trey Lyles,2,7
2024-10-29,SAC,UTA,113,96,H,Lauri Markkanen,7,3
2024-10-29,SAC,UTA,113,96,H,Alex Len,2,4
2024-10-29,SAC,UTA,113,96,H,Malik Monk,7,4
2024-10-29,SAC,UTA,113,96,H,Patty Mills,0,1
2024-10-29,SAC,UTA,113,96,H,Drew Eubanks,0,1
2024-10-29,SAC,UTA,113,96,H,Jordan McLaughlin,0,0
2024-10-29,SAC,UTA,113,96,H,Colby Jones,0,0
2024-10-29,SAC,UTA,113,96,H,Doug McDermott,2,0
2024-10-29,SAC,UTA,113,96,H,Johnny Juzang,0,0
2024-10-29,SAC,UTA,113,96,H,Isaac Jones,0,0
2024-10-29,SAC,UTA,113,96,H,Collin Sexton,4,2
2024-10-29,GSW,NOP,124,106,H,Brandon Ingram,30,4
2024-10-29,GSW,NOP,124,106,H,Lindy Waters,21,8
2024-10-29,GSW,NOP,124,106,H,Buddy Hield,28,1
2024-10-29,GSW,NOP,124,106,H,Zion Williamson,31,8
2024-10-29,GSW,NOP,124,106,H,Brandin Podziemski,19,3
2024-10-29,GSW,NOP,124,106,H,Jonathan Kuminga,17,3
2024-10-29,GSW,NOP,124,106,H,Moses Moody,17,2
2024-10-29,GSW,NOP,124,106,H,Yves Missi,9,7
2024-10-29,GSW,NOP,124,106,H,Draymond Green,3,3
2024-10-29,GSW,NOP,124,106,H,Kevon Looney,4,9
2024-10-29,GSW,NOP,124,106,H,Trayce Jackson-Davis,3,2
2024-10-29,GSW,NOP,124,106,H,Jose Alvarado,6,0
2024-10-29,GSW,NOP,124,106,H,Daniel Theis,5,7
2024-10-29,GSW,NOP,124,106,H,Javonte Green,3,6
2024-10-29,GSW,NOP,124,106,H,Gary Payton,7,1
2024-10-29,GSW,NOP,124,106,H,Herbert Jones,5,3
2024-10-29,GSW,NOP,124,106,H,Jeremiah Robinson-Earl,5,1
2024-10-29,GSW,NOP,124,106,H,CJ McCollum,5,6
2024-10-29,GSW,NOP,124,106,H,Jamal Cain,3,0
2024-10-29,GSW,NOP,124,106,H,Pat Spencer,4,0
2024-10-29,GSW,NOP,124,106,H,Kyle Anderson,1,2
2024-10-29,GSW,NOP,124,106,H,Reece Beekman,0,0
2024-10-29,GSW,NOP,124,106,H,Brandon Boston,0,0
2024-10-29,GSW,NOP,124,106,H,Gui Santos,0,0
2024-10-29,GSW,NOP,124,106,H,Jordan Hawkins,4,2
2024-10-30,MIA,NYK,107,116,A,Karl-Anthony Towns,44,13
2024-10-30,MIA,NYK,107,116,A,Tyler Herro,34,5
2024-10-30,MIA,NYK,107,116,A,Jalen Brunson,22,2
2024-10-30,MIA,NYK,107,116,A,Josh Hart,10,14
2024-10-30,MIA,NYK,107,116,A,Mikal Bridges,17,3
2024-10-30,MIA,NYK,107,116,A,Terry Rozier,16,4
2024-10-30,MIA,NYK,107,116,A,Jimmy Butler,15,4
2024-10-30,MIA,NYK,107,116,A,Bam Adebayo,11,3
2024-10-30,MIA,NYK,107,116,A,Miles McBride,10,3
2024-10-30,MIA,NYK,107,116,A,Nikola Jović,10,6
2024-10-30,MIA,NYK,107,116,A,OG Anunoby,11,3
2024-10-30,MIA,NYK,107,116,A,Thomas Bryant,6,3
2024-10-30,MIA,NYK,107,116,A,Cameron Payne,0,1
2024-10-30,MIA,NYK,107,116,A,Jaime Jaquez,8,8
2024-10-30,MIA,NYK,107,116,A,Dru Smith,2,4
2024-10-30,MIA,NYK,107,116,A,Jericho Sims,2,3
2024-10-30,MIA,NYK,107,116,A,Duncan Robinson,5,2
2024-10-30,BRK,MEM,119,106,H,Dennis Schröder,33,2
2024-10-30,BRK,MEM,119,106,H,Jaren Jackson,30,4
2024-10-30,BRK,MEM,119,106,H,Brandon Clarke,13,3
2024-10-30,BRK,MEM,119,106,H,Ziaire Williams,17,1
2024-10-30,BRK,MEM,119,106,H,Cam Thomas,19,2
2024-10-30,BRK,MEM,119,106,H,Jalen Wilson,12,7
2024-10-30,BRK,MEM,119,106,H,Cameron Johnson,14,2
2024-10-30,BRK,MEM,119,106,H,Zach Edey,13,2
2024-10-30,BRK,MEM,119,106,H,Ja Morant,14,8
2024-10-30,BRK,MEM,119,106,H,Ben Simmons,8,5
2024-10-30,BRK,MEM,119,106,H,Keon Johnson,4,7
2024-10-30,BRK,MEM,119,106,H,Desmond Bane,10,6
2024-10-30,BRK,MEM,119,106,H,Dorian Finney-Smith,7,5
2024-10-30,BRK,MEM,119,106,H,Jaylen Wells,9,1
2024-10-30,BRK,MEM,119,106,H,John Konchar,3,3
2024-10-30,BRK,MEM,119,106,H,Scotty Pippen ,5,0
2024-10-30,BRK,MEM,119,106,H,Jay Huff,4,0
2024-10-30,BRK,MEM,119,106,H,Jake LaRavia,3,7
2024-10-30,BRK,MEM,119,106,H,Marcus Smart,0,1
2024-10-30,BRK,MEM,119,106,H,Shake Milton,0,1
2024-10-30,BRK,MEM,119,106,H,Santi Aldama,2,3
2024-10-30,BRK,MEM,119,106,H,Yongxi Cui,0,0
2024-10-30,BRK,MEM,119,106,H,Jaylen Martin,0,0
2024-10-30,BRK,MEM,119,106,H,Tyrese Martin,0,0
2024-10-30,BRK,MEM,119,106,H,Yuki Kawamura,0,0
2024-10-30,BRK,MEM,119,106,H,Noah Clowney,5,2
2024-10-30,ATL,WAS,120,133,A,Trae Young,35,4
2024-10-30,ATL,WAS,120,133,A,Bilal Coulibaly,27,9
2024-10-30,ATL,WAS,120,133,A,Jonas Valančiūnas,22,8
2024-10-30,ATL,WAS,120,133,A,Jalen Johnson,21,17
2024-10-30,ATL,WAS,120,133,A,Jordan Poole,24,3
2024-10-30,ATL,WAS,120,133,A,Carlton Carrington,16,6
2024-10-30,ATL,WAS,120,133,A,Zaccharie Risacher,17,6
2024-10-30,ATL,WAS,120,133,A,Kyshawn George,11,2
2024-10-30,ATL,WAS,120,133,A,Alex Sarr,11,5
2024-10-30,ATL,WAS,120,133,A,David Roddy,17,4
2024-10-30,ATL,WAS,120,133,A,Corey Kispert,16,1
2024-10-30,ATL,WAS,120,133,A,Keaton Wallace,8,1
2024-10-30,ATL,WAS,120,133,A,Clint Capela,12,5
2024-10-30,ATL,WAS,120,133,A,Garrison Mathews,6,1
2024-10-30,ATL,WAS,120,133,A,Jared Butler,2,2
2024-10-30,ATL,WAS,120,133,A,Larry Nance,2,0
2024-10-30,ATL,WAS,120,133,A,Marvin Bagley,2,1
2024-10-30,ATL,WAS,120,133,A,Onyeka Okongwu,2,3
2024-10-30,ATL,WAS,120,133,A,Patrick Baldwin,2,0
2024-10-30,ATL,WAS,120,133,A,Johnny Davis,0,0
2024-10-30,ATL,WAS,120,133,A,Anthony Gill,0,0
2024-10-30,CHO,TOR,138,133,H,Nick Richards,24,14
2024-10-30,CHO,TOR,138,133,H,RJ Barrett,31,4
2024-10-30,CHO,TOR,138,133,H,Cody Martin,25,4
2024-10-30,CHO,TOR,138,133,H,Jakob Poeltl,20,16
2024-10-30,CHO,TOR,138,133,H,Gradey Dick,30,2
2024-10-30,CHO,TOR,138,133,H,Tre Mann,27,1
2024-10-30,CHO,TOR,138,133,H,Grant Williams,17,2
2024-10-30,CHO,TOR,138,133,H,Jonathan Mogbo,11,4
2024-10-30,CHO,TOR,138,133,H,Jamal Shead,7,2
2024-10-30,CHO,TOR,138,133,H,Chris Boucher,13,4
2024-10-30,CHO,TOR,138,133,H,Davion Mitchell,11,2
2024-10-30,CHO,TOR,138,133,H,Josh Green,9,2
2024-10-30,CHO,TOR,138,133,H,Ochai Agbaji,10,3
2024-10-30,CHO,TOR,138,133,H,LaMelo Ball,19,3
2024-10-30,CHO,TOR,138,133,H,Tidjane Salaün ,3,3
2024-10-30,CHO,TOR,138,133,H,Seth Curry,7,2
2024-10-30,CHO,TOR,138,133,H,Moussa Diabaté,0,4
2024-10-30,CHO,TOR,138,133,H,Miles Bridges,7,3
2024-10-30,CHO,TOR,138,133,H,Bruno Fernando,0,1
2024-10-30,CHO,TOR,138,133,H,Jamison Battle,0,3
2024-10-30,BOS,IND,132,135,A,Jayson Tatum,37,8
2024-10-30,BOS,IND,132,135,A,Pascal Siakam,29,11
2024-10-30,BOS,IND,132,135,A,Bennedict Mathurin,30,11
2024-10-30,BOS,IND,132,135,A,Derrick White,23,3
2024-10-30,BOS,IND,132,135,A,Tyrese Haliburton,17,6
2024-10-30,BOS,IND,132,135,A,Obi Toppin,18,7
2024-10-30,BOS,IND,132,135,A,Payton Pritchard,16,4
2024-10-30,BOS,IND,132,135,A,Jaylen Brown,25,6
2024-10-30,BOS,IND,132,135,A,Luke Kornet,8,9
2024-10-30,BOS,IND,132,135,A,Isaiah Jackson,10,5
2024-10-30,BOS,IND,132,135,A,Aaron Nesmith,12,8
2024-10-30,BOS,IND,132,135,A,Ben Sheppard,7,6
2024-10-30,BOS,IND,132,135,A,Al Horford,8,4
2024-10-30,BOS,IND,132,135,A,Neemias Queta,2,9
2024-10-30,BOS,IND,132,135,A,T.J. McConnell,10,2
2024-10-30,BOS,IND,132,135,A,Sam Hauser,5,2
2024-10-30,BOS,IND,132,135,A,Jrue Holiday,8,3
2024-10-30,BOS,IND,132,135,A,Andrew Nembhard,2,0
2024-10-30,BOS,IND,132,135,A,Xavier Tillman,0,2
2024-10-30,BOS,IND,132,135,A,Jordan Walsh,0,1
2024-10-30,BOS,IND,132,135,A,Jarace Walker,0,1
2024-10-30,DET,PHI,105,95,H,Tyrese Maxey,32,3
2024-10-30,DET,PHI,105,95,H,Cade Cunningham,22,5
2024-10-30,DET,PHI,105,95,H,Jaden Ivey,23,3
2024-10-30,DET,PHI,105,95,H,Isaiah Stewart,7,11
2024-10-30,DET,PHI,105,95,H,Tim Hardaway,16,0
2024-10-30,DET,PHI,105,95,H,Tobias Harris,18,14
2024-10-30,DET,PHI,105,95,H,Jared McCain,12,3
2024-10-30,DET,PHI,105,95,H,Andre Drummond,9,11
2024-10-30,DET,PHI,105,95,H,Guerschon Yabusele,8,2
2024-10-30,DET,PHI,105,95,H,Malik Beasley,11,3
2024-10-30,DET,PHI,105,95,H,Kelly Oubre,13,7
2024-10-30,DET,PHI,105,95,H,Ron Holland,6,3
2024-10-30,DET,PHI,105,95,H,Kyle Lowry,3,3
2024-10-30,DET,PHI,105,95,H,KJ Martin,6,2
2024-10-30,DET,PHI,105,95,H,Simone Fontecchio,2,4
2024-10-30,DET,PHI,105,95,H,Eric Gordon,3,0
2024-10-30,DET,PHI,105,95,H,Ricky Council,2,1
2024-10-30,DET,PHI,105,95,H,Adem Bona,0,0
2024-10-30,DET,PHI,105,95,H,Caleb Martin,7,5
2024-10-30,DET,PHI,105,95,H,Jalen Duren,0,6
2024-10-30,CLE,LAL,134,110,H,Jarrett Allen,20,17
2024-10-30,CLE,LAL,134,110,H,Donovan Mitchell,24,3
2024-10-30,CLE,LAL,134,110,H,LeBron James,26,6
2024-10-30,CLE,LAL,134,110,H,Caris LeVert,16,0
2024-10-30,CLE,LAL,134,110,H,Evan Mobley,25,5
2024-10-30,CLE,LAL,134,110,H,Anthony Davis,22,13
2024-10-30,CLE,LAL,134,110,H,Ty Jerome,14,2
2024-10-30,CLE,LAL,134,110,H,Dalton Knecht,18,3
2024-10-30,CLE,LAL,134,110,H,D'Angelo Russell,10,3
2024-10-30,CLE,LAL,134,110,H,Darius Garland,12,0
2024-10-30,CLE,LAL,134,110,H,Jaxson Hayes,6,3
2024-10-30,CLE,LAL,134,110,H,Dean Wade,8,3
2024-10-30,CLE,LAL,134,110,H,Rui Hachimura,8,5
2024-10-30,CLE,LAL,134,110,H,Sam Merrill,3,0
2024-10-30,CLE,LAL,134,110,H,Max Christie,6,1
2024-10-30,CLE,LAL,134,110,H,Tristan Thompson,4,3
2024-10-30,CLE,LAL,134,110,H,Bronny James,2,0
2024-10-30,CLE,LAL,134,110,H,Georges Niang,5,2
2024-10-30,CLE,LAL,134,110,H,Austin Reaves,7,2
2024-10-30,CLE,LAL,134,110,H,Gabe Vincent,5,0
2024-10-30,CLE,LAL,134,110,H,Jaylon Tyson,0,1
2024-10-30,CLE,LAL,134,110,H,Isaac Okoro,3,0
2024-10-30,CLE,LAL,134,110,H,Cam Reddish,0,1
2024-10-30,LAC,POR,105,106,A,Norman Powell,30,5
2024-10-30,LAC,POR,105,106,A,Anfernee Simons,25,2
2024-10-30,LAC,POR,105,106,A,James Harden,19,5
2024-10-30,LAC,POR,105,106,A,Deandre Ayton,15,12
2024-10-30,LAC,POR,105,106,A,Deni Avdija,13,10
2024-10-30,LAC,POR,105,106,A,Scoot Henderson,14,3
2024-10-30,LAC,POR,105,106,A,Toumani Camara,12,1
2024-10-30,LAC,POR,105,106,A,Kai Jones,7,5
2024-10-30,LAC,POR,105,106,A,Kris Murray,5,8
2024-10-30,LAC,POR,105,106,A,Derrick Jones,9,8
2024-10-30,LAC,POR,105,106,A,Nicolas Batum,5,2
2024-10-30,LAC,POR,105,106,A,Ivica Zubac,6,12
2024-10-30,LAC,POR,105,106,A,Donovan Clingan,7,6
2024-10-30,LAC,POR,105,106,A,Kris Dunn,6,2
2024-10-30,LAC,POR,105,106,A,Rayan Rupert,7,1
2024-10-30,LAC,POR,105,106,A,Amir Coffey,9,0
2024-10-30,LAC,POR,105,106,A,Kevin Porter,10,6
2024-10-30,LAC,POR,105,106,A,Terance Mann,4,4
2024-10-30,LAC,POR,105,106,A,Jabari Walker,0,1
2024-10-30,LAC,POR,105,106,A,Jerami Grant,8,3
2024-10-30,OKC,SAS,105,93,H,Luguentz Dort,20,6
2024-10-30,OKC,SAS,105,93,H,Chris Paul,14,5
2024-10-30,OKC,SAS,105,93,H,Harrison Barnes,18,4
2024-10-30,OKC,SAS,105,93,H,Chet Holmgren,19,5
2024-10-30,OKC,SAS,105,93,H,Jalen Williams,12,7
2024-10-30,OKC,SAS,105,93,H,Jeremy Sochan,17,9
2024-10-30,OKC,SAS,105,93,H,Ajay Mitchell,12,4
2024-10-30,OKC,SAS,105,93,H,Shai Gilgeous-Alexander,18,4
2024-10-30,OKC,SAS,105,93,H,Malaki Branham,15,3
2024-10-30,OKC,SAS,105,93,H,Ousmane Dieng,5,5
2024-10-30,OKC,SAS,105,93,H,Isaiah Joe,6,1
2024-10-30,OKC,SAS,105,93,H,Cason Wallace,9,1
2024-10-30,OKC,SAS,105,93,H,Keldon Johnson,9,7
2024-10-30,OKC,SAS,105,93,H,Victor Wembanyama,6,8
2024-10-30,OKC,SAS,105,93,H,Zach Collins,3,4
2024-10-30,OKC,SAS,105,93,H,Alex Caruso,0,2
2024-10-30,OKC,SAS,105,93,H,Aaron Wiggins,4,3
2024-10-30,OKC,SAS,105,93,H,Sandro Mamukelashvili,3,5
2024-10-30,OKC,SAS,105,93,H,Sidy Cissoko,0,1
2024-10-30,OKC,SAS,105,93,H,Blake Wesley,5,1
2024-10-30,OKC,SAS,105,93,H,Alex Ducas,0,0
2024-10-30,OKC,SAS,105,93,H,Adam Flagler,0,0
2024-10-30,OKC,SAS,105,93,H,Dillon Jones,0,1
2024-10-30,OKC,SAS,105,93,H,Julian Champagnie,3,3
2024-10-30,OKC,SAS,105,93,H,Stephon Castle,0,2
2024-10-30,CHI,ORL,102,99,H,Josh Giddey,20,11
2024-10-30,CHI,ORL,102,99,H,Paolo Banchero,31,7
2024-10-30,CHI,ORL,102,99,H,Nikola Vučević,18,14
2024-10-30,CHI,ORL,102,99,H,Jalen Suggs,17,6
2024-10-30,CHI,ORL,102,99,H,Coby White,21,2
2024-10-30,CHI,ORL,102,99,H,Ayo Dosunmu,12,4
2024-10-30,CHI,ORL,102,99,H,Wendell Carter,14,7
2024-10-30,CHI,ORL,102,99,H,Patrick Williams,10,7
2024-10-30,CHI,ORL,102,99,H,Jonathan Isaac,8,5
2024-10-30,CHI,ORL,102,99,H,Franz Wagner,7,3
2024-10-30,CHI,ORL,102,99,H,Anthony Black,4,3
2024-10-30,CHI,ORL,102,99,H,Zach LaVine,11,10
2024-10-30,CHI,ORL,102,99,H,Moritz Wagner,7,6
2024-10-30,CHI,ORL,102,99,H,Kentavious Caldwell-Pope,8,1
2024-10-30,CHI,ORL,102,99,H,Adama Sanogo,4,1
2024-10-30,CHI,ORL,102,99,H,Jett Howard,3,2
2024-10-30,CHI,ORL,102,99,H,Julian Phillips,4,1
2024-10-30,CHI,ORL,102,99,H,Gary Harris,0,2
2024-10-30,CHI,ORL,102,99,H,Torrey Craig,0,2
2024-10-30,CHI,ORL,102,99,H,Matas Buzelis,0,0
2024-10-30,CHI,ORL,102,99,H,Dalen Terry,2,2
2024-10-30,GSW,NOP,104,89,H,Trayce Jackson-Davis,15,9
2024-10-30,GSW,NOP,104,89,H,Buddy Hield,21,2
2024-10-30,GSW,NOP,104,89,H,Jose Alvarado,16,5
2024-10-30,GSW,NOP,104,89,H,Draymond Green,14,4
2024-10-30,GSW,NOP,104,89,H,Kyle Anderson,10,4
2024-10-30,GSW,NOP,104,89,H,Brandon Ingram,14,5
2024-10-30,GSW,NOP,104,89,H,Jonathan Kuminga,16,4
2024-10-30,GSW,NOP,104,89,H,Jordan Hawkins,23,4
2024-10-30,GSW,NOP,104,89,H,Jeremiah Robinson-Earl,9,5
2024-10-30,GSW,NOP,104,89,H,Javonte Green,5,5
2024-10-30,GSW,NOP,104,89,H,Brandin Podziemski,13,8
2024-10-30,GSW,NOP,104,89,H,Jamal Cain,7,2
2024-10-30,GSW,NOP,104,89,H,Lindy Waters,3,1
2024-10-30,GSW,NOP,104,89,H,Reece Beekman,2,1
2024-10-30,GSW,NOP,104,89,H,Trey Jemison,2,2
2024-10-30,GSW,NOP,104,89,H,Moses Moody,8,4
2024-10-30,GSW,NOP,104,89,H,Zion Williamson,12,12
2024-10-30,GSW,NOP,104,89,H,Kevon Looney,2,4
2024-10-30,GSW,NOP,104,89,H,Brandon Boston,1,3
2024-10-30,GSW,NOP,104,89,H,Pat Spencer,0,0
2024-10-30,GSW,NOP,104,89,H,Gary Payton,0,1
2024-10-30,GSW,NOP,104,89,H,Gui Santos,0,0
2024-10-30,GSW,NOP,104,89,H,Yves Missi,0,3
2024-10-30,GSW,NOP,104,89,H,Daniel Theis,0,3
2024-10-31,LAC,PHO,119,125,A,Devin Booker,40,5
2024-10-31,LAC,PHO,119,125,A,James Harden,25,10
2024-10-31,LAC,PHO,119,125,A,Ivica Zubac,22,12
2024-10-31,LAC,PHO,119,125,A,Royce O'Neale,21,7
2024-10-31,LAC,PHO,119,125,A,Kevin Durant,18,5
2024-10-31,LAC,PHO,119,125,A,Norman Powell,23,2
2024-10-31,LAC,PHO,119,125,A,Ryan Dunn,16,4
2024-10-31,LAC,PHO,119,125,A,Derrick Jones,11,3
2024-10-31,LAC,PHO,119,125,A,Kevin Porter,14,5
2024-10-31,LAC,PHO,119,125,A,Tyus Jones,7,3
2024-10-31,LAC,PHO,119,125,A,Terance Mann,8,4
2024-10-31,LAC,PHO,119,125,A,Jusuf Nurkić,11,3
2024-10-31,LAC,PHO,119,125,A,Mason Plumlee,8,6
2024-10-31,LAC,PHO,119,125,A,Kris Dunn,6,4
2024-10-31,LAC,PHO,119,125,A,Nicolas Batum,3,5
2024-10-31,LAC,PHO,119,125,A,Amir Coffey,7,1
2024-10-31,LAC,PHO,119,125,A,Grayson Allen,2,5
2024-10-31,LAC,PHO,119,125,A,Oso Ighodaro,2,1
2024-10-31,LAC,PHO,119,125,A,Kai Jones,0,2
2024-10-31,LAC,PHO,119,125,A,Monte Morris,0,0
2024-10-31,MEM,MIL,122,99,H,Giannis Antetokounmpo,37,11
2024-10-31,MEM,MIL,122,99,H,Ja Morant,26,10
2024-10-31,MEM,MIL,122,99,H,Santi Aldama,19,9
2024-10-31,MEM,MIL,122,99,H,Jaylen Wells,16,7
2024-10-31,MEM,MIL,122,99,H,Jake LaRavia,11,10
2024-10-31,MEM,MIL,122,99,H,Scotty Pippen ,16,3
2024-10-31,MEM,MIL,122,99,H,Zach Edey,10,8
2024-10-31,MEM,MIL,122,99,H,Delon Wright,8,1
2024-10-31,MEM,MIL,122,99,H,Brandon Clarke,7,2
2024-10-31,MEM,MIL,122,99,H,Brook Lopez,12,3
2024-10-31,MEM,MIL,122,99,H,Bobby Portis,11,7
2024-10-31,MEM,MIL,122,99,H,Taurean Prince,5,2
2024-10-31,MEM,MIL,122,99,H,Jaren Jackson,13,5
2024-10-31,MEM,MIL,122,99,H,Gary Trent,9,2
2024-10-31,MEM,MIL,122,99,H,Ryan Rollins,4,0
2024-10-31,MEM,MIL,122,99,H,Andre Jackson,2,5
2024-10-31,MEM,MIL,122,99,H,Jay Huff,4,2
2024-10-31,MEM,MIL,122,99,H,Liam Robbins,2,0
2024-10-31,MEM,MIL,122,99,H,Colin Castleton,0,0
2024-10-31,MEM,MIL,122,99,H,MarJon Beauchamp,2,2
2024-10-31,MEM,MIL,122,99,H,Damian Lillard,4,2
2024-10-31,MEM,MIL,122,99,H,A.J. Green,0,0
2024-10-31,MEM,MIL,122,99,H,Yuki Kawamura,0,0
2024-10-31,MEM,MIL,122,99,H,Pat Connaughton,3,3
2024-10-31,MEM,MIL,122,99,H,Tyler Smith,0,0
2024-10-31,SAS,UTA,106,88,H,Victor Wembanyama,25,9
2024-10-31,SAS,UTA,106,88,H,Chris Paul,19,7
2024-10-31,SAS,UTA,106,88,H,John Collins,14,11
2024-10-31,SAS,UTA,106,88,H,Collin Sexton,16,3
2024-10-31,SAS,UTA,106,88,H,Julian Champagnie,6,6
2024-10-31,SAS,UTA,106,88,H,Sandro Mamukelashvili,10,1
2024-10-31,SAS,UTA,106,88,H,Jeremy Sochan,11,5
2024-10-31,SAS,UTA,106,88,H,Kyle Filipowski,12,5
2024-10-31,SAS,UTA,106,88,H,Walker Kessler,6,11
2024-10-31,SAS,UTA,106,88,H,Keldon Johnson,13,4
2024-10-31,SAS,UTA,106,88,H,Harrison Barnes,8,2
2024-10-31,SAS,UTA,106,88,H,Malaki Branham,6,2
2024-10-31,SAS,UTA,106,88,H,Stephon Castle,8,4
2024-10-31,SAS,UTA,106,88,H,Drew Eubanks,6,5
2024-10-31,SAS,UTA,106,88,H,Patty Mills,9,1
2024-10-31,SAS,UTA,106,88,H,Keyonte George,15,4
2024-10-31,SAS,UTA,106,88,H,Brice Sensabaugh,5,3
2024-10-31,SAS,UTA,106,88,H,Sidy Cissoko,0,0
2024-10-31,SAS,UTA,106,88,H,Cody Williams,2,5
2024-10-31,SAS,UTA,106,88,H,Charles Bassey,0,0
2024-10-31,SAS,UTA,106,88,H,Jordan Clarkson,3,3
2024-10-31,SAS,UTA,106,88,H,Johnny Juzang,0,2
2024-10-31,SAS,UTA,106,88,H,Zach Collins,0,2
2024-10-31,SAS,UTA,106,88,H,Blake Wesley,0,0
2024-10-31,DAL,HOU,102,108,A,Kyrie Irving,28,8
2024-10-31,DAL,HOU,102,108,A,Luka Dončić,29,5
2024-10-31,DAL,HOU,102,108,A,Alperen Sengun,17,12
2024-10-31,DAL,HOU,102,108,A,Tari Eason,15,4
2024-10-31,DAL,HOU,102,108,A,Jalen Green,23,12
2024-10-31,DAL,HOU,102,108,A,Dillon Brooks,17,4
2024-10-31,DAL,HOU,102,108,A,Jabari Smith,14,6
2024-10-31,DAL,HOU,102,108,A,Amen Thompson,10,4
2024-10-31,DAL,HOU,102,108,A,P.J. Washington,6,9
2024-10-31,DAL,HOU,102,108,A,Klay Thompson,12,1
2024-10-31,DAL,HOU,102,108,A,Daniel Gafford,6,3
2024-10-31,DAL,HOU,102,108,A,Dereck Lively,6,3
2024-10-31,DAL,HOU,102,108,A,Naji Marshall,4,2
2024-10-31,DAL,HOU,102,108,A,Dwight Powell,4,2
2024-10-31,DAL,HOU,102,108,A,Steven Adams,0,1
2024-10-31,DAL,HOU,102,108,A,Spencer Dinwiddie,4,1
2024-10-31,DAL,HOU,102,108,A,Cam Whitmore,6,1
2024-10-31,DAL,HOU,102,108,A,Reed Sheppard,2,1
2024-10-31,DAL,HOU,102,108,A,Jaden Hardy,2,2
2024-10-31,DAL,HOU,102,108,A,Fred VanVleet,4,5
2024-10-31,DAL,HOU,102,108,A,Quentin Grimes,1,1
2024-11-01,LAL,TOR,131,125,H,Anthony Davis,38,11
2024-11-01,LAL,TOR,131,125,H,RJ Barrett,33,5
2024-11-01,LAL,TOR,131,125,H,LeBron James,27,6
2024-11-01,LAL,TOR,131,125,H,Gradey Dick,31,7
2024-11-01,LAL,TOR,131,125,H,Jakob Poeltl,19,12
2024-11-01,LAL,TOR,131,125,H,Austin Reaves,20,1
2024-11-01,LAL,TOR,131,125,H,D'Angelo Russell,19,3
2024-11-01,LAL,TOR,131,125,H,Max Christie,7,5
2024-11-01,LAL,TOR,131,125,H,Jonathan Mogbo,6,6
2024-11-01,LAL,TOR,131,125,H,Jaxson Hayes,4,6
2024-11-01,LAL,TOR,131,125,H,Davion Mitchell,10,3
2024-11-01,LAL,TOR,131,125,H,Chris Boucher,9,2
2024-11-01,LAL,TOR,131,125,H,Ochai Agbaji,8,2
2024-11-01,LAL,TOR,131,125,H,Rui Hachimura,9,5
2024-11-01,LAL,TOR,131,125,H,Ja'Kobe Walter,5,6
2024-11-01,LAL,TOR,131,125,H,Dalton Knecht,5,3
2024-11-01,LAL,TOR,131,125,H,D.J. Carton,0,0
2024-11-01,LAL,TOR,131,125,H,Bronny James,0,0
2024-11-01,LAL,TOR,131,125,H,Gabe Vincent,2,3
2024-11-01,LAL,TOR,131,125,H,Jamal Shead,4,1
2024-11-01,BRK,CHI,120,112,H,Nikola Vučević,28,11
2024-11-01,BRK,CHI,120,112,H,Cam Thomas,32,0
2024-11-01,BRK,CHI,120,112,H,Cameron Johnson,14,6
2024-11-01,BRK,CHI,120,112,H,Coby White,21,4
2024-11-01,BRK,CHI,120,112,H,Ben Simmons,8,8
2024-11-01,BRK,CHI,120,112,H,Nic Claxton,12,9
2024-11-01,BRK,CHI,120,112,H,Keon Johnson,12,3
2024-11-01,BRK,CHI,120,112,H,Zach LaVine,21,1
2024-11-01,BRK,CHI,120,112,H,Dennis Schröder,9,7
2024-11-01,BRK,CHI,120,112,H,Noah Clowney,7,4
2024-11-01,BRK,CHI,120,112,H,Dorian Finney-Smith,9,5
2024-11-01,BRK,CHI,120,112,H,Ziaire Williams,10,3
2024-11-01,BRK,CHI,120,112,H,Josh Giddey,11,6
2024-11-01,BRK,CHI,120,112,H,Dalen Terry,5,2
2024-11-01,BRK,CHI,120,112,H,Jalen Smith,5,5
2024-11-01,BRK,CHI,120,112,H,Jalen Wilson,7,1
2024-11-01,BRK,CHI,120,112,H,Ayo Dosunmu,10,7
2024-11-01,BRK,CHI,120,112,H,Talen Horton-Tucker,3,0
2024-11-01,BRK,CHI,120,112,H,Patrick Williams,6,6
2024-11-01,BRK,CHI,120,112,H,Julian Phillips,2,2
2024-11-01,BRK,CHI,120,112,H,Adama Sanogo,0,0
2024-11-01,IND,NOP,118,125,A,Zion Williamson,34,6
2024-11-01,IND,NOP,118,125,A,Brandon Ingram,26,6
2024-11-01,IND,NOP,118,125,A,Ben Sheppard,20,3
2024-11-01,IND,NOP,118,125,A,Jordan Hawkins,23,4
2024-11-01,IND,NOP,118,125,A,Bennedict Mathurin,19,6
2024-11-01,IND,NOP,118,125,A,Brandon Boston,14,2
2024-11-01,IND,NOP,118,125,A,Jose Alvarado,12,6
2024-11-01,IND,NOP,118,125,A,Pascal Siakam,16,5
2024-11-01,IND,NOP,118,125,A,Tyrese Haliburton,11,2
2024-11-01,IND,NOP,118,125,A,T.J. McConnell,10,3
2024-11-01,IND,NOP,118,125,A,Aaron Nesmith,12,1
2024-11-01,IND,NOP,118,125,A,Javonte Green,7,4
2024-11-01,IND,NOP,118,125,A,Isaiah Jackson,6,8
2024-11-01,IND,NOP,118,125,A,Yves Missi,4,10
2024-11-01,IND,NOP,118,125,A,Daniel Theis,3,5
2024-11-01,IND,NOP,118,125,A,Jarace Walker,5,2
2024-11-01,IND,NOP,118,125,A,Myles Turner,12,4
2024-11-01,IND,NOP,118,125,A,Obi Toppin,7,5
2024-11-01,IND,NOP,118,125,A,Jeremiah Robinson-Earl,2,3
2024-11-01,IND,NOP,118,125,A,Jamal Cain,0,0
2024-11-01,DEN,MIN,116,119,A,Nikola Jokić,26,9
2024-11-01,DEN,MIN,116,119,A,Aaron Gordon,31,11
2024-11-01,DEN,MIN,116,119,A,Michael Porter,26,6
2024-11-01,DEN,MIN,116,119,A,Anthony Edwards,29,4
2024-11-01,DEN,MIN,116,119,A,Julius Randle,23,6
2024-11-01,DEN,MIN,116,119,A,Rudy Gobert,17,14
2024-11-01,DEN,MIN,116,119,A,Naz Reid,16,3
2024-11-01,DEN,MIN,116,119,A,Nickeil Alexander-Walker,8,2
2024-11-01,DEN,MIN,116,119,A,Christian Braun,14,7
2024-11-01,DEN,MIN,116,119,A,Donte DiVincenzo,7,8
2024-11-01,DEN,MIN,116,119,A,Mike Conley,9,0
2024-11-01,DEN,MIN,116,119,A,Jamal Murray,6,2
2024-11-01,DEN,MIN,116,119,A,Jaden McDaniels,10,0
2024-11-01,DEN,MIN,116,119,A,Russell Westbrook,5,6
2024-11-01,DEN,MIN,116,119,A,Hunter Tyson,2,1
2024-11-01,DEN,MIN,116,119,A,Julian Strawther,4,1
2024-11-01,DEN,MIN,116,119,A,Joe Ingles,0,1
2024-11-01,DEN,MIN,116,119,A,Peyton Watson,2,1
2024-11-01,DEN,MIN,116,119,A,Dario Šarić,0,2
2024-11-01,DET,NYK,98,128,A,Jalen Brunson,36,1
2024-11-01,DET,NYK,98,128,A,OG Anunoby,21,4
2024-11-01,DET,NYK,98,128,A,Karl-Anthony Towns,21,11
2024-11-01,DET,NYK,98,128,A,Cade Cunningham,22,6
2024-11-01,DET,NYK,98,128,A,Mikal Bridges,15,7
2024-11-01,DET,NYK,98,128,A,Josh Hart,13,9
2024-11-01,DET,NYK,98,128,A,Tobias Harris,13,8
2024-11-01,DET,NYK,98,128,A,Miles McBride,10,3
2024-11-01,DET,NYK,98,128,A,Simone Fontecchio,12,4
2024-11-01,DET,NYK,98,128,A,Paul Reed,5,2
2024-11-01,DET,NYK,98,128,A,Ron Holland,9,2
2024-11-01,DET,NYK,98,128,A,Jalen Duren,5,7
2024-11-01,DET,NYK,98,128,A,Tim Hardaway,8,1
2024-11-01,DET,NYK,98,128,A,Isaiah Stewart,2,2
2024-11-01,DET,NYK,98,128,A,Jaden Ivey,10,5
2024-11-01,DET,NYK,98,128,A,Tyler Kolek,4,1
2024-11-01,DET,NYK,98,128,A,Jacob Toppin,2,1
2024-11-01,DET,NYK,98,128,A,Cameron Payne,4,1
2024-11-01,DET,NYK,98,128,A,Pacome Dadiet,2,1
2024-11-01,DET,NYK,98,128,A,Wendell Moore,2,1
2024-11-01,DET,NYK,98,128,A,Malik Beasley,8,0
2024-11-01,DET,NYK,98,128,A,Marcus Sasser,2,0
2024-11-01,DET,NYK,98,128,A,Jericho Sims,0,6
2024-11-01,DET,NYK,98,128,A,Daniss Jenkins,0,0
2024-11-01,DET,NYK,98,128,A,Ariel Hukporti,0,0
2024-11-01,OKC,POR,137,114,H,Shai Gilgeous-Alexander,30,7
2024-11-01,OKC,POR,137,114,H,Jalen Williams,22,5
2024-11-01,OKC,POR,137,114,H,Cason Wallace,13,1
2024-11-01,OKC,POR,137,114,H,Aaron Wiggins,13,8
2024-11-01,OKC,POR,137,114,H,Deandre Ayton,14,5
2024-11-01,OKC,POR,137,114,H,Jerami Grant,17,3
2024-11-01,OKC,POR,137,114,H,Toumani Camara,13,3
2024-11-01,OKC,POR,137,114,H,Luguentz Dort,8,5
2024-11-01,OKC,POR,137,114,H,Rayan Rupert,14,2
2024-11-01,OKC,POR,137,114,H,Dalano Banton,11,0
2024-11-01,OKC,POR,137,114,H,Ousmane Dieng,11,3
2024-11-01,OKC,POR,137,114,H,Isaiah Joe,12,5
2024-11-01,OKC,POR,137,114,H,Anfernee Simons,9,4
2024-11-01,OKC,POR,137,114,H,Chet Holmgren,6,1
2024-11-01,OKC,POR,137,114,H,Dillon Jones,7,4
2024-11-01,OKC,POR,137,114,H,Scoot Henderson,8,3
2024-11-01,OKC,POR,137,114,H,Ajay Mitchell,8,2
2024-11-01,OKC,POR,137,114,H,Alex Caruso,6,3
2024-11-01,OKC,POR,137,114,H,Kris Murray,9,3
2024-11-01,OKC,POR,137,114,H,Deni Avdija,11,3
2024-11-01,OKC,POR,137,114,H,Donovan Clingan,3,7
2024-11-01,OKC,POR,137,114,H,Jabari Walker,2,3
2024-11-01,OKC,POR,137,114,H,Duop Reath,3,0
2024-11-01,OKC,POR,137,114,H,Malevy Leons,1,1
2024-11-01,BOS,CHO,124,109,H,Jayson Tatum,32,11
2024-11-01,BOS,CHO,124,109,H,Jaylen Brown,25,6
2024-11-01,BOS,CHO,124,109,H,Tre Mann,23,4
2024-11-01,BOS,CHO,124,109,H,LaMelo Ball,31,2
2024-11-01,BOS,CHO,124,109,H,Derrick White,17,2
2024-11-01,BOS,CHO,124,109,H,Neemias Queta,12,6
2024-11-01,BOS,CHO,124,109,H,Jrue Holiday,14,5
2024-11-01,BOS,CHO,124,109,H,Tidjane Salaün ,9,6
2024-11-01,BOS,CHO,124,109,H,Payton Pritchard,7,2
2024-11-01,BOS,CHO,124,109,H,Luke Kornet,5,4
2024-11-01,BOS,CHO,124,109,H,Moussa Diabaté,7,7
2024-11-01,BOS,CHO,124,109,H,Miles Bridges,14,7
2024-11-01,BOS,CHO,124,109,H,Sam Hauser,6,5
2024-11-01,BOS,CHO,124,109,H,Seth Curry,8,2
2024-11-01,BOS,CHO,124,109,H,Grant Williams,6,7
2024-11-01,BOS,CHO,124,109,H,Jordan Walsh,6,0
2024-11-01,BOS,CHO,124,109,H,Cody Martin,7,3
2024-11-01,BOS,CHO,124,109,H,Nick Richards,1,3
2024-11-01,BOS,CHO,124,109,H,JD Davison,0,0
2024-11-01,BOS,CHO,124,109,H,Jaden Springer,0,0
2024-11-01,BOS,CHO,124,109,H,Josh Green,3,1
2024-11-01,CLE,ORL,120,109,H,Jalen Suggs,28,8
2024-11-01,CLE,ORL,120,109,H,Darius Garland,25,3
2024-11-01,CLE,ORL,120,109,H,Tristan Da Silva,17,5
2024-11-01,CLE,ORL,120,109,H,Donovan Mitchell,22,3
2024-11-01,CLE,ORL,120,109,H,Evan Mobley,14,12
2024-11-01,CLE,ORL,120,109,H,Moritz Wagner,14,5
2024-11-01,CLE,ORL,120,109,H,Franz Wagner,17,8
2024-11-01,CLE,ORL,120,109,H,Caris LeVert,13,3
2024-11-01,CLE,ORL,120,109,H,Ty Jerome,9,6
2024-11-01,CLE,ORL,120,109,H,Jett Howard,9,3
2024-11-01,CLE,ORL,120,109,H,Luke Travers,4,2
2024-11-01,CLE,ORL,120,109,H,Isaac Okoro,9,1
2024-11-01,CLE,ORL,120,109,H,Kentavious Caldwell-Pope,7,1
2024-11-01,CLE,ORL,120,109,H,Georges Niang,7,3
2024-11-01,CLE,ORL,120,109,H,Dean Wade,5,3
2024-11-01,CLE,ORL,120,109,H,Cory Joseph,3,1
2024-11-01,CLE,ORL,120,109,H,Jonathan Isaac,5,4
2024-11-01,CLE,ORL,120,109,H,Sam Merrill,6,2
2024-11-01,CLE,ORL,120,109,H,Anthony Black,7,2
2024-11-01,CLE,ORL,120,109,H,Jarrett Allen,2,11
2024-11-01,CLE,ORL,120,109,H,Tristan Thompson,4,0
2024-11-01,CLE,ORL,120,109,H,Cole Anthony,2,1
2024-11-01,CLE,ORL,120,109,H,Caleb Houstan,0,0
2024-11-01,CLE,ORL,120,109,H,Gary Harris,0,1
2024-11-01,ATL,SAC,115,123,A,De'Aaron Fox,31,7
2024-11-01,ATL,SAC,115,123,A,DeMar DeRozan,27,8
2024-11-01,ATL,SAC,115,123,A,Garrison Mathews,23,1
2024-11-01,ATL,SAC,115,123,A,Trae Young,25,5
2024-11-01,ATL,SAC,115,123,A,Clint Capela,15,10
2024-11-01,ATL,SAC,115,123,A,Jalen Johnson,14,5
2024-11-01,ATL,SAC,115,123,A,Domantas Sabonis,15,14
2024-11-01,ATL,SAC,115,123,A,Keegan Murray,14,10
2024-11-01,ATL,SAC,115,123,A,Keon Ellis,12,1
2024-11-01,ATL,SAC,115,123,A,Keaton Wallace,14,3
2024-11-01,ATL,SAC,115,123,A,Onyeka Okongwu,11,4
2024-11-01,ATL,SAC,115,123,A,Malik Monk,9,4
2024-11-01,ATL,SAC,115,123,A,David Roddy,8,8
2024-11-01,ATL,SAC,115,123,A,Kevin Huerter,10,2
2024-11-01,ATL,SAC,115,123,A,Trey Lyles,5,5
2024-11-01,ATL,SAC,115,123,A,Colby Jones,0,0
2024-11-01,ATL,SAC,115,123,A,Larry Nance,2,3
2024-11-01,ATL,SAC,115,123,A,Zaccharie Risacher,3,1
2024-11-02,CLE,MIL,114,113,H,Damian Lillard,41,4
2024-11-02,CLE,MIL,114,113,H,Giannis Antetokounmpo,34,16
2024-11-02,CLE,MIL,114,113,H,Donovan Mitchell,30,3
2024-11-02,CLE,MIL,114,113,H,Taurean Prince,16,6
2024-11-02,CLE,MIL,114,113,H,Sam Merrill,17,1
2024-11-02,CLE,MIL,114,113,H,Isaac Okoro,13,8
2024-11-02,CLE,MIL,114,113,H,Jarrett Allen,15,12
2024-11-02,CLE,MIL,114,113,H,Darius Garland,11,3
2024-11-02,CLE,MIL,114,113,H,Evan Mobley,14,7
2024-11-02,CLE,MIL,114,113,H,Dean Wade,8,4
2024-11-02,CLE,MIL,114,113,H,Bobby Portis,10,8
2024-11-02,CLE,MIL,114,113,H,Ty Jerome,3,2
2024-11-02,CLE,MIL,114,113,H,Brook Lopez,6,6
2024-11-02,CLE,MIL,114,113,H,Craig Porter,0,1
2024-11-02,CLE,MIL,114,113,H,Pat Connaughton,0,2
2024-11-02,CLE,MIL,114,113,H,Georges Niang,3,4
2024-11-02,CLE,MIL,114,113,H,Andre Jackson,3,1
2024-11-02,CLE,MIL,114,113,H,Delon Wright,0,1
2024-11-02,CLE,MIL,114,113,H,Gary Trent,3,1
2024-11-02,DEN,UTA,129,103,H,Nikola Jokić,27,16
2024-11-02,DEN,UTA,129,103,H,Walker Kessler,18,14
2024-11-02,DEN,UTA,129,103,H,Michael Porter,20,5
2024-11-02,DEN,UTA,129,103,H,Christian Braun,17,2
2024-11-02,DEN,UTA,129,103,H,Julian Strawther,19,2
2024-11-02,DEN,UTA,129,103,H,John Collins,15,5
2024-11-02,DEN,UTA,129,103,H,Johnny Juzang,17,2
2024-11-02,DEN,UTA,129,103,H,Aaron Gordon,12,6
2024-11-02,DEN,UTA,129,103,H,Keyonte George,16,2
2024-11-02,DEN,UTA,129,103,H,Hunter Tyson,7,4
2024-11-02,DEN,UTA,129,103,H,Drew Eubanks,5,6
2024-11-02,DEN,UTA,129,103,H,Collin Sexton,10,1
2024-11-02,DEN,UTA,129,103,H,Peyton Watson,8,4
2024-11-02,DEN,UTA,129,103,H,Zeke Nnaji,6,0
2024-11-02,DEN,UTA,129,103,H,Brice Sensabaugh,10,0
2024-11-02,DEN,UTA,129,103,H,DeAndre Jordan,6,9
2024-11-02,DEN,UTA,129,103,H,Svi Mykhailiuk,6,1
2024-11-02,DEN,UTA,129,103,H,Russell Westbrook,5,3
2024-11-02,DEN,UTA,129,103,H,Spencer Jones,0,1
2024-11-02,DEN,UTA,129,103,H,Trey Alexander,2,0
2024-11-02,DEN,UTA,129,103,H,Jalen Pickett,0,0
2024-11-02,DEN,UTA,129,103,H,Kyle Filipowski,2,6
2024-11-02,DEN,UTA,129,103,H,Patty Mills,0,1
2024-11-02,DEN,UTA,129,103,H,Cody Williams,4,1
2024-11-02,MIA,WAS,118,98,H,Bam Adebayo,32,14
2024-11-02,MIA,WAS,118,98,H,Bilal Coulibaly,22,8
2024-11-02,MIA,WAS,118,98,H,Alex Sarr,17,6
2024-11-02,MIA,WAS,118,98,H,Alec Burks,15,3
2024-11-02,MIA,WAS,118,98,H,Jimmy Butler,18,8
2024-11-02,MIA,WAS,118,98,H,Jordan Poole,21,0
2024-11-02,MIA,WAS,118,98,H,Johnny Davis,9,7
2024-11-02,MIA,WAS,118,98,H,Terry Rozier,12,3
2024-11-02,MIA,WAS,118,98,H,Carlton Carrington,4,4
2024-11-02,MIA,WAS,118,98,H,Tyler Herro,15,6
2024-11-02,MIA,WAS,118,98,H,Thomas Bryant,4,9
2024-11-02,MIA,WAS,118,98,H,Patrick Baldwin,6,0
2024-11-02,MIA,WAS,118,98,H,Pelle Larsson,7,1
2024-11-02,MIA,WAS,118,98,H,Jared Butler,5,0
2024-11-02,MIA,WAS,118,98,H,Jaime Jaquez,8,10
2024-11-02,MIA,WAS,118,98,H,Kyshawn George,6,8
2024-11-02,MIA,WAS,118,98,H,Nikola Jović,3,6
2024-11-02,MIA,WAS,118,98,H,Dru Smith,2,1
2024-11-02,MIA,WAS,118,98,H,Kel'el Ware,2,2
2024-11-02,MIA,WAS,118,98,H,Jonas Valančiūnas,4,7
2024-11-02,MIA,WAS,118,98,H,Haywood Highsmith,0,1
2024-11-02,MIA,WAS,118,98,H,Marvin Bagley,0,1
2024-11-02,MIA,WAS,118,98,H,Anthony Gill,0,0
2024-11-02,MIA,WAS,118,98,H,Richaun Holmes,0,0
2024-11-02,MIA,WAS,118,98,H,Corey Kispert,4,3
2024-11-02,MIA,WAS,118,98,H,Josh Richardson,0,1
2024-11-02,MEM,PHI,124,107,H,Jaren Jackson,27,6
2024-11-02,MEM,PHI,124,107,H,Jay Huff,20,5
2024-11-02,MEM,PHI,124,107,H,Tyrese Maxey,23,2
2024-11-02,MEM,PHI,124,107,H,Ja Morant,18,6
2024-11-02,MEM,PHI,124,107,H,Scotty Pippen ,12,4
2024-11-02,MEM,PHI,124,107,H,Jared McCain,19,4
2024-11-02,MEM,PHI,124,107,H,Jaylen Wells,15,5
2024-11-02,MEM,PHI,124,107,H,Santi Aldama,10,13
2024-11-02,MEM,PHI,124,107,H,Kyle Lowry,10,3
2024-11-02,MEM,PHI,124,107,H,Zach Edey,10,10
2024-11-02,MEM,PHI,124,107,H,Kelly Oubre,14,4
2024-11-02,MEM,PHI,124,107,H,Eric Gordon,10,1
2024-11-02,MEM,PHI,124,107,H,Guerschon Yabusele,9,3
2024-11-02,MEM,PHI,124,107,H,Caleb Martin,9,3
2024-11-02,MEM,PHI,124,107,H,KJ Martin,4,3
2024-11-02,MEM,PHI,124,107,H,Jake LaRavia,8,2
2024-11-02,MEM,PHI,124,107,H,Brandon Clarke,4,1
2024-11-02,MEM,PHI,124,107,H,Ricky Council,0,0
2024-11-02,MEM,PHI,124,107,H,Reggie Jackson,3,0
2024-11-02,MEM,PHI,124,107,H,Adem Bona,2,1
2024-11-02,MEM,PHI,124,107,H,Andre Drummond,4,9
2024-11-02,MEM,PHI,124,107,H,Colin Castleton,0,0
2024-11-02,MEM,PHI,124,107,H,Yuki Kawamura,0,0
2024-11-02,MEM,PHI,124,107,H,Jeff Dowtin,0,0
2024-11-02,BOS,CHO,113,103,H,LaMelo Ball,36,4
2024-11-02,BOS,CHO,113,103,H,Luke Kornet,19,4
2024-11-02,BOS,CHO,113,103,H,Jayson Tatum,29,7
2024-11-02,BOS,CHO,113,103,H,Payton Pritchard,22,3
2024-11-02,BOS,CHO,113,103,H,Brandon Miller,16,4
2024-11-02,BOS,CHO,113,103,H,Derrick White,18,8
2024-11-02,BOS,CHO,113,103,H,Josh Green,12,0
2024-11-02,BOS,CHO,113,103,H,Jrue Holiday,13,5
2024-11-02,BOS,CHO,113,103,H,Sam Hauser,8,7
2024-11-02,BOS,CHO,113,103,H,Cody Martin,11,4
2024-11-02,BOS,CHO,113,103,H,Miles Bridges,6,8
2024-11-02,BOS,CHO,113,103,H,Tre Mann,10,1
2024-11-02,BOS,CHO,113,103,H,Neemias Queta,4,3
2024-11-02,BOS,CHO,113,103,H,Al Horford,0,6
2024-11-02,BOS,CHO,113,103,H,Taj Gibson,2,4
2024-11-02,BOS,CHO,113,103,H,Grant Williams,5,3
2024-11-02,BOS,CHO,113,103,H,Nick Smith,4,1
2024-11-02,BOS,CHO,113,103,H,Moussa Diabaté,1,4
2024-11-02,BOS,CHO,113,103,H,Xavier Tillman,0,1
2024-11-02,BOS,CHO,113,103,H,Jordan Walsh,0,0
2024-11-02,BOS,CHO,113,103,H,Tidjane Salaün ,0,1
2024-11-02,GSW,HOU,127,121,H,Tari Eason,27,9
2024-11-02,GSW,HOU,127,121,H,Buddy Hield,27,7
2024-11-02,GSW,HOU,127,121,H,Amen Thompson,18,11
2024-11-02,GSW,HOU,127,121,H,Jonathan Kuminga,23,6
2024-11-02,GSW,HOU,127,121,H,Jabari Smith,21,7
2024-11-02,GSW,HOU,127,121,H,Alperen Sengun,14,10
2024-11-02,GSW,HOU,127,121,H,Draymond Green,14,11
2024-11-02,GSW,HOU,127,121,H,Andrew Wiggins,15,3
2024-11-02,GSW,HOU,127,121,H,Moses Moody,9,0
2024-11-02,GSW,HOU,127,121,H,Kevon Looney,7,7
2024-11-02,GSW,HOU,127,121,H,Fred VanVleet,11,3
2024-11-02,GSW,HOU,127,121,H,Trayce Jackson-Davis,6,3
2024-11-02,GSW,HOU,127,121,H,Aaron Holiday,6,0
2024-11-02,GSW,HOU,127,121,H,Kyle Anderson,9,3
2024-11-02,GSW,HOU,127,121,H,Brandin Podziemski,12,5
2024-11-02,GSW,HOU,127,121,H,Jock Landale,3,1
2024-11-02,GSW,HOU,127,121,H,Cam Whitmore,4,2
2024-11-02,GSW,HOU,127,121,H,Gary Payton,3,1
2024-11-02,GSW,HOU,127,121,H,Lindy Waters,2,1
2024-11-02,GSW,HOU,127,121,H,Reed Sheppard,3,0
2024-11-02,GSW,HOU,127,121,H,Dillon Brooks,7,5
2024-11-02,GSW,HOU,127,121,H,Jeff Green,0,0
2024-11-02,GSW,HOU,127,121,H,Jalen Green,7,1
2024-11-02,PHO,POR,103,97,H,Devin Booker,28,9
2024-11-02,PHO,POR,103,97,H,Tyus Jones,15,5
2024-11-02,PHO,POR,103,97,H,Bradley Beal,15,7
2024-11-02,PHO,POR,103,97,H,Kevin Durant,21,9
2024-11-02,PHO,POR,103,97,H,Grayson Allen,18,2
2024-11-02,PHO,POR,103,97,H,Anfernee Simons,20,8
2024-11-02,PHO,POR,103,97,H,Dalano Banton,12,1
2024-11-02,PHO,POR,103,97,H,Deni Avdija,13,6
2024-11-02,PHO,POR,103,97,H,Jerami Grant,20,7
2024-11-02,PHO,POR,103,97,H,Toumani Camara,7,10
2024-11-02,PHO,POR,103,97,H,Deandre Ayton,10,13
2024-11-02,PHO,POR,103,97,H,Royce O'Neale,3,7
2024-11-02,PHO,POR,103,97,H,Kris Murray,3,4
2024-11-02,PHO,POR,103,97,H,Donovan Clingan,3,4
2024-11-02,PHO,POR,103,97,H,Mason Plumlee,0,6
2024-11-02,PHO,POR,103,97,H,Jusuf Nurkić,3,15
2024-11-02,PHO,POR,103,97,H,Monte Morris,0,1
2024-11-02,PHO,POR,103,97,H,Scoot Henderson,7,2
2024-11-02,PHO,POR,103,97,H,Ryan Dunn,0,2
2024-11-02,PHO,POR,103,97,H,Rayan Rupert,2,1
2024-11-02,SAC,TOR,128,131,A,Domantas Sabonis,17,20
2024-11-02,SAC,TOR,128,131,A,RJ Barrett,31,9
2024-11-02,SAC,TOR,128,131,A,Ochai Agbaji,22,5
2024-11-02,SAC,TOR,128,131,A,Chris Boucher,24,5
2024-11-02,SAC,TOR,128,131,A,DeMar DeRozan,33,3
2024-11-02,SAC,TOR,128,131,A,Malik Monk,21,4
2024-11-02,SAC,TOR,128,131,A,Gradey Dick,22,5
2024-11-02,SAC,TOR,128,131,A,De'Aaron Fox,24,6
2024-11-02,SAC,TOR,128,131,A,Keegan Murray,16,10
2024-11-02,SAC,TOR,128,131,A,Jakob Poeltl,13,9
2024-11-02,SAC,TOR,128,131,A,Jamison Battle,9,1
2024-11-02,SAC,TOR,128,131,A,Keon Ellis,8,1
2024-11-02,SAC,TOR,128,131,A,Davion Mitchell,4,4
2024-11-02,SAC,TOR,128,131,A,Jonathan Mogbo,6,6
2024-11-02,SAC,TOR,128,131,A,Trey Lyles,5,4
2024-11-02,SAC,TOR,128,131,A,Doug McDermott,4,1
2024-11-02,SAC,TOR,128,131,A,Jordan McLaughlin,0,0
2024-11-02,SAC,TOR,128,131,A,Jamal Shead,0,0
2024-11-02,SAC,TOR,128,131,A,Ja'Kobe Walter,0,2
2024-11-02,LAC,OKC,92,105,A,Shai Gilgeous-Alexander,25,3
2024-11-02,LAC,OKC,92,105,A,Norman Powell,24,2
2024-11-02,LAC,OKC,92,105,A,James Harden,12,13
2024-11-02,LAC,OKC,92,105,A,Luguentz Dort,16,4
2024-11-02,LAC,OKC,92,105,A,Aaron Wiggins,12,5
2024-11-02,LAC,OKC,92,105,A,Terance Mann,11,6
2024-11-02,LAC,OKC,92,105,A,Isaiah Joe,12,2
2024-11-02,LAC,OKC,92,105,A,Chet Holmgren,10,14
2024-11-02,LAC,OKC,92,105,A,Kris Dunn,11,4
2024-11-02,LAC,OKC,92,105,A,Cason Wallace,7,4
2024-11-02,LAC,OKC,92,105,A,Jalen Williams,15,7
2024-11-02,LAC,OKC,92,105,A,Ivica Zubac,9,12
2024-11-02,LAC,OKC,92,105,A,Kevin Porter,7,4
2024-11-02,LAC,OKC,92,105,A,Kai Jones,4,2
2024-11-02,LAC,OKC,92,105,A,Ousmane Dieng,3,0
2024-11-02,LAC,OKC,92,105,A,Nicolas Batum,4,2
2024-11-02,LAC,OKC,92,105,A,Alex Caruso,5,2
2024-11-02,LAC,OKC,92,105,A,Bones Hyland,3,0
2024-11-02,LAC,OKC,92,105,A,Kobe Brown,0,1
2024-11-02,LAC,OKC,92,105,A,Amir Coffey,4,1
2024-11-02,LAC,OKC,92,105,A,Dillon Jones,0,0
2024-11-02,LAC,OKC,92,105,A,Jordan Miller,1,0
2024-11-02,LAC,OKC,92,105,A,Malevy Leons,0,0
2024-11-02,LAC,OKC,92,105,A,Ajay Mitchell,0,0
2024-11-02,LAC,OKC,92,105,A,Derrick Jones,2,3
2024-11-02,MIN,SAS,103,113,A,Keldon Johnson,25,8
2024-11-02,MIN,SAS,103,113,A,Chris Paul,15,4
2024-11-02,MIN,SAS,103,113,A,Jeremy Sochan,19,10
2024-11-02,MIN,SAS,103,113,A,Harrison Barnes,14,3
2024-11-02,MIN,SAS,103,113,A,Anthony Edwards,21,5
2024-11-02,MIN,SAS,103,113,A,Julius Randle,21,5
2024-11-02,MIN,SAS,103,113,A,Donte DiVincenzo,14,2
2024-11-02,MIN,SAS,103,113,A,Victor Wembanyama,17,6
2024-11-02,MIN,SAS,103,113,A,Naz Reid,11,4
2024-11-02,MIN,SAS,103,113,A,Zach Collins,7,1
2024-11-02,MIN,SAS,103,113,A,Rudy Gobert,10,3
2024-11-02,MIN,SAS,103,113,A,Mike Conley,5,3
2024-11-02,MIN,SAS,103,113,A,Julian Champagnie,7,6
2024-11-02,MIN,SAS,103,113,A,Nickeil Alexander-Walker,6,3
2024-11-02,MIN,SAS,103,113,A,Jaden McDaniels,7,3
2024-11-02,MIN,SAS,103,113,A,PJ Dozier,4,1
2024-11-02,MIN,SAS,103,113,A,Malaki Branham,6,2
2024-11-02,MIN,SAS,103,113,A,Josh Minott,4,2
2024-11-02,MIN,SAS,103,113,A,Rob Dillingham,0,0
2024-11-02,MIN,SAS,103,113,A,Sandro Mamukelashvili,0,1
2024-11-02,MIN,SAS,103,113,A,Charles Bassey,0,0
2024-11-02,MIN,SAS,103,113,A,Sidy Cissoko,0,0
2024-11-02,MIN,SAS,103,113,A,Terrence Shannon,0,0
2024-11-02,MIN,SAS,103,113,A,Stephon Castle,3,3
2024-11-02,MIN,SAS,103,113,A,Luka Garza,0,1
2024-11-02,MIN,SAS,103,113,A,Blake Wesley,0,0
2024-11-03,ATL,NOP,126,111,H,Jalen Johnson,29,9
2024-11-03,ATL,NOP,126,111,H,Trae Young,23,4
2024-11-03,ATL,NOP,126,111,H,Brandon Ingram,32,7
2024-11-03,ATL,NOP,126,111,H,Dyson Daniels,16,5
2024-11-03,ATL,NOP,126,111,H,Larry Nance,14,6
2024-11-03,ATL,NOP,126,111,H,Jamal Cain,14,3
2024-11-03,ATL,NOP,126,111,H,Brandon Boston,14,5
2024-11-03,ATL,NOP,126,111,H,David Roddy,8,3
2024-11-03,ATL,NOP,126,111,H,Jordan Hawkins,19,3
2024-11-03,ATL,NOP,126,111,H,Clint Capela,8,4
2024-11-03,ATL,NOP,126,111,H,Jose Alvarado,9,3
2024-11-03,ATL,NOP,126,111,H,Jeremiah Robinson-Earl,6,7
2024-11-03,ATL,NOP,126,111,H,Yves Missi,4,6
2024-11-03,ATL,NOP,126,111,H,Zaccharie Risacher,11,5
2024-11-03,ATL,NOP,126,111,H,Garrison Mathews,11,3
2024-11-03,ATL,NOP,126,111,H,Daniel Theis,7,3
2024-11-03,ATL,NOP,126,111,H,Javonte Green,3,2
2024-11-03,ATL,NOP,126,111,H,Keaton Wallace,6,2
2024-11-03,ATL,NOP,126,111,H,Antonio Reeves,3,1
2024-11-03,ATL,NOP,126,111,H,Dominick Barlow,0,0
2024-11-03,ATL,NOP,126,111,H,Trey Jemison,0,3
2024-11-03,ATL,NOP,126,111,H,Jaylen Nowell,0,0
2024-11-03,DAL,ORL,108,85,H,Luka Dončić,32,9
2024-11-03,DAL,ORL,108,85,H,Kyrie Irving,17,2
2024-11-03,DAL,ORL,108,85,H,Daniel Gafford,18,8
2024-11-03,DAL,ORL,108,85,H,Franz Wagner,13,6
2024-11-03,DAL,ORL,108,85,H,Dereck Lively,11,11
2024-11-03,DAL,ORL,108,85,H,Klay Thompson,9,5
2024-11-03,DAL,ORL,108,85,H,P.J. Washington,7,4
2024-11-03,DAL,ORL,108,85,H,Cole Anthony,9,3
2024-11-03,DAL,ORL,108,85,H,Wendell Carter,6,1
2024-11-03,DAL,ORL,108,85,H,Tristan Da Silva,7,5
2024-11-03,DAL,ORL,108,85,H,Naji Marshall,4,5
2024-11-03,DAL,ORL,108,85,H,Jalen Suggs,10,4
2024-11-03,DAL,ORL,108,85,H,Kentavious Caldwell-Pope,7,3
2024-11-03,DAL,ORL,108,85,H,Quentin Grimes,5,3
2024-11-03,DAL,ORL,108,85,H,Jett Howard,12,1
2024-11-03,DAL,ORL,108,85,H,Moritz Wagner,10,6
2024-11-03,DAL,ORL,108,85,H,Jonathan Isaac,3,5
2024-11-03,DAL,ORL,108,85,H,Spencer Dinwiddie,0,0
2024-11-03,DAL,ORL,108,85,H,Caleb Houstan,2,2
2024-11-03,DAL,ORL,108,85,H,Gary Harris,4,1
2024-11-03,DAL,ORL,108,85,H,Brandon Williams,2,1
2024-11-03,DAL,ORL,108,85,H,Olivier-Maxence Prosper,0,2
2024-11-03,DAL,ORL,108,85,H,Cory Joseph,0,2
2024-11-03,DAL,ORL,108,85,H,Dwight Powell,0,2
2024-11-03,DAL,ORL,108,85,H,Jaden Hardy,3,1
2024-11-03,DAL,ORL,108,85,H,Anthony Black,2,4
2024-11-03,BRK,DET,92,106,A,Cameron Johnson,26,1
2024-11-03,BRK,DET,92,106,A,Jalen Duren,13,17
2024-11-03,BRK,DET,92,106,A,Tobias Harris,18,5
2024-11-03,BRK,DET,92,106,A,Malik Beasley,18,1
2024-11-03,BRK,DET,92,106,A,Cade Cunningham,19,6
2024-11-03,BRK,DET,92,106,A,Tim Hardaway,14,0
2024-11-03,BRK,DET,92,106,A,Dorian Finney-Smith,9,3
2024-11-03,BRK,DET,92,106,A,Jaden Ivey,15,5
2024-11-03,BRK,DET,92,106,A,Dennis Schröder,7,5
2024-11-03,BRK,DET,92,106,A,Jalen Wilson,8,3
2024-11-03,BRK,DET,92,106,A,Cam Thomas,17,2
2024-11-03,BRK,DET,92,106,A,Simone Fontecchio,7,8
2024-11-03,BRK,DET,92,106,A,Ben Simmons,4,6
2024-11-03,BRK,DET,92,106,A,Keon Johnson,5,1
2024-11-03,BRK,DET,92,106,A,Noah Clowney,4,2
2024-11-03,BRK,DET,92,106,A,Nic Claxton,8,1
2024-11-03,BRK,DET,92,106,A,Isaiah Stewart,2,5
2024-11-03,BRK,DET,92,106,A,Ziaire Williams,4,2
2024-11-03,BRK,DET,92,106,A,Tyrese Martin,0,1
2024-11-03,BRK,DET,92,106,A,Shake Milton,0,0
2024-11-03,BRK,DET,92,106,A,Wendell Moore,0,0
2024-11-03,BRK,DET,92,106,A,Marcus Sasser,0,0
2024-11-03,BRK,DET,92,106,A,Ron Holland,0,0
2024-11-04,CLE,MIL,116,114,H,Darius Garland,39,2
2024-11-04,CLE,MIL,116,114,H,Damian Lillard,36,2
2024-11-04,CLE,MIL,116,114,H,A.J. Green,21,6
2024-11-04,CLE,MIL,116,114,H,Jarrett Allen,14,15
2024-11-04,CLE,MIL,116,114,H,Bobby Portis,21,18
2024-11-04,CLE,MIL,116,114,H,Evan Mobley,17,5
2024-11-04,CLE,MIL,116,114,H,Brook Lopez,13,6
2024-11-04,CLE,MIL,116,114,H,Pat Connaughton,7,4
2024-11-04,CLE,MIL,116,114,H,Sam Merrill,12,5
2024-11-04,CLE,MIL,116,114,H,Georges Niang,9,4
2024-11-04,CLE,MIL,116,114,H,Donovan Mitchell,14,4
2024-11-04,CLE,MIL,116,114,H,Ty Jerome,6,0
2024-11-04,CLE,MIL,116,114,H,Andre Jackson,7,7
2024-11-04,CLE,MIL,116,114,H,Taurean Prince,3,1
2024-11-04,CLE,MIL,116,114,H,Isaac Okoro,5,3
2024-11-04,CLE,MIL,116,114,H,Ryan Rollins,2,3
2024-11-04,CLE,MIL,116,114,H,Delon Wright,0,0
2024-11-04,CLE,MIL,116,114,H,Luke Travers,0,1
2024-11-04,CLE,MIL,116,114,H,Craig Porter,0,0
2024-11-04,CLE,MIL,116,114,H,Gary Trent,4,2
2024-11-04,DAL,IND,127,134,A,Luka Dončić,34,7
2024-11-04,DAL,IND,127,134,A,Tyrese Haliburton,25,4
2024-11-04,DAL,IND,127,134,A,Myles Turner,30,11
2024-11-04,DAL,IND,127,134,A,Naji Marshall,20,5
2024-11-04,DAL,IND,127,134,A,Pascal Siakam,23,6
2024-11-04,DAL,IND,127,134,A,Kyrie Irving,27,5
2024-11-04,DAL,IND,127,134,A,Bennedict Mathurin,16,7
2024-11-04,DAL,IND,127,134,A,Spencer Dinwiddie,14,3
2024-11-04,DAL,IND,127,134,A,T.J. McConnell,12,3
2024-11-04,DAL,IND,127,134,A,Klay Thompson,16,2
2024-11-04,DAL,IND,127,134,A,Obi Toppin,11,6
2024-11-04,DAL,IND,127,134,A,Andrew Nembhard,11,3
2024-11-04,DAL,IND,127,134,A,Daniel Gafford,8,4
2024-11-04,DAL,IND,127,134,A,P.J. Washington,8,11
2024-11-04,DAL,IND,127,134,A,Jarace Walker,3,5
2024-11-04,DAL,IND,127,134,A,Ben Sheppard,3,1
2024-11-04,DAL,IND,127,134,A,Quentin Grimes,0,1
2024-11-04,DAL,IND,127,134,A,Dwight Powell,0,0
2024-11-04,PHI,PHO,116,118,A,Kevin Durant,35,4
2024-11-04,PHI,PHO,116,118,A,Tyrese Maxey,32,3
2024-11-04,PHI,PHO,116,118,A,Kyle Lowry,13,2
2024-11-04,PHI,PHO,116,118,A,Guerschon Yabusele,19,7
2024-11-04,PHI,PHO,116,118,A,Bradley Beal,17,5
2024-11-04,PHI,PHO,116,118,A,Royce O'Neale,15,5
2024-11-04,PHI,PHO,116,118,A,Jusuf Nurkić,15,15
2024-11-04,PHI,PHO,116,118,A,Grayson Allen,14,2
2024-11-04,PHI,PHO,116,118,A,Caleb Martin,5,10
2024-11-04,PHI,PHO,116,118,A,Eric Gordon,10,1
2024-11-04,PHI,PHO,116,118,A,Devin Booker,13,3
2024-11-04,PHI,PHO,116,118,A,Kelly Oubre,11,4
2024-11-04,PHI,PHO,116,118,A,Mason Plumlee,5,3
2024-11-04,PHI,PHO,116,118,A,Paul George,15,5
2024-11-04,PHI,PHO,116,118,A,Andre Drummond,8,5
2024-11-04,PHI,PHO,116,118,A,Tyus Jones,4,2
2024-11-04,PHI,PHO,116,118,A,Jared McCain,3,1
2024-11-04,PHI,PHO,116,118,A,KJ Martin,0,0
2024-11-04,PHI,PHO,116,118,A,Ryan Dunn,0,4
2024-11-04,CHI,UTA,126,135,A,Keyonte George,33,1
2024-11-04,CHI,UTA,126,135,A,John Collins,28,13
2024-11-04,CHI,UTA,126,135,A,Nikola Vučević,23,10
2024-11-04,CHI,UTA,126,135,A,Ayo Dosunmu,25,5
2024-11-04,CHI,UTA,126,135,A,Coby White,28,4
2024-11-04,CHI,UTA,126,135,A,Collin Sexton,24,2
2024-11-04,CHI,UTA,126,135,A,Walker Kessler,12,16
2024-11-04,CHI,UTA,126,135,A,Josh Giddey,15,2
2024-11-04,CHI,UTA,126,135,A,Cody Williams,11,5
2024-11-04,CHI,UTA,126,135,A,Talen Horton-Tucker,10,6
2024-11-04,CHI,UTA,126,135,A,Patty Mills,6,1
2024-11-04,CHI,UTA,126,135,A,Patrick Williams,13,2
2024-11-04,CHI,UTA,126,135,A,Johnny Juzang,8,1
2024-11-04,CHI,UTA,126,135,A,Kyle Filipowski,7,5
2024-11-04,CHI,UTA,126,135,A,Jalen Smith,8,3
2024-11-04,CHI,UTA,126,135,A,Dalen Terry,4,2
2024-11-04,CHI,UTA,126,135,A,Drew Eubanks,4,4
2024-11-04,CHI,UTA,126,135,A,Julian Phillips,0,1
2024-11-04,CHI,UTA,126,135,A,Matas Buzelis,0,1
2024-11-04,CHI,UTA,126,135,A,Brice Sensabaugh,2,1
2024-11-04,DET,LAL,115,103,H,Anthony Davis,37,9
2024-11-04,DET,LAL,115,103,H,LeBron James,20,8
2024-11-04,DET,LAL,115,103,H,Jaden Ivey,26,4
2024-11-04,DET,LAL,115,103,H,Cade Cunningham,17,11
2024-11-04,DET,LAL,115,103,H,Tim Hardaway,19,0
2024-11-04,DET,LAL,115,103,H,Jalen Duren,11,14
2024-11-04,DET,LAL,115,103,H,Ron Holland,12,4
2024-11-04,DET,LAL,115,103,H,Isaiah Stewart,8,9
2024-11-04,DET,LAL,115,103,H,Austin Reaves,17,4
2024-11-04,DET,LAL,115,103,H,Tobias Harris,15,7
2024-11-04,DET,LAL,115,103,H,D'Angelo Russell,11,3
2024-11-04,DET,LAL,115,103,H,Rui Hachimura,8,4
2024-11-04,DET,LAL,115,103,H,Jaxson Hayes,5,3
2024-11-04,DET,LAL,115,103,H,Dalton Knecht,5,0
2024-11-04,DET,LAL,115,103,H,Cam Reddish,0,5
2024-11-04,DET,LAL,115,103,H,Malik Beasley,7,4
2024-11-04,DET,LAL,115,103,H,Gabe Vincent,0,0
2024-11-04,DET,LAL,115,103,H,Simone Fontecchio,0,2
2024-11-04,DET,LAL,115,103,H,Max Christie,0,1
2024-11-04,BRK,MEM,106,104,H,Zach Edey,25,12
2024-11-04,BRK,MEM,106,104,H,Ja Morant,25,5
2024-11-04,BRK,MEM,106,104,H,Cameron Johnson,20,3
2024-11-04,BRK,MEM,106,104,H,Dorian Finney-Smith,17,6
2024-11-04,BRK,MEM,106,104,H,Nic Claxton,10,8
2024-11-04,BRK,MEM,106,104,H,Dennis Schröder,20,2
2024-11-04,BRK,MEM,106,104,H,Jalen Wilson,13,6
2024-11-04,BRK,MEM,106,104,H,Jaren Jackson,15,5
2024-11-04,BRK,MEM,106,104,H,Jake LaRavia,6,5
2024-11-04,BRK,MEM,106,104,H,Scotty Pippen ,14,4
2024-11-04,BRK,MEM,106,104,H,Santi Aldama,9,6
2024-11-04,BRK,MEM,106,104,H,Cam Thomas,13,2
2024-11-04,BRK,MEM,106,104,H,Shake Milton,5,4
2024-11-04,BRK,MEM,106,104,H,Ziaire Williams,2,2
2024-11-04,BRK,MEM,106,104,H,Brandon Clarke,2,0
2024-11-04,BRK,MEM,106,104,H,Jay Huff,2,2
2024-11-04,BRK,MEM,106,104,H,Jaylen Wells,6,5
2024-11-04,BRK,MEM,106,104,H,Keon Johnson,6,4
2024-11-04,DEN,TOR,121,119,H,Nikola Jokić,28,14
2024-11-04,DEN,TOR,121,119,H,Jakob Poeltl,24,11
2024-11-04,DEN,TOR,121,119,H,Gradey Dick,26,2
2024-11-04,DEN,TOR,121,119,H,Russell Westbrook,21,6
2024-11-04,DEN,TOR,121,119,H,Ochai Agbaji,16,5
2024-11-04,DEN,TOR,121,119,H,Michael Porter,19,9
2024-11-04,DEN,TOR,121,119,H,Peyton Watson,16,3
2024-11-04,DEN,TOR,121,119,H,Davion Mitchell,13,1
2024-11-04,DEN,TOR,121,119,H,Christian Braun,17,4
2024-11-04,DEN,TOR,121,119,H,Julian Strawther,13,2
2024-11-04,DEN,TOR,121,119,H,Jamal Shead,8,2
2024-11-04,DEN,TOR,121,119,H,RJ Barrett,16,6
2024-11-04,DEN,TOR,121,119,H,Jonathan Mogbo,4,6
2024-11-04,DEN,TOR,121,119,H,DeAndre Jordan,2,4
2024-11-04,DEN,TOR,121,119,H,Zeke Nnaji,2,1
2024-11-04,DEN,TOR,121,119,H,Jamison Battle,5,2
2024-11-04,DEN,TOR,121,119,H,Bruno Fernando,2,0
2024-11-04,DEN,TOR,121,119,H,Chris Boucher,2,4
2024-11-04,DEN,TOR,121,119,H,Aaron Gordon,3,0
2024-11-04,DEN,TOR,121,119,H,Ja'Kobe Walter,3,2
2024-11-04,DEN,TOR,121,119,H,Hunter Tyson,0,1
2024-11-04,ATL,BOS,93,123,A,Jayson Tatum,28,6
2024-11-04,ATL,BOS,93,123,A,Onyeka Okongwu,18,10
2024-11-04,ATL,BOS,93,123,A,Derrick White,21,6
2024-11-04,ATL,BOS,93,123,A,Al Horford,9,5
2024-11-04,ATL,BOS,93,123,A,Payton Pritchard,18,3
2024-11-04,ATL,BOS,93,123,A,Jrue Holiday,16,3
2024-11-04,ATL,BOS,93,123,A,Neemias Queta,10,7
2024-11-04,ATL,BOS,93,123,A,Jalen Johnson,20,11
2024-11-04,ATL,BOS,93,123,A,Garrison Mathews,10,0
2024-11-04,ATL,BOS,93,123,A,David Roddy,11,6
2024-11-04,ATL,BOS,93,123,A,Keaton Wallace,6,4
2024-11-04,ATL,BOS,93,123,A,Zaccharie Risacher,15,3
2024-11-04,ATL,BOS,93,123,A,Dyson Daniels,8,2
2024-11-04,ATL,BOS,93,123,A,Sam Hauser,10,2
2024-11-04,ATL,BOS,93,123,A,Luke Kornet,2,7
2024-11-04,ATL,BOS,93,123,A,Xavier Tillman,2,3
2024-11-04,ATL,BOS,93,123,A,Jordan Walsh,2,4
2024-11-04,ATL,BOS,93,123,A,Jaden Springer,2,1
2024-11-04,ATL,BOS,93,123,A,Clint Capela,2,5
2024-11-04,ATL,BOS,93,123,A,JD Davison,3,0
2024-11-04,ATL,BOS,93,123,A,Dominick Barlow,1,0
2024-11-04,ATL,BOS,93,123,A,Baylor Scheierman,0,3
2024-11-04,ATL,BOS,93,123,A,Mouhamed Gueye,0,2
2024-11-04,ATL,BOS,93,123,A,Trae Young,2,0
2024-11-04,HOU,NYK,109,97,H,Alperen Sengun,25,14
2024-11-04,HOU,NYK,109,97,H,Jalen Brunson,29,3
2024-11-04,HOU,NYK,109,97,H,OG Anunoby,21,6
2024-11-04,HOU,NYK,109,97,H,Fred VanVleet,19,2
2024-11-04,HOU,NYK,109,97,H,Amen Thompson,12,9
2024-11-04,HOU,NYK,109,97,H,Karl-Anthony Towns,17,19
2024-11-04,HOU,NYK,109,97,H,Josh Hart,12,4
2024-11-04,HOU,NYK,109,97,H,Dillon Brooks,13,3
2024-11-04,HOU,NYK,109,97,H,Jalen Green,15,4
2024-11-04,HOU,NYK,109,97,H,Mikal Bridges,15,3
2024-11-04,HOU,NYK,109,97,H,Tari Eason,7,5
2024-11-04,HOU,NYK,109,97,H,Steven Adams,4,5
2024-11-04,HOU,NYK,109,97,H,Jabari Smith,7,6
2024-11-04,HOU,NYK,109,97,H,Reed Sheppard,7,2
2024-11-04,HOU,NYK,109,97,H,Tyler Kolek,3,0
2024-11-04,HOU,NYK,109,97,H,Jericho Sims,0,4
2024-11-04,HOU,NYK,109,97,H,Miles McBride,0,0
2024-11-04,LAC,SAS,113,104,H,Victor Wembanyama,24,13
2024-11-04,LAC,SAS,113,104,H,Amir Coffey,21,6
2024-11-04,LAC,SAS,113,104,H,Norman Powell,23,1
2024-11-04,LAC,SAS,113,104,H,James Harden,17,8
2024-11-04,LAC,SAS,113,104,H,Julian Champagnie,21,5
2024-11-04,LAC,SAS,113,104,H,Chris Paul,14,6
2024-11-04,LAC,SAS,113,104,H,Ivica Zubac,17,13
2024-11-04,LAC,SAS,113,104,H,Keldon Johnson,10,5
2024-11-04,LAC,SAS,113,104,H,Kevin Porter,6,8
2024-11-04,LAC,SAS,113,104,H,Stephon Castle,11,4
2024-11-04,LAC,SAS,113,104,H,Harrison Barnes,4,6
2024-11-04,LAC,SAS,113,104,H,Kris Dunn,11,3
2024-11-04,LAC,SAS,113,104,H,Derrick Jones,10,2
2024-11-04,LAC,SAS,113,104,H,Zach Collins,4,3
2024-11-04,LAC,SAS,113,104,H,Terance Mann,5,2
2024-11-04,LAC,SAS,113,104,H,Sandro Mamukelashvili,5,0
2024-11-04,LAC,SAS,113,104,H,Malaki Branham,7,0
2024-11-04,LAC,SAS,113,104,H,Jeremy Sochan,4,3
2024-11-04,LAC,SAS,113,104,H,Nicolas Batum,3,1
2024-11-04,LAC,SAS,113,104,H,Kai Jones,0,0
2024-11-04,CHO,MIN,93,114,A,Naz Reid,25,9
2024-11-04,CHO,MIN,93,114,A,Anthony Edwards,21,5
2024-11-04,CHO,MIN,93,114,A,Julius Randle,13,4
2024-11-04,CHO,MIN,93,114,A,Mike Conley,11,5
2024-11-04,CHO,MIN,93,114,A,Donte DiVincenzo,14,5
2024-11-04,CHO,MIN,93,114,A,Rudy Gobert,8,8
2024-11-04,CHO,MIN,93,114,A,Tre Mann,10,4
2024-11-04,CHO,MIN,93,114,A,LaMelo Ball,19,2
2024-11-04,CHO,MIN,93,114,A,Miles Bridges,10,6
2024-11-04,CHO,MIN,93,114,A,Cody Martin,6,3
2024-11-04,CHO,MIN,93,114,A,Jared Rhoden,4,2
2024-11-04,CHO,MIN,93,114,A,Taj Gibson,5,4
2024-11-04,CHO,MIN,93,114,A,Grant Williams,5,3
2024-11-04,CHO,MIN,93,114,A,Brandon Miller,10,2
2024-11-04,CHO,MIN,93,114,A,Jaden McDaniels,9,3
2024-11-04,CHO,MIN,93,114,A,Josh Green,8,0
2024-11-04,CHO,MIN,93,114,A,KJ Simpson,2,3
2024-11-04,CHO,MIN,93,114,A,Rob Dillingham,4,0
2024-11-04,CHO,MIN,93,114,A,Seth Curry,4,2
2024-11-04,CHO,MIN,93,114,A,Moussa Diabaté,2,5
2024-11-04,CHO,MIN,93,114,A,Nickeil Alexander-Walker,6,2
2024-11-04,CHO,MIN,93,114,A,Nick Smith,3,0
2024-11-04,CHO,MIN,93,114,A,Josh Minott,1,1
2024-11-04,CHO,MIN,93,114,A,PJ Dozier,0,0
2024-11-04,CHO,MIN,93,114,A,Luka Garza,2,3
2024-11-04,CHO,MIN,93,114,A,Terrence Shannon,0,0
2024-11-04,CHO,MIN,93,114,A,Tidjane Salaün ,5,2
2024-11-04,MIA,SAC,110,111,A,Jimmy Butler,27,2
2024-11-04,MIA,SAC,110,111,A,DeMar DeRozan,26,3
2024-11-04,MIA,SAC,110,111,A,Bam Adebayo,16,8
2024-11-04,MIA,SAC,110,111,A,De'Aaron Fox,28,6
2024-11-04,MIA,SAC,110,111,A,Tyler Herro,27,6
2024-11-04,MIA,SAC,110,111,A,Domantas Sabonis,16,16
2024-11-04,MIA,SAC,110,111,A,Pelle Larsson,13,2
2024-11-04,MIA,SAC,110,111,A,Keegan Murray,14,6
2024-11-04,MIA,SAC,110,111,A,Duncan Robinson,9,3
2024-11-04,MIA,SAC,110,111,A,Keon Ellis,7,3
2024-11-04,MIA,SAC,110,111,A,Terry Rozier,10,5
2024-11-04,MIA,SAC,110,111,A,Malik Monk,12,1
2024-11-04,MIA,SAC,110,111,A,Jordan McLaughlin,3,2
2024-11-04,MIA,SAC,110,111,A,Thomas Bryant,2,5
2024-11-04,MIA,SAC,110,111,A,Nikola Jović,4,1
2024-11-04,MIA,SAC,110,111,A,Trey Lyles,5,1
2024-11-04,MIA,SAC,110,111,A,Alec Burks,2,0
2024-11-04,MIA,SAC,110,111,A,Alex Len,0,1
2024-11-04,MIA,SAC,110,111,A,Haywood Highsmith,0,2
2024-11-04,MIA,SAC,110,111,A,Josh Richardson,0,2
2024-11-04,GSW,WAS,125,112,H,Jonas Valančiūnas,16,12
2024-11-04,GSW,WAS,125,112,H,Stephen Curry,24,3
2024-11-04,GSW,WAS,125,112,H,Jordan Poole,24,1
2024-11-04,GSW,WAS,125,112,H,Draymond Green,18,8
2024-11-04,GSW,WAS,125,112,H,Buddy Hield,20,5
2024-11-04,GSW,WAS,125,112,H,Carlton Carrington,16,8
2024-11-04,GSW,WAS,125,112,H,Kyshawn George,20,6
2024-11-04,GSW,WAS,125,112,H,Jonathan Kuminga,15,6
2024-11-04,GSW,WAS,125,112,H,Trayce Jackson-Davis,12,6
2024-11-04,GSW,WAS,125,112,H,Alex Sarr,10,11
2024-11-04,GSW,WAS,125,112,H,Moses Moody,10,1
2024-11-04,GSW,WAS,125,112,H,Jared Butler,7,0
2024-11-04,GSW,WAS,125,112,H,Gary Payton,6,3
2024-11-04,GSW,WAS,125,112,H,Kyle Anderson,6,3
2024-11-04,GSW,WAS,125,112,H,Kevon Looney,4,10
2024-11-04,GSW,WAS,125,112,H,Johnny Davis,6,0
2024-11-04,GSW,WAS,125,112,H,Corey Kispert,4,5
2024-11-04,GSW,WAS,125,112,H,Andrew Wiggins,5,4
2024-11-04,GSW,WAS,125,112,H,Lindy Waters,3,3
2024-11-04,GSW,WAS,125,112,H,Brandin Podziemski,2,4
2024-11-04,GSW,WAS,125,112,H,Bilal Coulibaly,9,4
2024-11-04,GSW,WAS,125,112,H,Anthony Gill,0,0
2024-11-04,GSW,WAS,125,112,H,Pat Spencer,0,0
2024-11-04,NOP,POR,100,118,A,Dalano Banton,20,1
2024-11-04,NOP,POR,100,118,A,Anfernee Simons,24,1
2024-11-04,NOP,POR,100,118,A,Deandre Ayton,19,13
2024-11-04,NOP,POR,100,118,A,Brandon Ingram,27,5
2024-11-04,NOP,POR,100,118,A,Brandon Boston,20,3
2024-11-04,NOP,POR,100,118,A,Toumani Camara,16,5
2024-11-04,NOP,POR,100,118,A,Jerami Grant,16,3
2024-11-04,NOP,POR,100,118,A,Jose Alvarado,18,1
2024-11-04,NOP,POR,100,118,A,Jeremiah Robinson-Earl,12,5
2024-11-04,NOP,POR,100,118,A,Yves Missi,4,7
2024-11-04,NOP,POR,100,118,A,Deni Avdija,7,6
2024-11-04,NOP,POR,100,118,A,Rayan Rupert,6,2
2024-11-04,NOP,POR,100,118,A,Jaylen Nowell,11,2
2024-11-04,NOP,POR,100,118,A,Daniel Theis,4,4
2024-11-04,NOP,POR,100,118,A,Donovan Clingan,4,3
2024-11-04,NOP,POR,100,118,A,Trey Jemison,2,1
2024-11-04,NOP,POR,100,118,A,Scoot Henderson,5,2
2024-11-04,NOP,POR,100,118,A,Kris Murray,1,1
2024-11-04,NOP,POR,100,118,A,Jabari Walker,0,1
2024-11-04,NOP,POR,100,118,A,Antonio Reeves,0,0
2024-11-04,NOP,POR,100,118,A,Javonte Green,0,1
2024-11-04,NOP,POR,100,118,A,Jamal Cain,2,5
2024-11-04,OKC,ORL,102,86,H,Jalen Williams,23,4
2024-11-04,OKC,ORL,102,86,H,Shai Gilgeous-Alexander,21,6
2024-11-04,OKC,ORL,102,86,H,Jalen Suggs,19,6
2024-11-04,OKC,ORL,102,86,H,Goga Bitadze,11,9
2024-11-04,OKC,ORL,102,86,H,Franz Wagner,22,4
2024-11-04,OKC,ORL,102,86,H,Aaron Wiggins,11,5
2024-11-04,OKC,ORL,102,86,H,Chet Holmgren,14,9
2024-11-04,OKC,ORL,102,86,H,Isaiah Joe,13,4
2024-11-04,OKC,ORL,102,86,H,Kentavious Caldwell-Pope,6,5
2024-11-04,OKC,ORL,102,86,H,Moritz Wagner,9,7
2024-11-04,OKC,ORL,102,86,H,Luguentz Dort,6,3
2024-11-04,OKC,ORL,102,86,H,Tristan Da Silva,9,3
2024-11-04,OKC,ORL,102,86,H,Ousmane Dieng,0,4
2024-11-04,OKC,ORL,102,86,H,Alex Caruso,3,0
2024-11-04,OKC,ORL,102,86,H,Ajay Mitchell,4,1
2024-11-04,OKC,ORL,102,86,H,Jonathan Isaac,4,1
2024-11-04,OKC,ORL,102,86,H,Cory Joseph,3,0
2024-11-04,OKC,ORL,102,86,H,Cason Wallace,4,4
2024-11-04,OKC,ORL,102,86,H,Cole Anthony,0,2
2024-11-04,OKC,ORL,102,86,H,Dillon Jones,3,1
2024-11-04,OKC,ORL,102,86,H,Jett Howard,0,0
2024-11-04,OKC,ORL,102,86,H,Malevy Leons,0,1
2024-11-04,OKC,ORL,102,86,H,Anthony Black,3,3
2024-11-04,OKC,ORL,102,86,H,Caleb Houstan,0,1
2024-11-06,ATL,NYK,121,116,H,Zaccharie Risacher,33,7
2024-11-06,ATL,NYK,121,116,H,Karl-Anthony Towns,34,16
2024-11-06,ATL,NYK,121,116,H,Jalen Johnson,23,15
2024-11-06,ATL,NYK,121,116,H,Trae Young,23,6
2024-11-06,ATL,NYK,121,116,H,Clint Capela,18,6
2024-11-06,ATL,NYK,121,116,H,Josh Hart,14,8
2024-11-06,ATL,NYK,121,116,H,Miles McBride,16,4
2024-11-06,ATL,NYK,121,116,H,OG Anunoby,15,6
2024-11-06,ATL,NYK,121,116,H,Jalen Brunson,21,3
2024-11-06,ATL,NYK,121,116,H,Garrison Mathews,9,3
2024-11-06,ATL,NYK,121,116,H,Mikal Bridges,10,2
2024-11-06,ATL,NYK,121,116,H,Tyler Kolek,6,0
2024-11-06,ATL,NYK,121,116,H,Onyeka Okongwu,2,4
2024-11-06,ATL,NYK,121,116,H,Keaton Wallace,7,0
2024-11-06,ATL,NYK,121,116,H,David Roddy,0,2
2024-11-06,ATL,NYK,121,116,H,Dyson Daniels,6,5
2024-11-06,ATL,NYK,121,116,H,Jericho Sims,0,2
2024-11-06,SAC,TOR,122,107,H,Domantas Sabonis,17,11
2024-11-06,SAC,TOR,122,107,H,Keegan Murray,22,12
2024-11-06,SAC,TOR,122,107,H,Davion Mitchell,20,3
2024-11-06,SAC,TOR,122,107,H,DeMar DeRozan,27,2
2024-11-06,SAC,TOR,122,107,H,RJ Barrett,23,3
2024-11-06,SAC,TOR,122,107,H,Chris Boucher,17,4
2024-11-06,SAC,TOR,122,107,H,De'Aaron Fox,21,1
2024-11-06,SAC,TOR,122,107,H,Jakob Poeltl,10,8
2024-11-06,SAC,TOR,122,107,H,Keon Ellis,8,3
2024-11-06,SAC,TOR,122,107,H,Ochai Agbaji,12,2
2024-11-06,SAC,TOR,122,107,H,Malik Monk,13,5
2024-11-06,SAC,TOR,122,107,H,Jonathan Mogbo,5,5
2024-11-06,SAC,TOR,122,107,H,Kevin Huerter,11,4
2024-11-06,SAC,TOR,122,107,H,Alex Len,3,6
2024-11-06,SAC,TOR,122,107,H,Jamal Shead,5,1
2024-11-06,SAC,TOR,122,107,H,Gradey Dick,7,4
2024-11-06,SAC,TOR,122,107,H,Ja'Kobe Walter,2,1
2024-11-06,SAC,TOR,122,107,H,Jamison Battle,6,2
2024-11-06,SAC,TOR,122,107,H,Trey Lyles,0,1
2024-11-06,SAC,TOR,122,107,H,Doug McDermott,0,1
2024-11-06,SAC,TOR,122,107,H,Colby Jones,0,0
2024-11-06,SAC,TOR,122,107,H,Bruno Fernando,0,1
2024-11-06,SAC,TOR,122,107,H,Isaac Jones,0,0
2024-11-06,SAC,TOR,122,107,H,Jordan McLaughlin,0,1
2024-11-06,DEN,OKC,124,122,H,Nikola Jokić,23,20
2024-11-06,DEN,OKC,124,122,H,Jalen Williams,29,10
2024-11-06,DEN,OKC,124,122,H,Russell Westbrook,29,6
2024-11-06,DEN,OKC,124,122,H,Christian Braun,24,8
2024-11-06,DEN,OKC,124,122,H,Michael Porter,24,7
2024-11-06,DEN,OKC,124,122,H,Shai Gilgeous-Alexander,28,2
2024-11-06,DEN,OKC,124,122,H,Luguentz Dort,11,6
2024-11-06,DEN,OKC,124,122,H,Aaron Wiggins,13,2
2024-11-06,DEN,OKC,124,122,H,Isaiah Joe,11,5
2024-11-06,DEN,OKC,124,122,H,Chet Holmgren,15,10
2024-11-06,DEN,OKC,124,122,H,Peyton Watson,10,3
2024-11-06,DEN,OKC,124,122,H,Ousmane Dieng,6,4
2024-11-06,DEN,OKC,124,122,H,Julian Strawther,9,5
2024-11-06,DEN,OKC,124,122,H,Alex Caruso,2,6
2024-11-06,DEN,OKC,124,122,H,Ajay Mitchell,3,0
2024-11-06,DEN,OKC,124,122,H,Zeke Nnaji,3,2
2024-11-06,DEN,OKC,124,122,H,Cason Wallace,4,2
2024-11-06,DEN,OKC,124,122,H,Hunter Tyson,2,4
2024-11-06,LAL,MEM,114,131,A,LeBron James,39,7
2024-11-06,LAL,MEM,114,131,A,Jaren Jackson,20,6
2024-11-06,LAL,MEM,114,131,A,Jaylen Wells,20,3
2024-11-06,LAL,MEM,114,131,A,Cam Reddish,15,6
2024-11-06,LAL,MEM,114,131,A,Austin Reaves,19,3
2024-11-06,LAL,MEM,114,131,A,Jake LaRavia,13,5
2024-11-06,LAL,MEM,114,131,A,Santi Aldama,11,12
2024-11-06,LAL,MEM,114,131,A,Ja Morant,20,4
2024-11-06,LAL,MEM,114,131,A,Scotty Pippen ,14,6
2024-11-06,LAL,MEM,114,131,A,Jay Huff,11,3
2024-11-06,LAL,MEM,114,131,A,Max Christie,8,3
2024-11-06,LAL,MEM,114,131,A,D'Angelo Russell,12,1
2024-11-06,LAL,MEM,114,131,A,Jaxson Hayes,8,10
2024-11-06,LAL,MEM,114,131,A,Zach Edey,8,7
2024-11-06,LAL,MEM,114,131,A,Luke Kennard,6,1
2024-11-06,LAL,MEM,114,131,A,Brandon Clarke,6,3
2024-11-06,LAL,MEM,114,131,A,Christian Koloko,2,2
2024-11-06,LAL,MEM,114,131,A,Dalton Knecht,3,4
2024-11-06,LAL,MEM,114,131,A,Yuki Kawamura,2,0
2024-11-06,LAL,MEM,114,131,A,Bronny James,2,0
2024-11-06,LAL,MEM,114,131,A,Gabe Vincent,6,1
2024-11-06,LAL,MEM,114,131,A,Colin Castleton,0,0
2024-11-06,BOS,GSW,112,118,A,Stephen Curry,27,7
2024-11-06,BOS,GSW,112,118,A,Jayson Tatum,32,4
2024-11-06,BOS,GSW,112,118,A,Derrick White,26,6
2024-11-06,BOS,GSW,112,118,A,Buddy Hield,16,6
2024-11-06,BOS,GSW,112,118,A,Neemias Queta,14,8
2024-11-06,BOS,GSW,112,118,A,Kyle Anderson,11,5
2024-11-06,BOS,GSW,112,118,A,Moses Moody,9,6
2024-11-06,BOS,GSW,112,118,A,Payton Pritchard,16,3
2024-11-06,BOS,GSW,112,118,A,Al Horford,10,7
2024-11-06,BOS,GSW,112,118,A,Kevon Looney,6,10
2024-11-06,BOS,GSW,112,118,A,Draymond Green,9,6
2024-11-06,BOS,GSW,112,118,A,Jrue Holiday,6,9
2024-11-06,BOS,GSW,112,118,A,Gary Payton,6,3
2024-11-06,BOS,GSW,112,118,A,Andrew Wiggins,16,2
2024-11-06,BOS,GSW,112,118,A,Trayce Jackson-Davis,8,2
2024-11-06,BOS,GSW,112,118,A,Sam Hauser,6,5
2024-11-06,BOS,GSW,112,118,A,Jonathan Kuminga,10,4
2024-11-06,BOS,GSW,112,118,A,Luke Kornet,2,3
2024-11-06,BOS,GSW,112,118,A,Jordan Walsh,0,2
2024-11-06,BOS,GSW,112,118,A,Lindy Waters,0,2
2024-11-06,CLE,NOP,131,122,H,Jose Alvarado,27,2
2024-11-06,CLE,NOP,131,122,H,Zion Williamson,29,8
2024-11-06,CLE,NOP,131,122,H,Donovan Mitchell,29,4
2024-11-06,CLE,NOP,131,122,H,Jarrett Allen,16,14
2024-11-06,CLE,NOP,131,122,H,Caris LeVert,16,6
2024-11-06,CLE,NOP,131,122,H,Darius Garland,14,1
2024-11-06,CLE,NOP,131,122,H,Brandon Ingram,20,5
2024-11-06,CLE,NOP,131,122,H,Brandon Boston,14,2
2024-11-06,CLE,NOP,131,122,H,Ty Jerome,11,3
2024-11-06,CLE,NOP,131,122,H,Javonte Green,11,3
2024-11-06,CLE,NOP,131,122,H,Evan Mobley,15,9
2024-11-06,CLE,NOP,131,122,H,Isaac Okoro,7,4
2024-11-06,CLE,NOP,131,122,H,Yves Missi,10,4
2024-11-06,CLE,NOP,131,122,H,Georges Niang,9,2
2024-11-06,CLE,NOP,131,122,H,Jeremiah Robinson-Earl,4,5
2024-11-06,CLE,NOP,131,122,H,Jordan Hawkins,7,4
2024-11-06,CLE,NOP,131,122,H,Craig Porter,5,1
2024-11-06,CLE,NOP,131,122,H,Sam Merrill,9,2
2024-11-06,CLE,NOP,131,122,H,Jamal Cain,0,0
2024-11-06,CLE,NOP,131,122,H,Daniel Theis,0,0
2024-11-06,CHI,DAL,99,119,A,Luka Dončić,27,7
2024-11-06,CHI,DAL,99,119,A,Daniel Gafford,17,7
2024-11-06,CHI,DAL,99,119,A,Kyrie Irving,17,6
2024-11-06,CHI,DAL,99,119,A,Nikola Vučević,14,10
2024-11-06,CHI,DAL,99,119,A,Matas Buzelis,13,9
2024-11-06,CHI,DAL,99,119,A,Klay Thompson,13,6
2024-11-06,CHI,DAL,99,119,A,Dwight Powell,5,5
2024-11-06,CHI,DAL,99,119,A,Talen Horton-Tucker,8,2
2024-11-06,CHI,DAL,99,119,A,Dalen Terry,10,4
2024-11-06,CHI,DAL,99,119,A,Naji Marshall,8,2
2024-11-06,CHI,DAL,99,119,A,Quentin Grimes,7,6
2024-11-06,CHI,DAL,99,119,A,Chris Duarte,7,2
2024-11-06,CHI,DAL,99,119,A,Julian Phillips,8,2
2024-11-06,CHI,DAL,99,119,A,Josh Giddey,10,3
2024-11-06,CHI,DAL,99,119,A,Jaden Hardy,11,0
2024-11-06,CHI,DAL,99,119,A,Jevon Carter,5,2
2024-11-06,CHI,DAL,99,119,A,Patrick Williams,8,6
2024-11-06,CHI,DAL,99,119,A,Jazian Gortman,3,0
2024-11-06,CHI,DAL,99,119,A,Brandon Williams,2,2
2024-11-06,CHI,DAL,99,119,A,Markieff Morris,0,2
2024-11-06,CHI,DAL,99,119,A,Olivier-Maxence Prosper,6,1
2024-11-06,CHI,DAL,99,119,A,Coby White,8,1
2024-11-06,CHI,DAL,99,119,A,Torrey Craig,0,0
2024-11-06,CHI,DAL,99,119,A,Ayo Dosunmu,6,5
2024-11-06,CHI,DAL,99,119,A,Jalen Smith,2,5
2024-11-06,CHI,DAL,99,119,A,Spencer Dinwiddie,3,3
2024-11-06,CHI,DAL,99,119,A,Kessler Edwards,0,0
2024-11-06,HOU,SAS,127,100,H,Fred VanVleet,21,7
2024-11-06,HOU,SAS,127,100,H,Jalen Green,21,5
2024-11-06,HOU,SAS,127,100,H,Alperen Sengun,16,5
2024-11-06,HOU,SAS,127,100,H,Tari Eason,12,4
2024-11-06,HOU,SAS,127,100,H,Amen Thompson,8,6
2024-11-06,HOU,SAS,127,100,H,Sandro Mamukelashvili,10,7
2024-11-06,HOU,SAS,127,100,H,Keldon Johnson,10,4
2024-11-06,HOU,SAS,127,100,H,Jabari Smith,12,4
2024-11-06,HOU,SAS,127,100,H,Victor Wembanyama,15,6
2024-11-06,HOU,SAS,127,100,H,Julian Champagnie,13,3
2024-11-06,HOU,SAS,127,100,H,Malaki Branham,10,4
2024-11-06,HOU,SAS,127,100,H,Jock Landale,11,6
2024-11-06,HOU,SAS,127,100,H,Chris Paul,10,2
2024-11-06,HOU,SAS,127,100,H,Dillon Brooks,10,2
2024-11-06,HOU,SAS,127,100,H,Jeff Green,5,1
2024-11-06,HOU,SAS,127,100,H,Charles Bassey,6,6
2024-11-06,HOU,SAS,127,100,H,Sidy Cissoko,5,2
2024-11-06,HOU,SAS,127,100,H,Cam Whitmore,4,1
2024-11-06,HOU,SAS,127,100,H,Stephon Castle,5,2
2024-11-06,HOU,SAS,127,100,H,Zach Collins,6,1
2024-11-06,HOU,SAS,127,100,H,Reed Sheppard,5,2
2024-11-06,HOU,SAS,127,100,H,Jae'Sean Tate,2,1
2024-11-06,HOU,SAS,127,100,H,David Duke,3,0
2024-11-06,HOU,SAS,127,100,H,Blake Wesley,5,0
2024-11-06,HOU,SAS,127,100,H,Riley Minix,0,2
2024-11-06,HOU,SAS,127,100,H,Aaron Holiday,0,1
2024-11-06,HOU,SAS,127,100,H,Harrison Ingram,0,1
2024-11-06,HOU,SAS,127,100,H,Harrison Barnes,2,1
2024-11-06,HOU,SAS,127,100,H,Jack McVeigh,0,0
2024-11-06,CHO,DET,108,107,H,Miles Bridges,27,7
2024-11-06,CHO,DET,108,107,H,LaMelo Ball,25,6
2024-11-06,CHO,DET,108,107,H,Jaden Ivey,21,4
2024-11-06,CHO,DET,108,107,H,Cade Cunningham,20,10
2024-11-06,CHO,DET,108,107,H,Paul Reed,13,2
2024-11-06,CHO,DET,108,107,H,Brandon Miller,19,6
2024-11-06,CHO,DET,108,107,H,Tobias Harris,14,7
2024-11-06,CHO,DET,108,107,H,Grant Williams,12,7
2024-11-06,CHO,DET,108,107,H,Tim Hardaway,13,3
2024-11-06,CHO,DET,108,107,H,Cody Martin,7,4
2024-11-06,CHO,DET,108,107,H,Simone Fontecchio,7,5
2024-11-06,CHO,DET,108,107,H,Isaiah Stewart,6,7
2024-11-06,CHO,DET,108,107,H,Taj Gibson,7,4
2024-11-06,CHO,DET,108,107,H,Ron Holland,8,4
2024-11-06,CHO,DET,108,107,H,Malik Beasley,5,1
2024-11-06,CHO,DET,108,107,H,Moussa Diabaté,4,5
2024-11-06,CHO,DET,108,107,H,Tidjane Salaün ,3,1
2024-11-06,CHO,DET,108,107,H,Tre Mann,4,3
2024-11-06,CHO,DET,108,107,H,Jalen Duren,0,3
2024-11-06,CHO,DET,108,107,H,Seth Curry,0,2
2024-11-06,CHO,DET,108,107,H,Josh Green,0,2
2024-11-06,LAC,PHI,110,98,H,Norman Powell,26,1
2024-11-06,LAC,PHI,110,98,H,Paul George,18,7
2024-11-06,LAC,PHI,110,98,H,Ivica Zubac,15,9
2024-11-06,LAC,PHI,110,98,H,Derrick Jones,14,4
2024-11-06,LAC,PHI,110,98,H,Kelly Oubre,18,2
2024-11-06,LAC,PHI,110,98,H,James Harden,18,4
2024-11-06,LAC,PHI,110,98,H,Andre Drummond,9,10
2024-11-06,LAC,PHI,110,98,H,KJ Martin,10,4
2024-11-06,LAC,PHI,110,98,H,Amir Coffey,11,3
2024-11-06,LAC,PHI,110,98,H,Caleb Martin,14,2
2024-11-06,LAC,PHI,110,98,H,Nicolas Batum,7,2
2024-11-06,LAC,PHI,110,98,H,Terance Mann,7,2
2024-11-06,LAC,PHI,110,98,H,Kris Dunn,4,1
2024-11-06,LAC,PHI,110,98,H,Jared McCain,5,1
2024-11-06,LAC,PHI,110,98,H,Ricky Council,7,1
2024-11-06,LAC,PHI,110,98,H,Guerschon Yabusele,4,1
2024-11-06,LAC,PHI,110,98,H,Tyrese Maxey,12,1
2024-11-06,LAC,PHI,110,98,H,Kobe Brown,2,0
2024-11-06,LAC,PHI,110,98,H,Bones Hyland,2,1
2024-11-06,LAC,PHI,110,98,H,Reggie Jackson,0,0
2024-11-06,LAC,PHI,110,98,H,Kai Jones,2,0
2024-11-06,LAC,PHI,110,98,H,Adem Bona,0,0
2024-11-06,LAC,PHI,110,98,H,Kyle Lowry,0,2
2024-11-06,LAC,PHI,110,98,H,Kevin Porter,2,2
2024-11-06,LAC,PHI,110,98,H,Jordan Miller,0,0
2024-11-06,LAC,PHI,110,98,H,Eric Gordon,1,1
2024-11-06,MIA,PHO,112,115,A,Jusuf Nurkić,20,18
2024-11-06,MIA,PHO,112,115,A,Tyler Herro,28,3
2024-11-06,MIA,PHO,112,115,A,Kevin Durant,32,8
2024-11-06,MIA,PHO,112,115,A,Haywood Highsmith,19,7
2024-11-06,MIA,PHO,112,115,A,Devin Booker,22,4
2024-11-06,MIA,PHO,112,115,A,Bam Adebayo,12,12
2024-11-06,MIA,PHO,112,115,A,Jimmy Butler,15,7
2024-11-06,MIA,PHO,112,115,A,Royce O'Neale,6,7
2024-11-06,MIA,PHO,112,115,A,Alec Burks,5,2
2024-11-06,MIA,PHO,112,115,A,Mason Plumlee,4,3
2024-11-06,MIA,PHO,112,115,A,Bradley Beal,7,2
2024-11-06,MIA,PHO,112,115,A,Kel'el Ware,7,3
2024-11-06,MIA,PHO,112,115,A,Ryan Dunn,7,1
2024-11-06,MIA,PHO,112,115,A,Duncan Robinson,9,1
2024-11-06,MIA,PHO,112,115,A,Grayson Allen,12,2
2024-11-06,MIA,PHO,112,115,A,Tyus Jones,5,1
2024-11-06,MIA,PHO,112,115,A,Terry Rozier,7,7
2024-11-06,MIA,PHO,112,115,A,Nikola Jović,4,1
2024-11-06,MIA,PHO,112,115,A,Pelle Larsson,6,0
2024-11-06,IND,ORL,118,111,H,Jarace Walker,17,6
2024-11-06,IND,ORL,118,111,H,Bennedict Mathurin,20,11
2024-11-06,IND,ORL,118,111,H,Franz Wagner,28,8
2024-11-06,IND,ORL,118,111,H,Tyrese Haliburton,17,3
2024-11-06,IND,ORL,118,111,H,Pascal Siakam,17,4
2024-11-06,IND,ORL,118,111,H,T.J. McConnell,15,0
2024-11-06,IND,ORL,118,111,H,Kentavious Caldwell-Pope,13,5
2024-11-06,IND,ORL,118,111,H,Jalen Suggs,15,5
2024-11-06,IND,ORL,118,111,H,Anthony Black,12,0
2024-11-06,IND,ORL,118,111,H,Goga Bitadze,10,12
2024-11-06,IND,ORL,118,111,H,Moritz Wagner,14,1
2024-11-06,IND,ORL,118,111,H,Myles Turner,17,10
2024-11-06,IND,ORL,118,111,H,Jonathan Isaac,9,6
2024-11-06,IND,ORL,118,111,H,Ben Sheppard,6,0
2024-11-06,IND,ORL,118,111,H,Andrew Nembhard,5,2
2024-11-06,IND,ORL,118,111,H,Gary Harris,5,1
2024-11-06,IND,ORL,118,111,H,Obi Toppin,4,0
2024-11-06,IND,ORL,118,111,H,Tristan Da Silva,5,0
2024-11-06,IND,ORL,118,111,H,Jett Howard,0,0
2024-11-07,MIL,UTA,123,100,H,Damian Lillard,34,4
2024-11-07,MIL,UTA,123,100,H,Giannis Antetokounmpo,31,16
2024-11-07,MIL,UTA,123,100,H,Bobby Portis,19,6
2024-11-07,MIL,UTA,123,100,H,Andre Jackson,7,3
2024-11-07,MIL,UTA,123,100,H,Jordan Clarkson,18,4
2024-11-07,MIL,UTA,123,100,H,Johnny Juzang,12,1
2024-11-07,MIL,UTA,123,100,H,A.J. Green,12,0
2024-11-07,MIL,UTA,123,100,H,Collin Sexton,14,2
2024-11-07,MIL,UTA,123,100,H,Walker Kessler,6,8
2024-11-07,MIL,UTA,123,100,H,Lauri Markkanen,8,7
2024-11-07,MIL,UTA,123,100,H,Taurean Prince,6,4
2024-11-07,MIL,UTA,123,100,H,Brice Sensabaugh,6,1
2024-11-07,MIL,UTA,123,100,H,Drew Eubanks,4,7
2024-11-07,MIL,UTA,123,100,H,John Collins,11,3
2024-11-07,MIL,UTA,123,100,H,Patty Mills,5,1
2024-11-07,MIL,UTA,123,100,H,Cody Williams,6,2
2024-11-07,MIL,UTA,123,100,H,Ryan Rollins,2,1
2024-11-07,MIL,UTA,123,100,H,Keyonte George,10,3
2024-11-07,MIL,UTA,123,100,H,Stanley Umude,3,0
2024-11-07,MIL,UTA,123,100,H,Brook Lopez,1,5
2024-11-07,MIL,UTA,123,100,H,Pat Connaughton,3,0
2024-11-07,MIL,UTA,123,100,H,MarJon Beauchamp,2,2
2024-11-07,MIL,UTA,123,100,H,Liam Robbins,1,0
2024-11-07,MIL,UTA,123,100,H,Kyle Filipowski,0,0
2024-11-07,MIL,UTA,123,100,H,Tyler Smith,0,0
2024-11-07,MIL,UTA,123,100,H,Gary Trent,2,0
2024-11-07,MIL,UTA,123,100,H,Isaiah Collier,0,0
2024-11-07,CHI,MIN,119,135,A,Anthony Edwards,33,8
2024-11-07,CHI,MIN,119,135,A,Rudy Gobert,21,9
2024-11-07,CHI,MIN,119,135,A,Nikola Vučević,25,5
2024-11-07,CHI,MIN,119,135,A,Coby White,24,0
2024-11-07,CHI,MIN,119,135,A,Mike Conley,14,2
2024-11-07,CHI,MIN,119,135,A,Julius Randle,22,10
2024-11-07,CHI,MIN,119,135,A,Jaden McDaniels,19,2
2024-11-07,CHI,MIN,119,135,A,Josh Giddey,9,6
2024-11-07,CHI,MIN,119,135,A,Talen Horton-Tucker,13,5
2024-11-07,CHI,MIN,119,135,A,Donte DiVincenzo,13,4
2024-11-07,CHI,MIN,119,135,A,Ayo Dosunmu,13,3
2024-11-07,CHI,MIN,119,135,A,Patrick Williams,12,0
2024-11-07,CHI,MIN,119,135,A,Jalen Smith,9,6
2024-11-07,CHI,MIN,119,135,A,Dalen Terry,6,3
2024-11-07,CHI,MIN,119,135,A,Julian Phillips,6,1
2024-11-07,CHI,MIN,119,135,A,Terrence Shannon,4,0
2024-11-07,CHI,MIN,119,135,A,Matas Buzelis,2,3
2024-11-07,CHI,MIN,119,135,A,Nickeil Alexander-Walker,5,1
2024-11-07,CHI,MIN,119,135,A,Naz Reid,4,2
2024-11-07,CHI,MIN,119,135,A,Jevon Carter,0,0
2024-11-07,CHI,MIN,119,135,A,Rob Dillingham,0,0
2024-11-07,CHI,MIN,119,135,A,PJ Dozier,0,0
2024-11-07,CHI,MIN,119,135,A,Chris Duarte,0,0
2024-11-07,CHI,MIN,119,135,A,Luka Garza,0,1
2024-11-07,CHI,MIN,119,135,A,Josh Minott,0,1
2024-11-07,POR,SAS,105,118,A,Deandre Ayton,21,10
2024-11-07,POR,SAS,105,118,A,Keldon Johnson,17,11
2024-11-07,POR,SAS,105,118,A,Blake Wesley,10,1
2024-11-07,POR,SAS,105,118,A,Malaki Branham,17,1
2024-11-07,POR,SAS,105,118,A,Stephon Castle,14,3
2024-11-07,POR,SAS,105,118,A,Jerami Grant,21,3
2024-11-07,POR,SAS,105,118,A,Anfernee Simons,19,0
2024-11-07,POR,SAS,105,118,A,Julian Champagnie,14,6
2024-11-07,POR,SAS,105,118,A,Zach Collins,14,2
2024-11-07,POR,SAS,105,118,A,Deni Avdija,9,7
2024-11-07,POR,SAS,105,118,A,Victor Wembanyama,12,8
2024-11-07,POR,SAS,105,118,A,Shaedon Sharpe,13,2
2024-11-07,POR,SAS,105,118,A,Harrison Barnes,11,7
2024-11-07,POR,SAS,105,118,A,Chris Paul,6,2
2024-11-07,POR,SAS,105,118,A,Scoot Henderson,11,3
2024-11-07,POR,SAS,105,118,A,Donovan Clingan,0,4
2024-11-07,POR,SAS,105,118,A,Jabari Walker,3,0
2024-11-07,POR,SAS,105,118,A,Dalano Banton,4,3
2024-11-07,POR,SAS,105,118,A,Toumani Camara,4,9
2024-11-07,POR,SAS,105,118,A,Sandro Mamukelashvili,3,3
2024-11-07,POR,SAS,105,118,A,Sidy Cissoko,0,1
2024-11-07,POR,SAS,105,118,A,Charles Bassey,0,0
2024-11-07,POR,SAS,105,118,A,Kris Murray,0,0
2024-11-07,POR,SAS,105,118,A,Duop Reath,0,0
2024-11-07,POR,SAS,105,118,A,Rayan Rupert,0,0
2024-11-08,DEN,MIA,135,122,H,Nikola Jokić,30,11
2024-11-08,DEN,MIA,135,122,H,Tyler Herro,24,7
2024-11-08,DEN,MIA,135,122,H,Jamal Murray,28,4
2024-11-08,DEN,MIA,135,122,H,Christian Braun,21,6
2024-11-08,DEN,MIA,135,122,H,Michael Porter,21,5
2024-11-08,DEN,MIA,135,122,H,Duncan Robinson,20,3
2024-11-08,DEN,MIA,135,122,H,Peyton Watson,16,5
2024-11-08,DEN,MIA,135,122,H,Bam Adebayo,20,9
2024-11-08,DEN,MIA,135,122,H,Nikola Jović,11,4
2024-11-08,DEN,MIA,135,122,H,Terry Rozier,15,3
2024-11-08,DEN,MIA,135,122,H,Josh Richardson,10,2
2024-11-08,DEN,MIA,135,122,H,Haywood Highsmith,15,0
2024-11-08,DEN,MIA,135,122,H,Russell Westbrook,6,4
2024-11-08,DEN,MIA,135,122,H,Hunter Tyson,7,2
2024-11-08,DEN,MIA,135,122,H,Pelle Larsson,5,2
2024-11-08,DEN,MIA,135,122,H,Jimmy Butler,2,1
2024-11-08,DEN,MIA,135,122,H,Thomas Bryant,0,2
2024-11-08,DEN,MIA,135,122,H,Zeke Nnaji,0,1
2024-11-08,DEN,MIA,135,122,H,Julian Strawther,6,1
2024-11-08,DEN,MIA,135,122,H,Kel'el Ware,0,0
2024-11-08,ATL,DET,121,122,A,Trae Young,35,2
2024-11-08,ATL,DET,121,122,A,Tobias Harris,22,6
2024-11-08,ATL,DET,121,122,A,Cade Cunningham,22,11
2024-11-08,ATL,DET,121,122,A,Dyson Daniels,18,3
2024-11-08,ATL,DET,121,122,A,Malik Beasley,22,2
2024-11-08,ATL,DET,121,122,A,Larry Nance,13,1
2024-11-08,ATL,DET,121,122,A,Isaiah Stewart,10,11
2024-11-08,ATL,DET,121,122,A,Jalen Johnson,20,9
2024-11-08,ATL,DET,121,122,A,Jaden Ivey,18,3
2024-11-08,ATL,DET,121,122,A,Simone Fontecchio,11,5
2024-11-08,ATL,DET,121,122,A,Garrison Mathews,8,2
2024-11-08,ATL,DET,121,122,A,Tim Hardaway,7,5
2024-11-08,ATL,DET,121,122,A,Onyeka Okongwu,8,5
2024-11-08,ATL,DET,121,122,A,Clint Capela,7,12
2024-11-08,ATL,DET,121,122,A,Zaccharie Risacher,7,5
2024-11-08,ATL,DET,121,122,A,David Roddy,3,5
2024-11-08,ATL,DET,121,122,A,Ron Holland,5,1
2024-11-08,ATL,DET,121,122,A,Keaton Wallace,2,0
2024-11-08,ATL,DET,121,122,A,Paul Reed,5,1
2024-11-08,DAL,PHO,113,114,A,Kyrie Irving,29,7
2024-11-08,DAL,PHO,113,114,A,Kevin Durant,26,5
2024-11-08,DAL,PHO,113,114,A,Luka Dončić,30,7
2024-11-08,DAL,PHO,113,114,A,Royce O'Neale,18,5
2024-11-08,DAL,PHO,113,114,A,Devin Booker,13,6
2024-11-08,DAL,PHO,113,114,A,Daniel Gafford,15,7
2024-11-08,DAL,PHO,113,114,A,Jusuf Nurkić,15,10
2024-11-08,DAL,PHO,113,114,A,Tyus Jones,17,2
2024-11-08,DAL,PHO,113,114,A,Naji Marshall,18,5
2024-11-08,DAL,PHO,113,114,A,Bradley Beal,15,4
2024-11-08,DAL,PHO,113,114,A,Dwight Powell,4,6
2024-11-08,DAL,PHO,113,114,A,Klay Thompson,12,4
2024-11-08,DAL,PHO,113,114,A,Spencer Dinwiddie,3,0
2024-11-08,DAL,PHO,113,114,A,Josh Okogie,6,0
2024-11-08,DAL,PHO,113,114,A,Mason Plumlee,4,2
2024-11-08,DAL,PHO,113,114,A,Quentin Grimes,2,2
2024-11-08,DAL,PHO,113,114,A,Jaden Hardy,0,0
2024-11-08,DAL,PHO,113,114,A,Grayson Allen,0,3
2024-11-08,DAL,PHO,113,114,A,Olivier-Maxence Prosper,0,1
2024-11-08,DAL,PHO,113,114,A,Kessler Edwards,0,0
2024-11-08,LAL,PHI,116,106,H,LeBron James,21,12
2024-11-08,LAL,PHI,116,106,H,Anthony Davis,31,9
2024-11-08,LAL,PHI,116,106,H,Austin Reaves,20,6
2024-11-08,LAL,PHI,116,106,H,Guerschon Yabusele,14,5
2024-11-08,LAL,PHI,116,106,H,Caleb Martin,13,3
2024-11-08,LAL,PHI,116,106,H,Andre Drummond,14,12
2024-11-08,LAL,PHI,116,106,H,D'Angelo Russell,18,2
2024-11-08,LAL,PHI,116,106,H,KJ Martin,11,2
2024-11-08,LAL,PHI,116,106,H,Jaxson Hayes,8,2
2024-11-08,LAL,PHI,116,106,H,Jared McCain,18,1
2024-11-08,LAL,PHI,116,106,H,Paul George,9,4
2024-11-08,LAL,PHI,116,106,H,Cam Reddish,3,5
2024-11-08,LAL,PHI,116,106,H,Kyle Lowry,5,3
2024-11-08,LAL,PHI,116,106,H,Rui Hachimura,9,4
2024-11-08,LAL,PHI,116,106,H,Adem Bona,3,1
2024-11-08,LAL,PHI,116,106,H,Lester Quiñones,3,2
2024-11-08,LAL,PHI,116,106,H,Kelly Oubre,9,6
2024-11-08,LAL,PHI,116,106,H,Ricky Council,2,3
2024-11-08,LAL,PHI,116,106,H,Jeff Dowtin,2,0
2024-11-08,LAL,PHI,116,106,H,Christian Koloko,0,1
2024-11-08,LAL,PHI,116,106,H,Max Christie,2,0
2024-11-08,LAL,PHI,116,106,H,Jalen Hood-Schifino,0,0
2024-11-08,LAL,PHI,116,106,H,Bronny James,0,0
2024-11-08,LAL,PHI,116,106,H,Gabe Vincent,2,0
2024-11-08,LAL,PHI,116,106,H,Reggie Jackson,3,2
2024-11-08,LAL,PHI,116,106,H,Maxwell Lewis,0,0
2024-11-08,LAL,PHI,116,106,H,Dalton Knecht,2,4
2024-11-08,CHO,IND,103,83,H,Brandon Miller,29,6
2024-11-08,CHO,IND,103,83,H,Pascal Siakam,27,4
2024-11-08,CHO,IND,103,83,H,LaMelo Ball,31,7
2024-11-08,CHO,IND,103,83,H,Bennedict Mathurin,22,6
2024-11-08,CHO,IND,103,83,H,Cody Martin,15,5
2024-11-08,CHO,IND,103,83,H,Tre Mann,14,2
2024-11-08,CHO,IND,103,83,H,Myles Turner,12,10
2024-11-08,CHO,IND,103,83,H,Tyrese Haliburton,6,7
2024-11-08,CHO,IND,103,83,H,Moussa Diabaté,0,15
2024-11-08,CHO,IND,103,83,H,Grant Williams,8,9
2024-11-08,CHO,IND,103,83,H,Jarace Walker,5,2
2024-11-08,CHO,IND,103,83,H,Quenton Jackson,7,2
2024-11-08,CHO,IND,103,83,H,Taj Gibson,2,3
2024-11-08,CHO,IND,103,83,H,Obi Toppin,2,2
2024-11-08,CHO,IND,103,83,H,Enrique Freeman,0,0
2024-11-08,CHO,IND,103,83,H,Josh Green,2,1
2024-11-08,CHO,IND,103,83,H,Seth Curry,0,0
2024-11-08,CHO,IND,103,83,H,Johnny Furphy,0,1
2024-11-08,CHO,IND,103,83,H,Jared Rhoden,0,1
2024-11-08,CHO,IND,103,83,H,Ben Sheppard,2,3
2024-11-08,CHO,IND,103,83,H,Tidjane Salaün ,2,7
2024-11-08,CHO,IND,103,83,H,James Johnson,0,0
2024-11-08,CHO,IND,103,83,H,Nick Smith,0,0
2024-11-08,MIN,POR,127,102,H,Anthony Edwards,37,6
2024-11-08,MIN,POR,127,102,H,Robert Williams,13,3
2024-11-08,MIN,POR,127,102,H,Julius Randle,22,6
2024-11-08,MIN,POR,127,102,H,Dalano Banton,12,2
2024-11-08,MIN,POR,127,102,H,Donte DiVincenzo,14,3
2024-11-08,MIN,POR,127,102,H,Rudy Gobert,8,15
2024-11-08,MIN,POR,127,102,H,Nickeil Alexander-Walker,9,6
2024-11-08,MIN,POR,127,102,H,Naz Reid,15,4
2024-11-08,MIN,POR,127,102,H,Scoot Henderson,16,4
2024-11-08,MIN,POR,127,102,H,Jerami Grant,12,1
2024-11-08,MIN,POR,127,102,H,Rob Dillingham,7,3
2024-11-08,MIN,POR,127,102,H,Anfernee Simons,14,1
2024-11-08,MIN,POR,127,102,H,Deni Avdija,9,5
2024-11-08,MIN,POR,127,102,H,Donovan Clingan,6,3
2024-11-08,MIN,POR,127,102,H,Kris Murray,4,2
2024-11-08,MIN,POR,127,102,H,Jaden McDaniels,5,3
2024-11-08,MIN,POR,127,102,H,Deandre Ayton,4,6
2024-11-08,MIN,POR,127,102,H,Luka Garza,6,0
2024-11-08,MIN,POR,127,102,H,Terrence Shannon,0,0
2024-11-08,MIN,POR,127,102,H,PJ Dozier,0,2
2024-11-08,MIN,POR,127,102,H,Josh Minott,2,0
2024-11-08,MIN,POR,127,102,H,Rayan Rupert,3,1
2024-11-08,MIN,POR,127,102,H,Shaedon Sharpe,6,2
2024-11-08,MIN,POR,127,102,H,Jabari Walker,0,2
2024-11-08,MIN,POR,127,102,H,Mike Conley,2,1
2024-11-08,MIN,POR,127,102,H,Toumani Camara,3,5
2024-11-08,MIL,NYK,94,116,A,Karl-Anthony Towns,32,11
2024-11-08,MIL,NYK,94,116,A,Giannis Antetokounmpo,24,12
2024-11-08,MIL,NYK,94,116,A,Josh Hart,11,9
2024-11-08,MIL,NYK,94,116,A,Damian Lillard,19,6
2024-11-08,MIL,NYK,94,116,A,Jalen Brunson,15,2
2024-11-08,MIL,NYK,94,116,A,OG Anunoby,14,6
2024-11-08,MIL,NYK,94,116,A,Miles McBride,14,5
2024-11-08,MIL,NYK,94,116,A,Mikal Bridges,17,3
2024-11-08,MIL,NYK,94,116,A,Tyler Kolek,8,4
2024-11-08,MIL,NYK,94,116,A,Tyler Smith,10,2
2024-11-08,MIL,NYK,94,116,A,A.J. Green,9,0
2024-11-08,MIL,NYK,94,116,A,Brook Lopez,7,3
2024-11-08,MIL,NYK,94,116,A,Ryan Rollins,7,1
2024-11-08,MIL,NYK,94,116,A,MarJon Beauchamp,4,2
2024-11-08,MIL,NYK,94,116,A,Jericho Sims,2,5
2024-11-08,MIL,NYK,94,116,A,Liam Robbins,2,3
2024-11-08,MIL,NYK,94,116,A,Matt Ryan,3,0
2024-11-08,MIL,NYK,94,116,A,Andre Jackson,3,0
2024-11-08,MIL,NYK,94,116,A,Pat Connaughton,2,0
2024-11-08,MIL,NYK,94,116,A,Taurean Prince,3,5
2024-11-08,MIL,NYK,94,116,A,Pacome Dadiet,0,1
2024-11-08,MIL,NYK,94,116,A,Bobby Portis,4,5
2024-11-08,MIL,NYK,94,116,A,Ariel Hukporti,0,2
2024-11-08,MIL,NYK,94,116,A,Stanley Umude,0,2
2024-11-08,HOU,OKC,107,126,A,Chet Holmgren,29,5
2024-11-08,HOU,OKC,107,126,A,Shai Gilgeous-Alexander,29,5
2024-11-08,HOU,OKC,107,126,A,Ajay Mitchell,12,2
2024-11-08,HOU,OKC,107,126,A,Dillon Brooks,17,4
2024-11-08,HOU,OKC,107,126,A,Alex Caruso,10,4
2024-11-08,HOU,OKC,107,126,A,Amen Thompson,14,7
2024-11-08,HOU,OKC,107,126,A,Aaron Wiggins,8,5
2024-11-08,HOU,OKC,107,126,A,Isaiah Joe,14,6
2024-11-08,HOU,OKC,107,126,A,Jalen Williams,14,5
2024-11-08,HOU,OKC,107,126,A,Alperen Sengun,11,9
2024-11-08,HOU,OKC,107,126,A,Tari Eason,12,6
2024-11-08,HOU,OKC,107,126,A,Fred VanVleet,11,3
2024-11-08,HOU,OKC,107,126,A,Jalen Green,14,4
2024-11-08,HOU,OKC,107,126,A,Cason Wallace,4,5
2024-11-08,HOU,OKC,107,126,A,Reed Sheppard,4,2
2024-11-08,HOU,OKC,107,126,A,Jae'Sean Tate,6,5
2024-11-08,HOU,OKC,107,126,A,Aaron Holiday,3,1
2024-11-08,HOU,OKC,107,126,A,Steven Adams,5,2
2024-11-08,HOU,OKC,107,126,A,Jeff Green,3,0
2024-11-08,HOU,OKC,107,126,A,Jack McVeigh,3,2
2024-11-08,HOU,OKC,107,126,A,Jabari Smith,4,1
2024-11-08,HOU,OKC,107,126,A,Malevy Leons,1,0
2024-11-08,HOU,OKC,107,126,A,Ousmane Dieng,0,2
2024-11-08,HOU,OKC,107,126,A,Dillon Jones,2,2
2024-11-08,HOU,OKC,107,126,A,Jock Landale,0,2
2024-11-08,HOU,OKC,107,126,A,Luguentz Dort,3,0
2024-11-08,MEM,WAS,128,104,H,Jaren Jackson,39,6
2024-11-08,MEM,WAS,128,104,H,Jonas Valančiūnas,16,5
2024-11-08,MEM,WAS,128,104,H,Scotty Pippen ,11,10
2024-11-08,MEM,WAS,128,104,H,Kyshawn George,17,6
2024-11-08,MEM,WAS,128,104,H,Jay Huff,12,4
2024-11-08,MEM,WAS,128,104,H,Zach Edey,14,8
2024-11-08,MEM,WAS,128,104,H,Carlton Carrington,10,10
2024-11-08,MEM,WAS,128,104,H,Jake LaRavia,9,5
2024-11-08,MEM,WAS,128,104,H,Corey Kispert,14,2
2024-11-08,MEM,WAS,128,104,H,Santi Aldama,12,5
2024-11-08,MEM,WAS,128,104,H,Luke Kennard,11,3
2024-11-08,MEM,WAS,128,104,H,Brandon Clarke,6,4
2024-11-08,MEM,WAS,128,104,H,Bilal Coulibaly,10,3
2024-11-08,MEM,WAS,128,104,H,Jared Butler,5,3
2024-11-08,MEM,WAS,128,104,H,Anthony Gill,5,1
2024-11-08,MEM,WAS,128,104,H,Jaylen Wells,11,0
2024-11-08,MEM,WAS,128,104,H,Richaun Holmes,6,2
2024-11-08,MEM,WAS,128,104,H,John Konchar,0,2
2024-11-08,MEM,WAS,128,104,H,Alex Sarr,8,5
2024-11-08,MEM,WAS,128,104,H,Yuki Kawamura,3,2
2024-11-08,MEM,WAS,128,104,H,Jordan Poole,10,2
2024-11-08,MEM,WAS,128,104,H,Colin Castleton,0,1
2024-11-08,MEM,WAS,128,104,H,Johnny Davis,3,2
2024-11-08,MEM,WAS,128,104,H,Patrick Baldwin,0,0
2024-11-08,BOS,BRK,108,104,H,Jayson Tatum,33,9
2024-11-08,BOS,BRK,108,104,H,Cam Thomas,31,3
2024-11-08,BOS,BRK,108,104,H,Cameron Johnson,18,8
2024-11-08,BOS,BRK,108,104,H,Payton Pritchard,20,1
2024-11-08,BOS,BRK,108,104,H,Jrue Holiday,17,2
2024-11-08,BOS,BRK,108,104,H,Derrick White,14,3
2024-11-08,BOS,BRK,108,104,H,Ben Simmons,8,6
2024-11-08,BOS,BRK,108,104,H,Al Horford,13,10
2024-11-08,BOS,BRK,108,104,H,Dennis Schröder,20,3
2024-11-08,BOS,BRK,108,104,H,Sam Hauser,8,4
2024-11-08,BOS,BRK,108,104,H,Ziaire Williams,9,12
2024-11-08,BOS,BRK,108,104,H,Nic Claxton,2,10
2024-11-08,BOS,BRK,108,104,H,Neemias Queta,3,10
2024-11-08,BOS,BRK,108,104,H,Dorian Finney-Smith,5,5
2024-11-08,BOS,BRK,108,104,H,Jalen Wilson,8,2
2024-11-08,BOS,BRK,108,104,H,Jordan Walsh,0,0
2024-11-08,BOS,BRK,108,104,H,Keon Johnson,3,2
2024-11-08,BOS,BRK,108,104,H,Xavier Tillman,0,0
2024-11-08,NOP,ORL,88,115,A,Brandon Boston,26,6
2024-11-08,NOP,ORL,88,115,A,Franz Wagner,27,5
2024-11-08,NOP,ORL,88,115,A,Goga Bitadze,11,9
2024-11-08,NOP,ORL,88,115,A,Jose Alvarado,21,5
2024-11-08,NOP,ORL,88,115,A,Moritz Wagner,17,4
2024-11-08,NOP,ORL,88,115,A,Kentavious Caldwell-Pope,7,3
2024-11-08,NOP,ORL,88,115,A,Jonathan Isaac,10,2
2024-11-08,NOP,ORL,88,115,A,Anthony Black,11,3
2024-11-08,NOP,ORL,88,115,A,Cole Anthony,8,6
2024-11-08,NOP,ORL,88,115,A,Gary Harris,7,1
2024-11-08,NOP,ORL,88,115,A,Jeremiah Robinson-Earl,12,4
2024-11-08,NOP,ORL,88,115,A,Jaylen Nowell,10,0
2024-11-08,NOP,ORL,88,115,A,Jalen Suggs,7,6
2024-11-08,NOP,ORL,88,115,A,Brandon Ingram,11,5
2024-11-08,NOP,ORL,88,115,A,Antonio Reeves,3,3
2024-11-08,NOP,ORL,88,115,A,Cory Joseph,3,0
2024-11-08,NOP,ORL,88,115,A,Daniel Theis,2,1
2024-11-08,NOP,ORL,88,115,A,Tristan Da Silva,7,3
2024-11-08,NOP,ORL,88,115,A,Yves Missi,0,1
2024-11-08,NOP,ORL,88,115,A,Caleb Houstan,0,1
2024-11-08,NOP,ORL,88,115,A,Javonte Green,3,1
2024-11-08,NOP,ORL,88,115,A,Jett Howard,0,0
2024-11-08,NOP,ORL,88,115,A,Jamal Cain,0,2
2024-11-08,NOP,ORL,88,115,A,Trey Jemison,0,3
2024-11-08,LAC,SAC,107,98,H,Domantas Sabonis,23,12
2024-11-08,LAC,SAC,107,98,H,Norman Powell,31,12
2024-11-08,LAC,SAC,107,98,H,Ivica Zubac,13,15
2024-11-08,LAC,SAC,107,98,H,De'Aaron Fox,31,3
2024-11-08,LAC,SAC,107,98,H,Malik Monk,17,1
2024-11-08,LAC,SAC,107,98,H,James Harden,22,4
2024-11-08,LAC,SAC,107,98,H,Derrick Jones,14,4
2024-11-08,LAC,SAC,107,98,H,DeMar DeRozan,13,1
2024-11-08,LAC,SAC,107,98,H,Amir Coffey,14,1
2024-11-08,LAC,SAC,107,98,H,Keegan Murray,7,10
2024-11-08,LAC,SAC,107,98,H,Kevin Porter,11,0
2024-11-08,LAC,SAC,107,98,H,Terance Mann,2,5
2024-11-08,LAC,SAC,107,98,H,Kevin Huerter,4,2
2024-11-08,LAC,SAC,107,98,H,Alex Len,0,3
2024-11-08,LAC,SAC,107,98,H,Kris Dunn,0,3
2024-11-08,LAC,SAC,107,98,H,Keon Ellis,3,1
2024-11-08,LAC,SAC,107,98,H,Nicolas Batum,0,4
2024-11-08,LAC,SAC,107,98,H,Trey Lyles,0,2
2024-11-08,CLE,GSW,136,117,H,Darius Garland,27,3
2024-11-08,CLE,GSW,136,117,H,Evan Mobley,23,4
2024-11-08,CLE,GSW,136,117,H,Jonathan Kuminga,21,5
2024-11-08,CLE,GSW,136,117,H,Ty Jerome,20,1
2024-11-08,CLE,GSW,136,117,H,Brandin Podziemski,14,7
2024-11-08,CLE,GSW,136,117,H,Isaac Okoro,16,1
2024-11-08,CLE,GSW,136,117,H,Jarrett Allen,13,12
2024-11-08,CLE,GSW,136,117,H,Caris LeVert,8,7
2024-11-08,CLE,GSW,136,117,H,Kevon Looney,9,7
2024-11-08,CLE,GSW,136,117,H,Andrew Wiggins,11,1
2024-11-08,CLE,GSW,136,117,H,Gary Payton,8,2
2024-11-08,CLE,GSW,136,117,H,Dean Wade,3,6
2024-11-08,CLE,GSW,136,117,H,Draymond Green,6,2
2024-11-08,CLE,GSW,136,117,H,Moses Moody,11,2
2024-11-08,CLE,GSW,136,117,H,Trayce Jackson-Davis,3,5
2024-11-08,CLE,GSW,136,117,H,Georges Niang,7,2
2024-11-08,CLE,GSW,136,117,H,De'Anthony Melton,10,2
2024-11-08,CLE,GSW,136,117,H,Stephen Curry,12,1
2024-11-08,CLE,GSW,136,117,H,Sam Merrill,5,2
2024-11-08,CLE,GSW,136,117,H,Kyle Anderson,4,3
2024-11-08,CLE,GSW,136,117,H,Gui Santos,3,1
2024-11-08,CLE,GSW,136,117,H,Donovan Mitchell,12,5
2024-11-08,CLE,GSW,136,117,H,Craig Porter,2,0
2024-11-08,CLE,GSW,136,117,H,Lindy Waters,2,0
2024-11-08,CLE,GSW,136,117,H,Buddy Hield,3,2
2024-11-08,CLE,GSW,136,117,H,Tristan Thompson,0,0
2024-11-08,CLE,GSW,136,117,H,Jaylon Tyson,0,0
2024-11-09,BRK,CLE,100,105,A,Evan Mobley,23,16
2024-11-09,BRK,CLE,100,105,A,Cameron Johnson,23,5
2024-11-09,BRK,CLE,100,105,A,Dennis Schröder,22,2
2024-11-09,BRK,CLE,100,105,A,Darius Garland,20,1
2024-11-09,BRK,CLE,100,105,A,Donovan Mitchell,22,1
2024-11-09,BRK,CLE,100,105,A,Nic Claxton,10,10
2024-11-09,BRK,CLE,100,105,A,Caris LeVert,12,2
2024-11-09,BRK,CLE,100,105,A,Cam Thomas,22,2
2024-11-09,BRK,CLE,100,105,A,Dorian Finney-Smith,10,4
2024-11-09,BRK,CLE,100,105,A,Ty Jerome,4,1
2024-11-09,BRK,CLE,100,105,A,Sam Merrill,6,2
2024-11-09,BRK,CLE,100,105,A,Georges Niang,8,2
2024-11-09,BRK,CLE,100,105,A,Dean Wade,3,4
2024-11-09,BRK,CLE,100,105,A,Noah Clowney,2,3
2024-11-09,BRK,CLE,100,105,A,Shake Milton,3,0
2024-11-09,BRK,CLE,100,105,A,Keon Johnson,6,4
2024-11-09,BRK,CLE,100,105,A,Jalen Wilson,2,3
2024-11-09,BRK,CLE,100,105,A,Isaac Okoro,3,1
2024-11-09,BRK,CLE,100,105,A,Jarrett Allen,4,3
2024-11-09,BRK,CLE,100,105,A,Ziaire Williams,0,3
2024-11-09,LAC,TOR,105,103,H,Ochai Agbaji,21,7
2024-11-09,LAC,TOR,105,103,H,James Harden,24,12
2024-11-09,LAC,TOR,105,103,H,Norman Powell,24,3
2024-11-09,LAC,TOR,105,103,H,Ivica Zubac,14,12
2024-11-09,LAC,TOR,105,103,H,Immanuel Quickley,21,3
2024-11-09,LAC,TOR,105,103,H,Kevin Porter,15,6
2024-11-09,LAC,TOR,105,103,H,Chris Boucher,14,6
2024-11-09,LAC,TOR,105,103,H,Gradey Dick,15,0
2024-11-09,LAC,TOR,105,103,H,Nicolas Batum,7,3
2024-11-09,LAC,TOR,105,103,H,Kris Dunn,7,3
2024-11-09,LAC,TOR,105,103,H,RJ Barrett,13,6
2024-11-09,LAC,TOR,105,103,H,Davion Mitchell,7,4
2024-11-09,LAC,TOR,105,103,H,Bruno Fernando,4,2
2024-11-09,LAC,TOR,105,103,H,Jakob Poeltl,5,12
2024-11-09,LAC,TOR,105,103,H,Terance Mann,4,5
2024-11-09,LAC,TOR,105,103,H,Jonathan Mogbo,0,2
2024-11-09,LAC,TOR,105,103,H,Amir Coffey,6,1
2024-11-09,LAC,TOR,105,103,H,Jamison Battle,3,2
2024-11-09,LAC,TOR,105,103,H,Derrick Jones,4,1
2024-11-09,LAC,TOR,105,103,H,Kai Jones,0,1
2024-11-09,LAC,TOR,105,103,H,Jamal Shead,0,0
2024-11-09,SAS,UTA,110,111,A,Victor Wembanyama,24,16
2024-11-09,SAS,UTA,110,111,A,Collin Sexton,23,4
2024-11-09,SAS,UTA,110,111,A,Stephon Castle,23,2
2024-11-09,SAS,UTA,110,111,A,Lauri Markkanen,20,6
2024-11-09,SAS,UTA,110,111,A,Keldon Johnson,14,4
2024-11-09,SAS,UTA,110,111,A,Jordan Clarkson,16,3
2024-11-09,SAS,UTA,110,111,A,Devin Vassell,21,1
2024-11-09,SAS,UTA,110,111,A,John Collins,15,10
2024-11-09,SAS,UTA,110,111,A,Kyle Filipowski,8,5
2024-11-09,SAS,UTA,110,111,A,Johnny Juzang,10,4
2024-11-09,SAS,UTA,110,111,A,Isaiah Collier,7,6
2024-11-09,SAS,UTA,110,111,A,Zach Collins,5,3
2024-11-09,SAS,UTA,110,111,A,Harrison Barnes,10,2
2024-11-09,SAS,UTA,110,111,A,Walker Kessler,7,5
2024-11-09,SAS,UTA,110,111,A,Chris Paul,3,2
2024-11-09,SAS,UTA,110,111,A,Blake Wesley,5,0
2024-11-09,SAS,UTA,110,111,A,Julian Champagnie,5,6
2024-11-09,SAS,UTA,110,111,A,Patty Mills,5,1
2024-11-09,SAS,UTA,110,111,A,Sandro Mamukelashvili,0,1
2024-11-09,SAS,UTA,110,111,A,Cody Williams,0,1
2024-11-09,ATL,CHI,113,125,A,Clint Capela,20,9
2024-11-09,ATL,CHI,113,125,A,Jalen Johnson,20,6
2024-11-09,ATL,CHI,113,125,A,Dyson Daniels,16,8
2024-11-09,ATL,CHI,113,125,A,Ayo Dosunmu,19,2
2024-11-09,ATL,CHI,113,125,A,Nikola Vučević,18,12
2024-11-09,ATL,CHI,113,125,A,Zach LaVine,18,2
2024-11-09,ATL,CHI,113,125,A,Coby White,18,4
2024-11-09,ATL,CHI,113,125,A,Josh Giddey,13,6
2024-11-09,ATL,CHI,113,125,A,Trae Young,14,3
2024-11-09,ATL,CHI,113,125,A,Julian Phillips,10,4
2024-11-09,ATL,CHI,113,125,A,Patrick Williams,10,7
2024-11-09,ATL,CHI,113,125,A,Zaccharie Risacher,17,2
2024-11-09,ATL,CHI,113,125,A,Dalen Terry,9,4
2024-11-09,ATL,CHI,113,125,A,Onyeka Okongwu,8,7
2024-11-09,ATL,CHI,113,125,A,Jalen Smith,10,5
2024-11-09,ATL,CHI,113,125,A,Garrison Mathews,8,1
2024-11-09,ATL,CHI,113,125,A,Larry Nance,6,2
2024-11-09,ATL,CHI,113,125,A,Keaton Wallace,4,1
2024-11-09,ATL,CHI,113,125,A,David Roddy,0,0
2024-11-09,ATL,CHI,113,125,A,Jevon Carter,0,0
2024-11-09,ATL,CHI,113,125,A,Matas Buzelis,0,1
2024-11-10,DAL,DEN,120,122,A,Nikola Jokić,37,18
2024-11-10,DAL,DEN,120,122,A,Kyrie Irving,43,5
2024-11-10,DAL,DEN,120,122,A,Luka Dončić,24,9
2024-11-10,DAL,DEN,120,122,A,Michael Porter,17,7
2024-11-10,DAL,DEN,120,122,A,Daniel Gafford,16,7
2024-11-10,DAL,DEN,120,122,A,Peyton Watson,16,5
2024-11-10,DAL,DEN,120,122,A,Naji Marshall,11,8
2024-11-10,DAL,DEN,120,122,A,Christian Braun,14,6
2024-11-10,DAL,DEN,120,122,A,Jamal Murray,18,2
2024-11-10,DAL,DEN,120,122,A,Julian Strawther,12,1
2024-11-10,DAL,DEN,120,122,A,Dwight Powell,7,5
2024-11-10,DAL,DEN,120,122,A,Klay Thompson,10,5
2024-11-10,DAL,DEN,120,122,A,Russell Westbrook,6,4
2024-11-10,DAL,DEN,120,122,A,Spencer Dinwiddie,5,0
2024-11-10,DAL,DEN,120,122,A,Olivier-Maxence Prosper,2,1
2024-11-10,DAL,DEN,120,122,A,Zeke Nnaji,2,2
2024-11-10,DAL,DEN,120,122,A,Jaden Hardy,2,2
2024-11-10,IND,NYK,132,121,H,Tyrese Haliburton,35,2
2024-11-10,IND,NYK,132,121,H,Bennedict Mathurin,38,8
2024-11-10,IND,NYK,132,121,H,Jalen Brunson,33,6
2024-11-10,IND,NYK,132,121,H,Karl-Anthony Towns,30,9
2024-11-10,IND,NYK,132,121,H,OG Anunoby,25,4
2024-11-10,IND,NYK,132,121,H,Myles Turner,26,6
2024-11-10,IND,NYK,132,121,H,Josh Hart,16,10
2024-11-10,IND,NYK,132,121,H,Pascal Siakam,14,8
2024-11-10,IND,NYK,132,121,H,T.J. McConnell,6,0
2024-11-10,IND,NYK,132,121,H,Mikal Bridges,8,7
2024-11-10,IND,NYK,132,121,H,Quenton Jackson,4,1
2024-11-10,IND,NYK,132,121,H,Jarace Walker,6,4
2024-11-10,IND,NYK,132,121,H,Miles McBride,7,1
2024-11-10,IND,NYK,132,121,H,Jericho Sims,2,2
2024-11-10,IND,NYK,132,121,H,Enrique Freeman,0,1
2024-11-10,IND,NYK,132,121,H,Tyler Kolek,0,0
2024-11-10,IND,NYK,132,121,H,Ben Sheppard,3,1
2024-11-10,IND,NYK,132,121,H,Johnny Furphy,0,1
2024-11-10,BOS,MIL,113,107,H,Giannis Antetokounmpo,43,13
2024-11-10,BOS,MIL,113,107,H,Jayson Tatum,31,12
2024-11-10,BOS,MIL,113,107,H,Derrick White,15,6
2024-11-10,BOS,MIL,113,107,H,Jrue Holiday,15,2
2024-11-10,BOS,MIL,113,107,H,A.J. Green,12,3
2024-11-10,BOS,MIL,113,107,H,Payton Pritchard,18,1
2024-11-10,BOS,MIL,113,107,H,Bobby Portis,15,7
2024-11-10,BOS,MIL,113,107,H,Taurean Prince,9,9
2024-11-10,BOS,MIL,113,107,H,Damian Lillard,14,4
2024-11-10,BOS,MIL,113,107,H,Al Horford,9,7
2024-11-10,BOS,MIL,113,107,H,Jaylen Brown,14,5
2024-11-10,BOS,MIL,113,107,H,Neemias Queta,8,7
2024-11-10,BOS,MIL,113,107,H,Brook Lopez,6,1
2024-11-10,BOS,MIL,113,107,H,Pat Connaughton,7,0
2024-11-10,BOS,MIL,113,107,H,Ryan Rollins,0,1
2024-11-10,BOS,MIL,113,107,H,Sam Hauser,3,1
2024-11-10,BOS,MIL,113,107,H,Luke Kornet,0,1
2024-11-10,BOS,MIL,113,107,H,Xavier Tillman,0,0
2024-11-10,BOS,MIL,113,107,H,Andre Jackson,1,3
2024-11-10,GSW,OKC,127,116,H,Stephen Curry,36,5
2024-11-10,GSW,OKC,127,116,H,Andrew Wiggins,18,8
2024-11-10,GSW,OKC,127,116,H,Jalen Williams,20,3
2024-11-10,GSW,OKC,127,116,H,De'Anthony Melton,19,10
2024-11-10,GSW,OKC,127,116,H,Jonathan Kuminga,20,5
2024-11-10,GSW,OKC,127,116,H,Luguentz Dort,16,6
2024-11-10,GSW,OKC,127,116,H,Shai Gilgeous-Alexander,24,5
2024-11-10,GSW,OKC,127,116,H,Cason Wallace,16,2
2024-11-10,GSW,OKC,127,116,H,Draymond Green,8,4
2024-11-10,GSW,OKC,127,116,H,Kyle Anderson,6,5
2024-11-10,GSW,OKC,127,116,H,Ajay Mitchell,12,2
2024-11-10,GSW,OKC,127,116,H,Isaiah Joe,10,4
2024-11-10,GSW,OKC,127,116,H,Aaron Wiggins,9,2
2024-11-10,GSW,OKC,127,116,H,Buddy Hield,8,5
2024-11-10,GSW,OKC,127,116,H,Dillon Jones,4,6
2024-11-10,GSW,OKC,127,116,H,Alex Caruso,3,3
2024-11-10,GSW,OKC,127,116,H,Gary Payton,7,1
2024-11-10,GSW,OKC,127,116,H,Trayce Jackson-Davis,2,2
2024-11-10,GSW,OKC,127,116,H,Ousmane Dieng,2,4
2024-11-10,GSW,OKC,127,116,H,Moses Moody,3,0
2024-11-10,GSW,OKC,127,116,H,Chet Holmgren,0,4
2024-11-10,GSW,OKC,127,116,H,Brandin Podziemski,0,1
2024-11-10,LAL,TOR,123,103,H,LeBron James,19,10
2024-11-10,LAL,TOR,123,103,H,Anthony Davis,22,4
2024-11-10,LAL,TOR,123,103,H,Austin Reaves,27,1
2024-11-10,LAL,TOR,123,103,H,Chris Boucher,18,5
2024-11-10,LAL,TOR,123,103,H,Jakob Poeltl,14,10
2024-11-10,LAL,TOR,123,103,H,Ochai Agbaji,16,6
2024-11-10,LAL,TOR,123,103,H,Jaxson Hayes,12,6
2024-11-10,LAL,TOR,123,103,H,Cam Reddish,11,2
2024-11-10,LAL,TOR,123,103,H,Gradey Dick,14,1
2024-11-10,LAL,TOR,123,103,H,D'Angelo Russell,15,2
2024-11-10,LAL,TOR,123,103,H,RJ Barrett,18,7
2024-11-10,LAL,TOR,123,103,H,Dalton Knecht,5,1
2024-11-10,LAL,TOR,123,103,H,Max Christie,3,1
2024-11-10,LAL,TOR,123,103,H,Immanuel Quickley,12,1
2024-11-10,LAL,TOR,123,103,H,Bruno Fernando,4,0
2024-11-10,LAL,TOR,123,103,H,Jonathan Mogbo,3,3
2024-11-10,LAL,TOR,123,103,H,Gabe Vincent,5,1
2024-11-10,LAL,TOR,123,103,H,Davion Mitchell,2,4
2024-11-10,LAL,TOR,123,103,H,Rui Hachimura,4,5
2024-11-10,LAL,TOR,123,103,H,Maxwell Lewis,0,0
2024-11-10,LAL,TOR,123,103,H,Jamison Battle,0,3
2024-11-10,LAL,TOR,123,103,H,Bronny James,0,0
2024-11-10,LAL,TOR,123,103,H,Jamal Shead,2,0
2024-11-10,CHO,PHI,105,107,A,LaMelo Ball,38,4
2024-11-10,CHO,PHI,105,107,A,Jared McCain,27,3
2024-11-10,CHO,PHI,105,107,A,Brandon Miller,22,7
2024-11-10,CHO,PHI,105,107,A,Guerschon Yabusele,20,8
2024-11-10,CHO,PHI,105,107,A,Grant Williams,17,4
2024-11-10,CHO,PHI,105,107,A,Andre Drummond,13,10
2024-11-10,CHO,PHI,105,107,A,Paul George,15,3
2024-11-10,CHO,PHI,105,107,A,Jeff Dowtin,11,2
2024-11-10,CHO,PHI,105,107,A,Kyle Lowry,8,4
2024-11-10,CHO,PHI,105,107,A,Caleb Martin,5,5
2024-11-10,CHO,PHI,105,107,A,Cody Martin,7,6
2024-11-10,CHO,PHI,105,107,A,Moussa Diabaté,4,11
2024-11-10,CHO,PHI,105,107,A,Taj Gibson,3,6
2024-11-10,CHO,PHI,105,107,A,Josh Green,2,2
2024-11-10,CHO,PHI,105,107,A,Kelly Oubre,8,5
2024-11-10,CHO,PHI,105,107,A,Seth Curry,5,1
2024-11-10,CHO,PHI,105,107,A,Tidjane Salaün ,2,9
2024-11-10,CHO,PHI,105,107,A,Tre Mann,5,0
2024-11-10,CHO,PHI,105,107,A,Eric Gordon,0,0
2024-11-10,PHO,SAC,118,127,A,DeMar DeRozan,34,3
2024-11-10,PHO,SAC,118,127,A,Bradley Beal,28,8
2024-11-10,PHO,SAC,118,127,A,Tyus Jones,22,2
2024-11-10,PHO,SAC,118,127,A,Devin Booker,23,1
2024-11-10,PHO,SAC,118,127,A,De'Aaron Fox,21,11
2024-11-10,PHO,SAC,118,127,A,Kevin Huerter,17,7
2024-11-10,PHO,SAC,118,127,A,Domantas Sabonis,20,12
2024-11-10,PHO,SAC,118,127,A,Mason Plumlee,6,11
2024-11-10,PHO,SAC,118,127,A,Keegan Murray,14,14
2024-11-10,PHO,SAC,118,127,A,Josh Okogie,9,5
2024-11-10,PHO,SAC,118,127,A,Ryan Dunn,8,2
2024-11-10,PHO,SAC,118,127,A,Trey Lyles,8,6
2024-11-10,PHO,SAC,118,127,A,Keon Ellis,6,1
2024-11-10,PHO,SAC,118,127,A,Malik Monk,4,3
2024-11-10,PHO,SAC,118,127,A,Royce O'Neale,8,9
2024-11-10,PHO,SAC,118,127,A,Oso Ighodaro,5,2
2024-11-10,PHO,SAC,118,127,A,Grayson Allen,9,1
2024-11-10,PHO,SAC,118,127,A,Doug McDermott,3,0
2024-11-10,PHO,SAC,118,127,A,Jordan McLaughlin,0,0
2024-11-10,PHO,SAC,118,127,A,Jusuf Nurkić,0,7
2024-11-10,DET,HOU,99,101,A,Alperen Sengun,27,10
2024-11-10,DET,HOU,99,101,A,Cade Cunningham,26,8
2024-11-10,DET,HOU,99,101,A,Isaiah Stewart,16,8
2024-11-10,DET,HOU,99,101,A,Tari Eason,18,9
2024-11-10,DET,HOU,99,101,A,Tobias Harris,9,8
2024-11-10,DET,HOU,99,101,A,Malik Beasley,15,2
2024-11-10,DET,HOU,99,101,A,Amen Thompson,8,5
2024-11-10,DET,HOU,99,101,A,Dillon Brooks,14,2
2024-11-10,DET,HOU,99,101,A,Jalen Green,15,5
2024-11-10,DET,HOU,99,101,A,Tim Hardaway,10,4
2024-11-10,DET,HOU,99,101,A,Fred VanVleet,7,7
2024-11-10,DET,HOU,99,101,A,Paul Reed,6,4
2024-11-10,DET,HOU,99,101,A,Simone Fontecchio,5,4
2024-11-10,DET,HOU,99,101,A,Reed Sheppard,3,3
2024-11-10,DET,HOU,99,101,A,Jabari Smith,6,7
2024-11-10,DET,HOU,99,101,A,Jock Landale,3,5
2024-11-10,DET,HOU,99,101,A,Ron Holland,4,1
2024-11-10,DET,HOU,99,101,A,Jaden Ivey,8,7
2024-11-10,ORL,WAS,121,94,H,Bilal Coulibaly,20,6
2024-11-10,ORL,WAS,121,94,H,Franz Wagner,23,4
2024-11-10,ORL,WAS,121,94,H,Goga Bitadze,10,12
2024-11-10,ORL,WAS,121,94,H,Anthony Black,12,2
2024-11-10,ORL,WAS,121,94,H,Cole Anthony,16,2
2024-11-10,ORL,WAS,121,94,H,Moritz Wagner,16,6
2024-11-10,ORL,WAS,121,94,H,Jordan Poole,24,4
2024-11-10,ORL,WAS,121,94,H,Kyshawn George,15,7
2024-11-10,ORL,WAS,121,94,H,Alex Sarr,11,3
2024-11-10,ORL,WAS,121,94,H,Jett Howard,9,0
2024-11-10,ORL,WAS,121,94,H,Tristan Da Silva,11,4
2024-11-10,ORL,WAS,121,94,H,Kentavious Caldwell-Pope,8,5
2024-11-10,ORL,WAS,121,94,H,Jonas Valančiūnas,8,3
2024-11-10,ORL,WAS,121,94,H,Jared Butler,4,1
2024-11-10,ORL,WAS,121,94,H,Gary Harris,6,1
2024-11-10,ORL,WAS,121,94,H,Jonathan Isaac,5,3
2024-11-10,ORL,WAS,121,94,H,Anthony Gill,1,3
2024-11-10,ORL,WAS,121,94,H,Carlton Carrington,4,2
2024-11-10,ORL,WAS,121,94,H,Cory Joseph,0,2
2024-11-10,ORL,WAS,121,94,H,Marvin Bagley,2,1
2024-11-10,ORL,WAS,121,94,H,Johnny Davis,2,0
2024-11-10,ORL,WAS,121,94,H,Patrick Baldwin,1,3
2024-11-10,ORL,WAS,121,94,H,Caleb Houstan,0,0
2024-11-10,ORL,WAS,121,94,H,Corey Kispert,2,4
2024-11-10,ORL,WAS,121,94,H,Jalen Suggs,5,3
2024-11-10,MEM,POR,134,89,H,Jake LaRavia,18,4
2024-11-10,MEM,POR,134,89,H,Santi Aldama,16,6
2024-11-10,MEM,POR,134,89,H,Jaren Jackson,20,7
2024-11-10,MEM,POR,134,89,H,Jaylen Wells,16,3
2024-11-10,MEM,POR,134,89,H,Scotty Pippen ,17,4
2024-11-10,MEM,POR,134,89,H,Jerami Grant,20,1
2024-11-10,MEM,POR,134,89,H,Jay Huff,12,2
2024-11-10,MEM,POR,134,89,H,Zach Edey,12,6
2024-11-10,MEM,POR,134,89,H,Donovan Clingan,13,3
2024-11-10,MEM,POR,134,89,H,Luke Kennard,3,3
2024-11-10,MEM,POR,134,89,H,Brandon Clarke,9,6
2024-11-10,MEM,POR,134,89,H,Toumani Camara,9,4
2024-11-10,MEM,POR,134,89,H,Kris Murray,2,3
2024-11-10,MEM,POR,134,89,H,Colin Castleton,4,4
2024-11-10,MEM,POR,134,89,H,Deandre Ayton,6,8
2024-11-10,MEM,POR,134,89,H,Dalano Banton,13,3
2024-11-10,MEM,POR,134,89,H,Scoot Henderson,5,1
2024-11-10,MEM,POR,134,89,H,Yuki Kawamura,3,0
2024-11-10,MEM,POR,134,89,H,John Konchar,4,6
2024-11-10,MEM,POR,134,89,H,Shaedon Sharpe,7,3
2024-11-10,MEM,POR,134,89,H,Robert Williams,4,5
2024-11-10,MEM,POR,134,89,H,Jabari Walker,2,3
2024-11-10,MEM,POR,134,89,H,Rayan Rupert,2,5
2024-11-10,MEM,POR,134,89,H,Deni Avdija,0,2
2024-11-10,MEM,POR,134,89,H,Duop Reath,2,1
2024-11-10,MEM,POR,134,89,H,Anfernee Simons,4,1
2024-11-10,MIA,MIN,95,94,H,Nickeil Alexander-Walker,12,3
2024-11-10,MIA,MIN,95,94,H,Tyler Herro,26,6
2024-11-10,MIA,MIN,95,94,H,Rudy Gobert,7,13
2024-11-10,MIA,MIN,95,94,H,Nikola Jović,15,7
2024-11-10,MIA,MIN,95,94,H,Julius Randle,17,6
2024-11-10,MIA,MIN,95,94,H,Naz Reid,15,3
2024-11-10,MIA,MIN,95,94,H,Haywood Highsmith,7,2
2024-11-10,MIA,MIN,95,94,H,Anthony Edwards,22,5
2024-11-10,MIA,MIN,95,94,H,Terry Rozier,11,4
2024-11-10,MIA,MIN,95,94,H,Jaden McDaniels,9,6
2024-11-10,MIA,MIN,95,94,H,Donte DiVincenzo,8,6
2024-11-10,MIA,MIN,95,94,H,Kevin Love,6,6
2024-11-10,MIA,MIN,95,94,H,Bam Adebayo,9,7
2024-11-10,MIA,MIN,95,94,H,Jaime Jaquez,7,5
2024-11-10,MIA,MIN,95,94,H,Kel'el Ware,4,0
2024-11-10,MIA,MIN,95,94,H,Duncan Robinson,8,2
2024-11-10,MIA,MIN,95,94,H,Josh Richardson,2,4
2024-11-10,MIA,MIN,95,94,H,Mike Conley,4,5
2024-11-10,MIA,MIN,95,94,H,Pelle Larsson,0,0
2024-11-11,LAC,OKC,128,134,A,Shai Gilgeous-Alexander,45,3
2024-11-11,LAC,OKC,128,134,A,Jalen Williams,28,8
2024-11-11,LAC,OKC,128,134,A,Norman Powell,31,2
2024-11-11,LAC,OKC,128,134,A,Ivica Zubac,22,14
2024-11-11,LAC,OKC,128,134,A,Derrick Jones,20,5
2024-11-11,LAC,OKC,128,134,A,Isaiah Joe,12,3
2024-11-11,LAC,OKC,128,134,A,James Harden,17,11
2024-11-11,LAC,OKC,128,134,A,Aaron Wiggins,10,4
2024-11-11,LAC,OKC,128,134,A,Kris Dunn,9,4
2024-11-11,LAC,OKC,128,134,A,Amir Coffey,13,3
2024-11-11,LAC,OKC,128,134,A,Luguentz Dort,19,2
2024-11-11,LAC,OKC,128,134,A,Alex Caruso,12,2
2024-11-11,LAC,OKC,128,134,A,Kevin Porter,9,1
2024-11-11,LAC,OKC,128,134,A,Ousmane Dieng,3,1
2024-11-11,LAC,OKC,128,134,A,Nicolas Batum,3,3
2024-11-11,LAC,OKC,128,134,A,Kenrich Williams,3,0
2024-11-11,LAC,OKC,128,134,A,Terance Mann,4,4
2024-11-11,LAC,OKC,128,134,A,Dillon Jones,0,3
2024-11-11,LAC,OKC,128,134,A,Cason Wallace,0,2
2024-11-11,LAC,OKC,128,134,A,Ajay Mitchell,2,1
2024-11-11,SAC,SAS,96,116,A,Victor Wembanyama,34,14
2024-11-11,SAC,SAS,96,116,A,DeMar DeRozan,21,8
2024-11-11,SAC,SAS,96,116,A,Chris Paul,12,6
2024-11-11,SAC,SAS,96,116,A,Domantas Sabonis,23,12
2024-11-11,SAC,SAS,96,116,A,De'Aaron Fox,24,6
2024-11-11,SAC,SAS,96,116,A,Devin Vassell,12,2
2024-11-11,SAC,SAS,96,116,A,Harrison Barnes,10,5
2024-11-11,SAC,SAS,96,116,A,Stephon Castle,10,4
2024-11-11,SAC,SAS,96,116,A,Julian Champagnie,13,6
2024-11-11,SAC,SAS,96,116,A,Trey Lyles,8,4
2024-11-11,SAC,SAS,96,116,A,Keldon Johnson,11,3
2024-11-11,SAC,SAS,96,116,A,Sandro Mamukelashvili,9,2
2024-11-11,SAC,SAS,96,116,A,Jordan McLaughlin,5,1
2024-11-11,SAC,SAS,96,116,A,Charles Bassey,2,0
2024-11-11,SAC,SAS,96,116,A,Kevin Huerter,2,3
2024-11-11,SAC,SAS,96,116,A,Zach Collins,3,1
2024-11-11,SAC,SAS,96,116,A,Doug McDermott,5,0
2024-11-11,SAC,SAS,96,116,A,Keegan Murray,5,3
2024-11-11,SAC,SAS,96,116,A,Sidy Cissoko,0,0
2024-11-11,SAC,SAS,96,116,A,Isaac Jones,0,0
2024-11-11,SAC,SAS,96,116,A,Mason Jones,0,0
2024-11-11,SAC,SAS,96,116,A,Alex Len,0,0
2024-11-11,SAC,SAS,96,116,A,Keon Ellis,3,0
2024-11-11,SAC,SAS,96,116,A,Colby Jones,0,0
2024-11-11,SAC,SAS,96,116,A,Blake Wesley,0,1
2024-11-11,CHI,CLE,113,119,A,Donovan Mitchell,36,8
2024-11-11,CHI,CLE,113,119,A,Coby White,20,7
2024-11-11,CHI,CLE,113,119,A,Zach LaVine,26,6
2024-11-11,CHI,CLE,113,119,A,Josh Giddey,18,8
2024-11-11,CHI,CLE,113,119,A,Nikola Vučević,20,8
2024-11-11,CHI,CLE,113,119,A,Darius Garland,17,2
2024-11-11,CHI,CLE,113,119,A,Evan Mobley,15,11
2024-11-11,CHI,CLE,113,119,A,Ty Jerome,12,4
2024-11-11,CHI,CLE,113,119,A,Patrick Williams,13,10
2024-11-11,CHI,CLE,113,119,A,Caris LeVert,12,2
2024-11-11,CHI,CLE,113,119,A,Georges Niang,12,5
2024-11-11,CHI,CLE,113,119,A,Jarrett Allen,9,5
2024-11-11,CHI,CLE,113,119,A,Ayo Dosunmu,10,3
2024-11-11,CHI,CLE,113,119,A,Dean Wade,3,4
2024-11-11,CHI,CLE,113,119,A,Isaac Okoro,3,1
2024-11-11,CHI,CLE,113,119,A,Dalen Terry,4,4
2024-11-11,CHI,CLE,113,119,A,Adama Sanogo,2,1
2024-11-11,CHI,CLE,113,119,A,Julian Phillips,0,3
2024-11-11,CHI,CLE,113,119,A,Talen Horton-Tucker,0,0
2024-11-11,CHI,CLE,113,119,A,Matas Buzelis,0,1
2024-11-11,CHI,CLE,113,119,A,Sam Merrill,0,1
2024-11-11,HOU,WAS,107,92,H,Alperen Sengun,27,17
2024-11-11,HOU,WAS,107,92,H,Carlton Carrington,10,2
2024-11-11,HOU,WAS,107,92,H,Amen Thompson,13,8
2024-11-11,HOU,WAS,107,92,H,Jonas Valančiūnas,10,8
2024-11-11,HOU,WAS,107,92,H,Tari Eason,10,6
2024-11-11,HOU,WAS,107,92,H,Jalen Green,18,4
2024-11-11,HOU,WAS,107,92,H,Jabari Smith,11,9
2024-11-11,HOU,WAS,107,92,H,Bilal Coulibaly,11,4
2024-11-11,HOU,WAS,107,92,H,Aaron Holiday,11,1
2024-11-11,HOU,WAS,107,92,H,Kyle Kuzma,18,4
2024-11-11,HOU,WAS,107,92,H,Reed Sheppard,7,1
2024-11-11,HOU,WAS,107,92,H,Corey Kispert,12,1
2024-11-11,HOU,WAS,107,92,H,Dillon Brooks,8,4
2024-11-11,HOU,WAS,107,92,H,Kyshawn George,8,2
2024-11-11,HOU,WAS,107,92,H,Jordan Poole,11,5
2024-11-11,HOU,WAS,107,92,H,Johnny Davis,3,1
2024-11-11,HOU,WAS,107,92,H,Jared Butler,4,0
2024-11-11,HOU,WAS,107,92,H,Alex Sarr,5,6
2024-11-11,HOU,WAS,107,92,H,Steven Adams,2,7
2024-11-11,HOU,WAS,107,92,H,Marvin Bagley,0,1
2024-11-11,HOU,WAS,107,92,H,Patrick Baldwin,0,0
2024-11-11,HOU,WAS,107,92,H,Anthony Gill,0,0
2024-11-11,HOU,WAS,107,92,H,Jack McVeigh,0,0
2024-11-11,HOU,WAS,107,92,H,Jae'Sean Tate,0,1
2024-11-11,BRK,NOP,107,105,H,Yves Missi,17,11
2024-11-11,BRK,NOP,107,105,H,Brandon Ingram,24,5
2024-11-11,BRK,NOP,107,105,H,Jeremiah Robinson-Earl,15,4
2024-11-11,BRK,NOP,107,105,H,Nic Claxton,13,9
2024-11-11,BRK,NOP,107,105,H,Cam Thomas,17,7
2024-11-11,BRK,NOP,107,105,H,Jaylen Nowell,11,1
2024-11-11,BRK,NOP,107,105,H,Ben Simmons,6,5
2024-11-11,BRK,NOP,107,105,H,Noah Clowney,15,7
2024-11-11,BRK,NOP,107,105,H,Brandon Boston,7,7
2024-11-11,BRK,NOP,107,105,H,Cameron Johnson,15,1
2024-11-11,BRK,NOP,107,105,H,Dennis Schröder,14,3
2024-11-11,BRK,NOP,107,105,H,Javonte Green,8,4
2024-11-11,BRK,NOP,107,105,H,Ziaire Williams,12,9
2024-11-11,BRK,NOP,107,105,H,Trey Jemison,2,4
2024-11-11,BRK,NOP,107,105,H,Keon Johnson,5,4
2024-11-11,BRK,NOP,107,105,H,Daniel Theis,4,4
2024-11-11,BRK,NOP,107,105,H,Jalen Wilson,10,1
2024-11-11,BRK,NOP,107,105,H,Antonio Reeves,2,0
2024-11-11,BRK,NOP,107,105,H,Trey Murphy,12,5
2024-11-11,BRK,NOP,107,105,H,Karlo Matković,0,0
2024-11-11,BRK,NOP,107,105,H,Jose Alvarado,3,0
2024-11-12,DET,MIA,123,121,H,Tyler Herro,40,5
2024-11-12,DET,MIA,123,121,H,Bam Adebayo,20,12
2024-11-12,DET,MIA,123,121,H,Isaiah Stewart,13,10
2024-11-12,DET,MIA,123,121,H,Cade Cunningham,21,7
2024-11-12,DET,MIA,123,121,H,Tobias Harris,18,7
2024-11-12,DET,MIA,123,121,H,Jaden Ivey,19,9
2024-11-12,DET,MIA,123,121,H,Jaime Jaquez,14,5
2024-11-12,DET,MIA,123,121,H,Jalen Duren,8,11
2024-11-12,DET,MIA,123,121,H,Duncan Robinson,14,6
2024-11-12,DET,MIA,123,121,H,Malik Beasley,21,5
2024-11-12,DET,MIA,123,121,H,Haywood Highsmith,9,5
2024-11-12,DET,MIA,123,121,H,Tim Hardaway,11,1
2024-11-12,DET,MIA,123,121,H,Simone Fontecchio,10,2
2024-11-12,DET,MIA,123,121,H,Josh Richardson,5,0
2024-11-12,DET,MIA,123,121,H,Kel'el Ware,5,2
2024-11-12,DET,MIA,123,121,H,Ron Holland,2,4
2024-11-12,DET,MIA,123,121,H,Kevin Love,3,2
2024-11-12,DET,MIA,123,121,H,Nikola Jović,2,1
2024-11-12,DET,MIA,123,121,H,Terry Rozier,7,2
2024-11-12,DET,MIA,123,121,H,Pelle Larsson,2,3
2024-11-12,PHO,UTA,120,112,H,John Collins,29,10
2024-11-12,PHO,UTA,120,112,H,Devin Booker,31,2
2024-11-12,PHO,UTA,120,112,H,Bradley Beal,24,3
2024-11-12,PHO,UTA,120,112,H,Mason Plumlee,15,14
2024-11-12,PHO,UTA,120,112,H,Kyle Filipowski,18,6
2024-11-12,PHO,UTA,120,112,H,Jordan Clarkson,16,5
2024-11-12,PHO,UTA,120,112,H,Lauri Markkanen,17,2
2024-11-12,PHO,UTA,120,112,H,Collin Sexton,15,5
2024-11-12,PHO,UTA,120,112,H,Grayson Allen,15,1
2024-11-12,PHO,UTA,120,112,H,Oso Ighodaro,6,12
2024-11-12,PHO,UTA,120,112,H,Royce O'Neale,9,3
2024-11-12,PHO,UTA,120,112,H,Ryan Dunn,8,3
2024-11-12,PHO,UTA,120,112,H,Tyus Jones,8,1
2024-11-12,PHO,UTA,120,112,H,Drew Eubanks,4,2
2024-11-12,PHO,UTA,120,112,H,Keyonte George,9,5
2024-11-12,PHO,UTA,120,112,H,Isaiah Collier,4,1
2024-11-12,PHO,UTA,120,112,H,Monte Morris,2,1
2024-11-12,PHO,UTA,120,112,H,Josh Okogie,2,2
2024-11-12,PHO,UTA,120,112,H,Cody Williams,0,0
2024-11-12,PHO,UTA,120,112,H,Johnny Juzang,0,1
2024-11-12,PHO,UTA,120,112,H,Brice Sensabaugh,0,2
2024-11-12,DAL,GSW,117,120,A,Stephen Curry,37,6
2024-11-12,DAL,GSW,117,120,A,Luka Dončić,31,8
2024-11-12,DAL,GSW,117,120,A,Draymond Green,11,7
2024-11-12,DAL,GSW,117,120,A,Kyrie Irving,21,3
2024-11-12,DAL,GSW,117,120,A,Jonathan Kuminga,16,5
2024-11-12,DAL,GSW,117,120,A,Daniel Gafford,15,6
2024-11-12,DAL,GSW,117,120,A,Klay Thompson,22,4
2024-11-12,DAL,GSW,117,120,A,Dereck Lively,12,8
2024-11-12,DAL,GSW,117,120,A,De'Anthony Melton,14,4
2024-11-12,DAL,GSW,117,120,A,Trayce Jackson-Davis,8,9
2024-11-12,DAL,GSW,117,120,A,Buddy Hield,14,1
2024-11-12,DAL,GSW,117,120,A,Kevon Looney,5,11
2024-11-12,DAL,GSW,117,120,A,Quentin Grimes,6,6
2024-11-12,DAL,GSW,117,120,A,Andrew Wiggins,8,3
2024-11-12,DAL,GSW,117,120,A,Jaden Hardy,4,2
2024-11-12,DAL,GSW,117,120,A,Naji Marshall,6,3
2024-11-12,DAL,GSW,117,120,A,Moses Moody,4,2
2024-11-12,DAL,GSW,117,120,A,Brandin Podziemski,3,1
2024-11-12,DAL,GSW,117,120,A,Gary Payton,0,1
2024-11-12,DAL,GSW,117,120,A,Spencer Dinwiddie,0,0
2024-11-12,ATL,BOS,117,116,H,Derrick White,31,6
2024-11-12,ATL,BOS,117,116,H,Jaylen Brown,37,5
2024-11-12,ATL,BOS,117,116,H,Dyson Daniels,28,3
2024-11-12,ATL,BOS,117,116,H,Clint Capela,18,9
2024-11-12,ATL,BOS,117,116,H,Jalen Johnson,18,12
2024-11-12,ATL,BOS,117,116,H,Larry Nance,19,2
2024-11-12,ATL,BOS,117,116,H,Jayson Tatum,20,6
2024-11-12,ATL,BOS,117,116,H,Onyeka Okongwu,15,6
2024-11-12,ATL,BOS,117,116,H,Jrue Holiday,8,3
2024-11-12,ATL,BOS,117,116,H,Al Horford,8,4
2024-11-12,ATL,BOS,117,116,H,Zaccharie Risacher,8,9
2024-11-12,ATL,BOS,117,116,H,Sam Hauser,6,2
2024-11-12,ATL,BOS,117,116,H,Payton Pritchard,6,1
2024-11-12,ATL,BOS,117,116,H,Luke Kornet,0,2
2024-11-12,ATL,BOS,117,116,H,Keaton Wallace,7,2
2024-11-12,ATL,BOS,117,116,H,Neemias Queta,0,5
2024-11-12,ATL,BOS,117,116,H,Garrison Mathews,2,1
2024-11-12,ATL,BOS,117,116,H,David Roddy,2,0
2024-11-12,ATL,BOS,117,116,H,Jordan Walsh,0,0
2024-11-12,CHO,ORL,89,114,A,Franz Wagner,32,8
2024-11-12,CHO,ORL,89,114,A,LaMelo Ball,35,6
2024-11-12,CHO,ORL,89,114,A,Moussa Diabaté,12,15
2024-11-12,CHO,ORL,89,114,A,Moritz Wagner,18,5
2024-11-12,CHO,ORL,89,114,A,Jalen Suggs,17,4
2024-11-12,CHO,ORL,89,114,A,Grant Williams,15,4
2024-11-12,CHO,ORL,89,114,A,Jonathan Isaac,7,4
2024-11-12,CHO,ORL,89,114,A,Goga Bitadze,9,2
2024-11-12,CHO,ORL,89,114,A,Cody Martin,8,3
2024-11-12,CHO,ORL,89,114,A,Tristan Da Silva,5,6
2024-11-12,CHO,ORL,89,114,A,Cole Anthony,6,3
2024-11-12,CHO,ORL,89,114,A,Kentavious Caldwell-Pope,6,1
2024-11-12,CHO,ORL,89,114,A,Anthony Black,8,5
2024-11-12,CHO,ORL,89,114,A,Gary Harris,0,3
2024-11-12,CHO,ORL,89,114,A,Vasilije Micić,4,3
2024-11-12,CHO,ORL,89,114,A,Taj Gibson,4,4
2024-11-12,CHO,ORL,89,114,A,Trevelin Queen,3,0
2024-11-12,CHO,ORL,89,114,A,Caleb Houstan,0,1
2024-11-12,CHO,ORL,89,114,A,Cory Joseph,0,1
2024-11-12,CHO,ORL,89,114,A,Nick Smith,0,0
2024-11-12,CHO,ORL,89,114,A,Tidjane Salaün ,3,6
2024-11-12,CHO,ORL,89,114,A,Jett Howard,3,0
2024-11-12,CHO,ORL,89,114,A,Seth Curry,0,1
2024-11-12,CHO,ORL,89,114,A,Jared Rhoden,0,0
2024-11-12,CHO,ORL,89,114,A,Brandon Miller,8,3
2024-11-12,CHO,ORL,89,114,A,Josh Green,0,3
2024-11-12,MIN,POR,108,122,A,Robert Williams,19,9
2024-11-12,MIN,POR,108,122,A,Naz Reid,28,6
2024-11-12,MIN,POR,108,122,A,Anthony Edwards,26,0
2024-11-12,MIN,POR,108,122,A,Deni Avdija,17,4
2024-11-12,MIN,POR,108,122,A,Jerami Grant,21,2
2024-11-12,MIN,POR,108,122,A,Jaden McDaniels,17,6
2024-11-12,MIN,POR,108,122,A,Toumani Camara,14,4
2024-11-12,MIN,POR,108,122,A,Shaedon Sharpe,17,3
2024-11-12,MIN,POR,108,122,A,Scoot Henderson,14,4
2024-11-12,MIN,POR,108,122,A,Rudy Gobert,9,8
2024-11-12,MIN,POR,108,122,A,Mike Conley,6,4
2024-11-12,MIN,POR,108,122,A,Dalano Banton,12,4
2024-11-12,MIN,POR,108,122,A,Nickeil Alexander-Walker,8,0
2024-11-12,MIN,POR,108,122,A,Julius Randle,11,6
2024-11-12,MIN,POR,108,122,A,Donovan Clingan,4,6
2024-11-12,MIN,POR,108,122,A,Rayan Rupert,2,2
2024-11-12,MIN,POR,108,122,A,Anfernee Simons,2,1
2024-11-12,MIN,POR,108,122,A,Josh Minott,0,0
2024-11-12,MIN,POR,108,122,A,Donte DiVincenzo,3,2
2024-11-12,NYK,PHI,111,99,H,Paul George,29,10
2024-11-12,NYK,PHI,111,99,H,OG Anunoby,24,6
2024-11-12,NYK,PHI,111,99,H,Karl-Anthony Towns,21,13
2024-11-12,NYK,PHI,111,99,H,Josh Hart,14,12
2024-11-12,NYK,PHI,111,99,H,Caleb Martin,17,2
2024-11-12,NYK,PHI,111,99,H,Jared McCain,23,3
2024-11-12,NYK,PHI,111,99,H,Mikal Bridges,14,4
2024-11-12,NYK,PHI,111,99,H,Miles McBride,15,3
2024-11-12,NYK,PHI,111,99,H,Jalen Brunson,18,3
2024-11-12,NYK,PHI,111,99,H,Joel Embiid,13,3
2024-11-12,NYK,PHI,111,99,H,Andre Drummond,5,4
2024-11-12,NYK,PHI,111,99,H,Kyle Lowry,4,3
2024-11-12,NYK,PHI,111,99,H,Jericho Sims,2,3
2024-11-12,NYK,PHI,111,99,H,Kelly Oubre,5,6
2024-11-12,NYK,PHI,111,99,H,Cameron Payne,3,3
2024-11-12,NYK,PHI,111,99,H,Jeff Dowtin,0,1
2024-11-12,NYK,PHI,111,99,H,Adem Bona,0,0
2024-11-12,NYK,PHI,111,99,H,Ricky Council,0,0
2024-11-12,NYK,PHI,111,99,H,Guerschon Yabusele,3,8
2024-11-12,NYK,PHI,111,99,H,Matt Ryan,0,0
2024-11-12,MIL,TOR,99,85,H,Gradey Dick,32,5
2024-11-12,MIL,TOR,99,85,H,Giannis Antetokounmpo,23,4
2024-11-12,MIL,TOR,99,85,H,Brook Lopez,13,7
2024-11-12,MIL,TOR,99,85,H,Bruno Fernando,8,13
2024-11-12,MIL,TOR,99,85,H,Ryan Rollins,12,5
2024-11-12,MIL,TOR,99,85,H,Bobby Portis,17,8
2024-11-12,MIL,TOR,99,85,H,Jakob Poeltl,13,8
2024-11-12,MIL,TOR,99,85,H,A.J. Green,12,5
2024-11-12,MIL,TOR,99,85,H,Delon Wright,2,3
2024-11-12,MIL,TOR,99,85,H,Chris Boucher,12,5
2024-11-12,MIL,TOR,99,85,H,Taurean Prince,9,7
2024-11-12,MIL,TOR,99,85,H,Ochai Agbaji,8,7
2024-11-12,MIL,TOR,99,85,H,Pat Connaughton,6,4
2024-11-12,MIL,TOR,99,85,H,Davion Mitchell,1,4
2024-11-12,MIL,TOR,99,85,H,Jamison Battle,4,1
2024-11-12,MIL,TOR,99,85,H,Tyler Smith,3,1
2024-11-12,MIL,TOR,99,85,H,Andre Jackson,2,2
2024-11-12,MIL,TOR,99,85,H,Jonathan Mogbo,0,2
2024-11-12,MIL,TOR,99,85,H,Stanley Umude,0,0
2024-11-12,MIL,TOR,99,85,H,Garrett Temple,0,1
2024-11-12,MIL,TOR,99,85,H,AJ Johnson,0,0
2024-11-12,MIL,TOR,99,85,H,Chris Livingston,0,0
2024-11-12,MIL,TOR,99,85,H,Jamal Shead,0,1
2024-11-12,MIL,TOR,99,85,H,RJ Barrett,7,7
2024-11-12,MIL,TOR,99,85,H,Gary Trent,0,1
2024-11-12,MIL,TOR,99,85,H,MarJon Beauchamp,0,0
2024-11-13,DET,MIL,120,127,A,Giannis Antetokounmpo,59,14
2024-11-13,DET,MIL,120,127,A,Brook Lopez,29,8
2024-11-13,DET,MIL,120,127,A,Cade Cunningham,35,7
2024-11-13,DET,MIL,120,127,A,Malik Beasley,26,10
2024-11-13,DET,MIL,120,127,A,Gary Trent,11,4
2024-11-13,DET,MIL,120,127,A,Taurean Prince,15,10
2024-11-13,DET,MIL,120,127,A,Marcus Sasser,11,0
2024-11-13,DET,MIL,120,127,A,Tobias Harris,10,8
2024-11-13,DET,MIL,120,127,A,Jalen Duren,9,9
2024-11-13,DET,MIL,120,127,A,Ron Holland,11,4
2024-11-13,DET,MIL,120,127,A,Isaiah Stewart,9,3
2024-11-13,DET,MIL,120,127,A,Wendell Moore,9,4
2024-11-13,DET,MIL,120,127,A,Delon Wright,0,4
2024-11-13,DET,MIL,120,127,A,Pat Connaughton,6,3
2024-11-13,DET,MIL,120,127,A,Andre Jackson,4,2
2024-11-13,DET,MIL,120,127,A,A.J. Green,3,2
2024-11-13,DET,MIL,120,127,A,Paul Reed,0,0
2024-11-13,SAS,WAS,139,130,H,Victor Wembanyama,50,6
2024-11-13,SAS,WAS,139,130,H,Jordan Poole,42,2
2024-11-13,SAS,WAS,139,130,H,Jonas Valančiūnas,16,13
2024-11-13,SAS,WAS,139,130,H,Chris Paul,9,3
2024-11-13,SAS,WAS,139,130,H,Corey Kispert,19,2
2024-11-13,SAS,WAS,139,130,H,Kyshawn George,12,3
2024-11-13,SAS,WAS,139,130,H,Harrison Barnes,10,7
2024-11-13,SAS,WAS,139,130,H,Julian Champagnie,12,5
2024-11-13,SAS,WAS,139,130,H,Devin Vassell,17,2
2024-11-13,SAS,WAS,139,130,H,Blake Wesley,10,1
2024-11-13,SAS,WAS,139,130,H,Zach Collins,5,7
2024-11-13,SAS,WAS,139,130,H,Stephon Castle,10,1
2024-11-13,SAS,WAS,139,130,H,Bilal Coulibaly,6,8
2024-11-13,SAS,WAS,139,130,H,Keldon Johnson,8,6
2024-11-13,SAS,WAS,139,130,H,Malaki Branham,8,1
2024-11-13,SAS,WAS,139,130,H,Alex Sarr,12,2
2024-11-13,SAS,WAS,139,130,H,Carlton Carrington,13,5
2024-11-13,SAS,WAS,139,130,H,Kyle Kuzma,10,6
2024-11-13,SAS,WAS,139,130,H,Justin Champagnie,0,0
2024-11-13,BOS,BRK,139,114,H,Jayson Tatum,36,9
2024-11-13,BOS,BRK,139,114,H,Payton Pritchard,23,6
2024-11-13,BOS,BRK,139,114,H,Jaylen Brown,24,12
2024-11-13,BOS,BRK,139,114,H,Jrue Holiday,16,6
2024-11-13,BOS,BRK,139,114,H,Ziaire Williams,23,6
2024-11-13,BOS,BRK,139,114,H,Dennis Schröder,16,4
2024-11-13,BOS,BRK,139,114,H,Jalen Wilson,11,5
2024-11-13,BOS,BRK,139,114,H,Cam Thomas,17,3
2024-11-13,BOS,BRK,139,114,H,Shake Milton,8,0
2024-11-13,BOS,BRK,139,114,H,Sam Hauser,12,6
2024-11-13,BOS,BRK,139,114,H,Luke Kornet,8,3
2024-11-13,BOS,BRK,139,114,H,Keon Johnson,12,5
2024-11-13,BOS,BRK,139,114,H,Neemias Queta,8,1
2024-11-13,BOS,BRK,139,114,H,Cameron Johnson,9,4
2024-11-13,BOS,BRK,139,114,H,Noah Clowney,9,2
2024-11-13,BOS,BRK,139,114,H,Jordan Walsh,3,0
2024-11-13,BOS,BRK,139,114,H,Nic Claxton,3,5
2024-11-13,BOS,BRK,139,114,H,Derrick White,9,2
2024-11-13,BOS,BRK,139,114,H,Tyrese Martin,6,0
2024-11-13,BOS,BRK,139,114,H,Drew Peterson,0,0
2024-11-13,BOS,BRK,139,114,H,Xavier Tillman,0,0
2024-11-13,CHI,NYK,124,123,H,Karl-Anthony Towns,46,10
2024-11-13,CHI,NYK,124,123,H,Zach LaVine,31,7
2024-11-13,CHI,NYK,124,123,H,Patrick Williams,18,6
2024-11-13,CHI,NYK,124,123,H,Nikola Vučević,19,11
2024-11-13,CHI,NYK,124,123,H,Ayo Dosunmu,16,3
2024-11-13,CHI,NYK,124,123,H,Jalen Brunson,24,3
2024-11-13,CHI,NYK,124,123,H,Mikal Bridges,20,6
2024-11-13,CHI,NYK,124,123,H,Cameron Payne,11,0
2024-11-13,CHI,NYK,124,123,H,Coby White,22,1
2024-11-13,CHI,NYK,124,123,H,OG Anunoby,14,9
2024-11-13,CHI,NYK,124,123,H,Josh Hart,6,8
2024-11-13,CHI,NYK,124,123,H,Josh Giddey,5,2
2024-11-13,CHI,NYK,124,123,H,Julian Phillips,5,1
2024-11-13,CHI,NYK,124,123,H,Matas Buzelis,4,4
2024-11-13,CHI,NYK,124,123,H,Dalen Terry,4,1
2024-11-13,CHI,NYK,124,123,H,Jericho Sims,0,3
2024-11-13,CHI,NYK,124,123,H,Miles McBride,2,1
2024-11-13,CHI,NYK,124,123,H,Matt Ryan,0,0
2024-11-13,CHI,NYK,124,123,H,Jalen Smith,0,4
2024-11-13,NOP,OKC,88,106,A,Jalen Williams,31,6
2024-11-13,NOP,OKC,88,106,A,Shai Gilgeous-Alexander,29,5
2024-11-13,NOP,OKC,88,106,A,Yves Missi,10,10
2024-11-13,NOP,OKC,88,106,A,Luguentz Dort,11,3
2024-11-13,NOP,OKC,88,106,A,Jamal Cain,11,4
2024-11-13,NOP,OKC,88,106,A,Ajay Mitchell,6,2
2024-11-13,NOP,OKC,88,106,A,Brandon Ingram,18,6
2024-11-13,NOP,OKC,88,106,A,Trey Murphy,14,2
2024-11-13,NOP,OKC,88,106,A,Cason Wallace,5,4
2024-11-13,NOP,OKC,88,106,A,Aaron Wiggins,10,5
2024-11-13,NOP,OKC,88,106,A,Kenrich Williams,7,1
2024-11-13,NOP,OKC,88,106,A,Trey Jemison,6,8
2024-11-13,NOP,OKC,88,106,A,Brandon Boston,8,10
2024-11-13,NOP,OKC,88,106,A,Antonio Reeves,6,1
2024-11-13,NOP,OKC,88,106,A,Jaylen Nowell,8,6
2024-11-13,NOP,OKC,88,106,A,Adam Flagler,3,0
2024-11-13,NOP,OKC,88,106,A,Jeremiah Robinson-Earl,5,6
2024-11-13,NOP,OKC,88,106,A,Malevy Leons,0,0
2024-11-13,NOP,OKC,88,106,A,Dillon Jones,2,1
2024-11-13,NOP,OKC,88,106,A,Ousmane Dieng,2,1
2024-11-13,NOP,OKC,88,106,A,Isaiah Joe,0,3
2024-11-13,NOP,OKC,88,106,A,Javonte Green,2,5
2024-11-13,LAL,MEM,128,123,H,LeBron James,35,12
2024-11-13,LAL,MEM,128,123,H,Rui Hachimura,19,7
2024-11-13,LAL,MEM,128,123,H,Jaren Jackson,29,7
2024-11-13,LAL,MEM,128,123,H,Dalton Knecht,19,2
2024-11-13,LAL,MEM,128,123,H,Santi Aldama,15,7
2024-11-13,LAL,MEM,128,123,H,Anthony Davis,21,14
2024-11-13,LAL,MEM,128,123,H,Marcus Smart,15,2
2024-11-13,LAL,MEM,128,123,H,Luke Kennard,12,2
2024-11-13,LAL,MEM,128,123,H,Scotty Pippen ,15,3
2024-11-13,LAL,MEM,128,123,H,Austin Reaves,18,2
2024-11-13,LAL,MEM,128,123,H,Jake LaRavia,10,3
2024-11-13,LAL,MEM,128,123,H,Zach Edey,12,8
2024-11-13,LAL,MEM,128,123,H,Cam Reddish,4,2
2024-11-13,LAL,MEM,128,123,H,Jaylen Wells,9,3
2024-11-13,LAL,MEM,128,123,H,Jay Huff,6,3
2024-11-13,LAL,MEM,128,123,H,D'Angelo Russell,8,2
2024-11-13,LAL,MEM,128,123,H,Christian Koloko,4,1
2024-11-13,LAL,MEM,128,123,H,John Konchar,0,3
2024-11-13,LAL,MEM,128,123,H,Gabe Vincent,0,0
2024-11-13,PHO,SAC,104,127,A,De'Aaron Fox,29,6
2024-11-13,PHO,SAC,104,127,A,Josh Okogie,25,8
2024-11-13,PHO,SAC,104,127,A,Kevin Huerter,22,6
2024-11-13,PHO,SAC,104,127,A,Trey Lyles,13,5
2024-11-13,PHO,SAC,104,127,A,Devin Booker,18,3
2024-11-13,PHO,SAC,104,127,A,Keegan Murray,17,4
2024-11-13,PHO,SAC,104,127,A,Domantas Sabonis,11,10
2024-11-13,PHO,SAC,104,127,A,Tyus Jones,10,2
2024-11-13,PHO,SAC,104,127,A,Jordan McLaughlin,11,1
2024-11-13,PHO,SAC,104,127,A,Monte Morris,10,0
2024-11-13,PHO,SAC,104,127,A,Ryan Dunn,10,3
2024-11-13,PHO,SAC,104,127,A,TyTy Washington,8,1
2024-11-13,PHO,SAC,104,127,A,Oso Ighodaro,4,1
2024-11-13,PHO,SAC,104,127,A,DeMar DeRozan,2,5
2024-11-13,PHO,SAC,104,127,A,Keon Ellis,9,2
2024-11-13,PHO,SAC,104,127,A,Bol Bol,5,1
2024-11-13,PHO,SAC,104,127,A,Alex Len,4,2
2024-11-13,PHO,SAC,104,127,A,Jusuf Nurkić,3,11
2024-11-13,PHO,SAC,104,127,A,Colby Jones,5,0
2024-11-13,PHO,SAC,104,127,A,Isaac Jones,4,1
2024-11-13,PHO,SAC,104,127,A,Mason Jones,0,0
2024-11-13,PHO,SAC,104,127,A,Damion Lee,4,0
2024-11-13,PHO,SAC,104,127,A,Royce O'Neale,5,5
2024-11-13,PHO,SAC,104,127,A,Doug McDermott,0,3
2024-11-13,PHO,SAC,104,127,A,Jalen Bridges,1,1
2024-11-13,PHO,SAC,104,127,A,Mason Plumlee,1,4
2024-11-13,CLE,PHI,114,106,H,Jared McCain,34,2
2024-11-13,CLE,PHI,114,106,H,Donovan Mitchell,23,13
2024-11-13,CLE,PHI,114,106,H,Darius Garland,25,5
2024-11-13,CLE,PHI,114,106,H,Kelly Oubre,20,6
2024-11-13,CLE,PHI,114,106,H,Caleb Martin,18,7
2024-11-13,CLE,PHI,114,106,H,Reggie Jackson,13,4
2024-11-13,CLE,PHI,114,106,H,Jarrett Allen,11,12
2024-11-13,CLE,PHI,114,106,H,Guerschon Yabusele,10,9
2024-11-13,CLE,PHI,114,106,H,Evan Mobley,14,7
2024-11-13,CLE,PHI,114,106,H,Isaac Okoro,9,2
2024-11-13,CLE,PHI,114,106,H,Caris LeVert,7,3
2024-11-13,CLE,PHI,114,106,H,Adem Bona,4,9
2024-11-13,CLE,PHI,114,106,H,Eric Gordon,7,2
2024-11-13,CLE,PHI,114,106,H,Ty Jerome,8,0
2024-11-13,CLE,PHI,114,106,H,Dean Wade,6,2
2024-11-13,CLE,PHI,114,106,H,Georges Niang,8,1
2024-11-13,CLE,PHI,114,106,H,Craig Porter,3,1
2024-11-13,CLE,PHI,114,106,H,Jeff Dowtin,0,2
2024-11-13,CLE,PHI,114,106,H,Kyle Lowry,0,2
2024-11-13,CLE,PHI,114,106,H,Ricky Council,0,1
2024-11-13,CLE,PHI,114,106,H,KJ Martin,0,1
2024-11-13,MIN,POR,98,106,A,Donovan Clingan,17,12
2024-11-13,MIN,POR,98,106,A,Shaedon Sharpe,33,6
2024-11-13,MIN,POR,98,106,A,Anthony Edwards,24,4
2024-11-13,MIN,POR,98,106,A,Julius Randle,20,10
2024-11-13,MIN,POR,98,106,A,Dalano Banton,13,2
2024-11-13,MIN,POR,98,106,A,Naz Reid,15,3
2024-11-13,MIN,POR,98,106,A,Rudy Gobert,12,10
2024-11-13,MIN,POR,98,106,A,Nickeil Alexander-Walker,13,5
2024-11-13,MIN,POR,98,106,A,Toumani Camara,11,8
2024-11-13,MIN,POR,98,106,A,Scoot Henderson,11,4
2024-11-13,MIN,POR,98,106,A,Kris Murray,6,4
2024-11-13,MIN,POR,98,106,A,Jaden McDaniels,7,6
2024-11-13,MIN,POR,98,106,A,Deni Avdija,7,6
2024-11-13,MIN,POR,98,106,A,Jerami Grant,8,3
2024-11-13,MIN,POR,98,106,A,Josh Minott,2,0
2024-11-13,MIN,POR,98,106,A,Duop Reath,0,1
2024-11-13,MIN,POR,98,106,A,Rob Dillingham,3,0
2024-11-13,MIN,POR,98,106,A,Rayan Rupert,0,0
2024-11-13,MIN,POR,98,106,A,Jabari Walker,0,1
2024-11-13,MIN,POR,98,106,A,Donte DiVincenzo,2,3
2024-11-13,IND,ORL,90,94,A,Franz Wagner,29,3
2024-11-13,IND,ORL,90,94,A,Pascal Siakam,25,7
2024-11-13,IND,ORL,90,94,A,Goga Bitadze,12,12
2024-11-13,IND,ORL,90,94,A,Bennedict Mathurin,23,12
2024-11-13,IND,ORL,90,94,A,Anthony Black,6,5
2024-11-13,IND,ORL,90,94,A,Jonathan Isaac,8,11
2024-11-13,IND,ORL,90,94,A,Kentavious Caldwell-Pope,10,5
2024-11-13,IND,ORL,90,94,A,Myles Turner,11,2
2024-11-13,IND,ORL,90,94,A,Jarace Walker,4,5
2024-11-13,IND,ORL,90,94,A,Johnny Furphy,7,2
2024-11-13,IND,ORL,90,94,A,Jett Howard,6,0
2024-11-13,IND,ORL,90,94,A,Tristan Da Silva,3,9
2024-11-13,IND,ORL,90,94,A,Ben Sheppard,5,3
2024-11-13,IND,ORL,90,94,A,Tyrese Haliburton,9,1
2024-11-13,IND,ORL,90,94,A,Obi Toppin,2,3
2024-11-13,IND,ORL,90,94,A,T.J. McConnell,4,6
2024-11-13,IND,ORL,90,94,A,Moritz Wagner,10,2
2024-11-13,IND,ORL,90,94,A,Cole Anthony,2,2
2024-11-13,IND,ORL,90,94,A,Jalen Suggs,8,2
2024-11-13,IND,ORL,90,94,A,Enrique Freeman,0,0
2024-11-13,HOU,LAC,111,103,H,Amen Thompson,18,11
2024-11-13,HOU,LAC,111,103,H,James Harden,19,6
2024-11-13,HOU,LAC,111,103,H,Tari Eason,18,10
2024-11-13,HOU,LAC,111,103,H,Terance Mann,14,7
2024-11-13,HOU,LAC,111,103,H,Alperen Sengun,13,11
2024-11-13,HOU,LAC,111,103,H,Kris Dunn,11,4
2024-11-13,HOU,LAC,111,103,H,Dillon Brooks,15,5
2024-11-13,HOU,LAC,111,103,H,Fred VanVleet,15,5
2024-11-13,HOU,LAC,111,103,H,Jalen Green,21,7
2024-11-13,HOU,LAC,111,103,H,Derrick Jones,11,2
2024-11-13,HOU,LAC,111,103,H,Jock Landale,4,4
2024-11-13,HOU,LAC,111,103,H,Ivica Zubac,8,6
2024-11-13,HOU,LAC,111,103,H,Jordan Miller,8,3
2024-11-13,HOU,LAC,111,103,H,Kobe Brown,4,5
2024-11-13,HOU,LAC,111,103,H,Amir Coffey,7,2
2024-11-13,HOU,LAC,111,103,H,Bones Hyland,5,1
2024-11-13,HOU,LAC,111,103,H,Jabari Smith,5,4
2024-11-13,HOU,LAC,111,103,H,Norman Powell,13,5
2024-11-13,HOU,LAC,111,103,H,Reed Sheppard,2,2
2024-11-13,HOU,LAC,111,103,H,Nicolas Batum,3,1
2024-11-13,HOU,LAC,111,103,H,Kevin Porter,0,0
2024-11-14,DAL,UTA,113,115,A,Luka Dončić,37,7
2024-11-14,DAL,UTA,113,115,A,John Collins,28,9
2024-11-14,DAL,UTA,113,115,A,Naji Marshall,19,2
2024-11-14,DAL,UTA,113,115,A,Jordan Clarkson,20,4
2024-11-14,DAL,UTA,113,115,A,Quentin Grimes,15,4
2024-11-14,DAL,UTA,113,115,A,Collin Sexton,16,5
2024-11-14,DAL,UTA,113,115,A,Kyle Filipowski,14,7
2024-11-14,DAL,UTA,113,115,A,Keyonte George,14,0
2024-11-14,DAL,UTA,113,115,A,Daniel Gafford,10,5
2024-11-14,DAL,UTA,113,115,A,Lauri Markkanen,13,5
2024-11-14,DAL,UTA,113,115,A,Klay Thompson,17,3
2024-11-14,DAL,UTA,113,115,A,Drew Eubanks,5,5
2024-11-14,DAL,UTA,113,115,A,Dereck Lively,5,2
2024-11-14,DAL,UTA,113,115,A,Jaden Hardy,7,2
2024-11-14,DAL,UTA,113,115,A,Dwight Powell,0,3
2024-11-14,DAL,UTA,113,115,A,Cody Williams,3,3
2024-11-14,DAL,UTA,113,115,A,Maxi Kleber,3,0
2024-11-14,DAL,UTA,113,115,A,Isaiah Collier,2,2
2024-11-14,DAL,UTA,113,115,A,Spencer Dinwiddie,0,2
2024-11-14,DAL,UTA,113,115,A,Johnny Juzang,0,0
2024-11-15,MIN,SAC,130,126,H,De'Aaron Fox,60,3
2024-11-15,MIN,SAC,130,126,H,Anthony Edwards,36,5
2024-11-15,MIN,SAC,130,126,H,Domantas Sabonis,23,12
2024-11-15,MIN,SAC,130,126,H,Mike Conley,14,4
2024-11-15,MIN,SAC,130,126,H,Julius Randle,26,4
2024-11-15,MIN,SAC,130,126,H,Rudy Gobert,11,11
2024-11-15,MIN,SAC,130,126,H,Naz Reid,16,5
2024-11-15,MIN,SAC,130,126,H,Keegan Murray,14,10
2024-11-15,MIN,SAC,130,126,H,Jaden McDaniels,14,6
2024-11-15,MIN,SAC,130,126,H,Nickeil Alexander-Walker,10,3
2024-11-15,MIN,SAC,130,126,H,Doug McDermott,8,3
2024-11-15,MIN,SAC,130,126,H,Trey Lyles,7,8
2024-11-15,MIN,SAC,130,126,H,Jordan McLaughlin,5,3
2024-11-15,MIN,SAC,130,126,H,Kevin Huerter,4,6
2024-11-15,MIN,SAC,130,126,H,Keon Ellis,3,5
2024-11-15,MIN,SAC,130,126,H,Donte DiVincenzo,3,3
2024-11-15,MIN,SAC,130,126,H,Alex Len,2,1
2024-11-15,MIN,SAC,130,126,H,Rob Dillingham,0,0
2024-11-15,MIN,SAC,130,126,H,Joe Ingles,0,0
2024-11-15,LAL,SAS,120,115,H,Anthony Davis,40,12
2024-11-15,LAL,SAS,120,115,H,Victor Wembanyama,28,14
2024-11-15,LAL,SAS,120,115,H,Stephon Castle,22,2
2024-11-15,LAL,SAS,120,115,H,Austin Reaves,19,3
2024-11-15,LAL,SAS,120,115,H,LeBron James,15,16
2024-11-15,LAL,SAS,120,115,H,Chris Paul,11,2
2024-11-15,LAL,SAS,120,115,H,D'Angelo Russell,13,2
2024-11-15,LAL,SAS,120,115,H,Max Christie,11,3
2024-11-15,LAL,SAS,120,115,H,Devin Vassell,15,0
2024-11-15,LAL,SAS,120,115,H,Dalton Knecht,14,3
2024-11-15,LAL,SAS,120,115,H,Julian Champagnie,10,8
2024-11-15,LAL,SAS,120,115,H,Harrison Barnes,8,4
2024-11-15,LAL,SAS,120,115,H,Keldon Johnson,12,4
2024-11-15,LAL,SAS,120,115,H,Gabe Vincent,6,2
2024-11-15,LAL,SAS,120,115,H,Zach Collins,6,3
2024-11-15,LAL,SAS,120,115,H,Malaki Branham,3,1
2024-11-15,LAL,SAS,120,115,H,Christian Koloko,2,0
2024-11-15,LAL,SAS,120,115,H,Sandro Mamukelashvili,0,2
2024-11-15,LAL,SAS,120,115,H,Blake Wesley,0,0
2024-11-15,LAL,SAS,120,115,H,Cam Reddish,0,0
2024-11-15,BRK,NYK,122,124,A,Cam Thomas,43,2
2024-11-15,BRK,NYK,122,124,A,Jalen Brunson,37,3
2024-11-15,BRK,NYK,122,124,A,Mikal Bridges,22,5
2024-11-15,BRK,NYK,122,124,A,Josh Hart,14,9
2024-11-15,BRK,NYK,122,124,A,Cameron Johnson,17,5
2024-11-15,BRK,NYK,122,124,A,OG Anunoby,25,8
2024-11-15,BRK,NYK,122,124,A,Dorian Finney-Smith,15,4
2024-11-15,BRK,NYK,122,124,A,Dennis Schröder,14,3
2024-11-15,BRK,NYK,122,124,A,Ben Simmons,4,7
2024-11-15,BRK,NYK,122,124,A,Pacome Dadiet,5,4
2024-11-15,BRK,NYK,122,124,A,Ariel Hukporti,7,4
2024-11-15,BRK,NYK,122,124,A,Jericho Sims,4,7
2024-11-15,BRK,NYK,122,124,A,Keon Johnson,7,3
2024-11-15,BRK,NYK,122,124,A,Ziaire Williams,9,8
2024-11-15,BRK,NYK,122,124,A,Cameron Payne,10,3
2024-11-15,BRK,NYK,122,124,A,Jalen Wilson,6,2
2024-11-15,BRK,NYK,122,124,A,Noah Clowney,5,1
2024-11-15,BRK,NYK,122,124,A,Shake Milton,2,2
2024-11-15,BRK,NYK,122,124,A,Tyler Kolek,0,2
2024-11-15,IND,MIA,111,124,A,Bam Adebayo,30,11
2024-11-15,IND,MIA,111,124,A,Kevin Love,15,7
2024-11-15,IND,MIA,111,124,A,Tyrese Haliburton,18,2
2024-11-15,IND,MIA,111,124,A,Obi Toppin,21,3
2024-11-15,IND,MIA,111,124,A,Haywood Highsmith,14,1
2024-11-15,IND,MIA,111,124,A,Tyler Herro,20,3
2024-11-15,IND,MIA,111,124,A,Jaime Jaquez,10,3
2024-11-15,IND,MIA,111,124,A,Nikola Jović,11,6
2024-11-15,IND,MIA,111,124,A,T.J. McConnell,14,3
2024-11-15,IND,MIA,111,124,A,Ben Sheppard,8,4
2024-11-15,IND,MIA,111,124,A,Jarace Walker,11,7
2024-11-15,IND,MIA,111,124,A,Pascal Siakam,14,5
2024-11-15,IND,MIA,111,124,A,Myles Turner,9,5
2024-11-15,IND,MIA,111,124,A,Terry Rozier,10,2
2024-11-15,IND,MIA,111,124,A,Quenton Jackson,6,2
2024-11-15,IND,MIA,111,124,A,Duncan Robinson,8,1
2024-11-15,IND,MIA,111,124,A,Josh Richardson,6,1
2024-11-15,IND,MIA,111,124,A,Bennedict Mathurin,8,4
2024-11-15,IND,MIA,111,124,A,Enrique Freeman,2,2
2024-11-15,IND,MIA,111,124,A,Johnny Furphy,0,2
2024-11-15,IND,MIA,111,124,A,Kel'el Ware,0,1
2024-11-15,CHI,CLE,126,144,A,Donovan Mitchell,37,7
2024-11-15,CHI,CLE,126,144,A,Jarrett Allen,24,10
2024-11-15,CHI,CLE,126,144,A,Darius Garland,29,3
2024-11-15,CHI,CLE,126,144,A,Caris LeVert,22,3
2024-11-15,CHI,CLE,126,144,A,Coby White,29,1
2024-11-15,CHI,CLE,126,144,A,Nikola Vučević,25,8
2024-11-15,CHI,CLE,126,144,A,Patrick Williams,17,3
2024-11-15,CHI,CLE,126,144,A,Ayo Dosunmu,15,5
2024-11-15,CHI,CLE,126,144,A,Georges Niang,14,8
2024-11-15,CHI,CLE,126,144,A,Matas Buzelis,9,2
2024-11-15,CHI,CLE,126,144,A,Isaac Okoro,4,1
2024-11-15,CHI,CLE,126,144,A,Jalen Smith,6,3
2024-11-15,CHI,CLE,126,144,A,Ty Jerome,7,4
2024-11-15,CHI,CLE,126,144,A,Dean Wade,5,3
2024-11-15,CHI,CLE,126,144,A,Zach LaVine,8,4
2024-11-15,CHI,CLE,126,144,A,Dalen Terry,6,1
2024-11-15,CHI,CLE,126,144,A,Julian Phillips,4,6
2024-11-15,CHI,CLE,126,144,A,Chris Duarte,2,0
2024-11-15,CHI,CLE,126,144,A,Josh Giddey,5,3
2024-11-15,CHI,CLE,126,144,A,Talen Horton-Tucker,0,0
2024-11-15,CHI,CLE,126,144,A,E.J. Liddell,0,0
2024-11-15,CHI,CLE,126,144,A,Craig Porter,0,1
2024-11-15,CHI,CLE,126,144,A,Tristan Thompson,2,0
2024-11-15,ATL,WAS,129,117,H,Dyson Daniels,25,4
2024-11-15,ATL,WAS,129,117,H,Alex Sarr,20,7
2024-11-15,ATL,WAS,129,117,H,Jalen Johnson,18,13
2024-11-15,ATL,WAS,129,117,H,Jordan Poole,22,5
2024-11-15,ATL,WAS,129,117,H,De'Andre Hunter,22,3
2024-11-15,ATL,WAS,129,117,H,Onyeka Okongwu,13,13
2024-11-15,ATL,WAS,129,117,H,Corey Kispert,16,5
2024-11-15,ATL,WAS,129,117,H,Garrison Mathews,12,0
2024-11-15,ATL,WAS,129,117,H,Clint Capela,10,13
2024-11-15,ATL,WAS,129,117,H,Kyshawn George,13,5
2024-11-15,ATL,WAS,129,117,H,Carlton Carrington,7,5
2024-11-15,ATL,WAS,129,117,H,Bilal Coulibaly,9,9
2024-11-15,ATL,WAS,129,117,H,Kyle Kuzma,24,9
2024-11-15,ATL,WAS,129,117,H,Trae Young,18,2
2024-11-15,ATL,WAS,129,117,H,Zaccharie Risacher,11,2
2024-11-15,ATL,WAS,129,117,H,Keaton Wallace,0,3
2024-11-15,ATL,WAS,129,117,H,Jonas Valančiūnas,6,5
2024-11-15,ATL,WAS,129,117,H,Johnny Davis,0,2
2024-11-15,ATL,WAS,129,117,H,Larry Nance,0,2
2024-11-15,ORL,PHI,98,86,H,Franz Wagner,31,11
2024-11-15,ORL,PHI,98,86,H,Jared McCain,29,1
2024-11-15,ORL,PHI,98,86,H,Moritz Wagner,14,4
2024-11-15,ORL,PHI,98,86,H,Jonathan Isaac,11,9
2024-11-15,ORL,PHI,98,86,H,Jalen Suggs,19,7
2024-11-15,ORL,PHI,98,86,H,Joel Embiid,20,8
2024-11-15,ORL,PHI,98,86,H,Paul George,13,4
2024-11-15,ORL,PHI,98,86,H,Kyle Lowry,4,0
2024-11-15,ORL,PHI,98,86,H,Tristan Da Silva,6,3
2024-11-15,ORL,PHI,98,86,H,Jett Howard,3,1
2024-11-15,ORL,PHI,98,86,H,Kentavious Caldwell-Pope,8,1
2024-11-15,ORL,PHI,98,86,H,Kelly Oubre,5,4
2024-11-15,ORL,PHI,98,86,H,Guerschon Yabusele,4,2
2024-11-15,ORL,PHI,98,86,H,KJ Martin,3,0
2024-11-15,ORL,PHI,98,86,H,Jeff Dowtin,1,1
2024-11-15,ORL,PHI,98,86,H,Andre Drummond,2,5
2024-11-15,ORL,PHI,98,86,H,Eric Gordon,2,2
2024-11-15,ORL,PHI,98,86,H,Goga Bitadze,2,4
2024-11-15,ORL,PHI,98,86,H,Gary Harris,0,1
2024-11-15,ORL,PHI,98,86,H,Adem Bona,0,1
2024-11-15,ORL,PHI,98,86,H,Ricky Council,0,1
2024-11-15,ORL,PHI,98,86,H,Cory Joseph,0,0
2024-11-15,ORL,PHI,98,86,H,Anthony Black,4,1
2024-11-15,ORL,PHI,98,86,H,Caleb Houstan,0,1
2024-11-15,ORL,PHI,98,86,H,Caleb Martin,3,5
2024-11-15,ORL,PHI,98,86,H,Cole Anthony,0,0
2024-11-15,DET,TOR,99,95,H,Jakob Poeltl,25,18
2024-11-15,DET,TOR,99,95,H,RJ Barrett,22,6
2024-11-15,DET,TOR,99,95,H,Malik Beasley,20,3
2024-11-15,DET,TOR,99,95,H,Wendell Moore,8,6
2024-11-15,DET,TOR,99,95,H,Jalen Duren,12,8
2024-11-15,DET,TOR,99,95,H,Jaden Ivey,14,2
2024-11-15,DET,TOR,99,95,H,Ron Holland,10,8
2024-11-15,DET,TOR,99,95,H,Cade Cunningham,15,6
2024-11-15,DET,TOR,99,95,H,Jamison Battle,9,1
2024-11-15,DET,TOR,99,95,H,Tobias Harris,11,11
2024-11-15,DET,TOR,99,95,H,Davion Mitchell,5,6
2024-11-15,DET,TOR,99,95,H,Marcus Sasser,6,5
2024-11-15,DET,TOR,99,95,H,Isaiah Stewart,3,7
2024-11-15,DET,TOR,99,95,H,Gradey Dick,16,5
2024-11-15,DET,TOR,99,95,H,Jamal Shead,4,1
2024-11-15,DET,TOR,99,95,H,Ochai Agbaji,9,3
2024-11-15,DET,TOR,99,95,H,Chris Boucher,2,7
2024-11-15,DET,TOR,99,95,H,Bruno Fernando,3,2
2024-11-15,DET,TOR,99,95,H,Jonathan Mogbo,0,4
2024-11-15,DET,TOR,99,95,H,Garrett Temple,0,0
2024-11-15,HOU,LAC,125,104,H,Jabari Smith,28,11
2024-11-15,HOU,LAC,125,104,H,Alperen Sengun,16,10
2024-11-15,HOU,LAC,125,104,H,Fred VanVleet,18,7
2024-11-15,HOU,LAC,125,104,H,Tari Eason,17,6
2024-11-15,HOU,LAC,125,104,H,James Harden,21,6
2024-11-15,HOU,LAC,125,104,H,Jordan Miller,11,2
2024-11-15,HOU,LAC,125,104,H,Amen Thompson,12,5
2024-11-15,HOU,LAC,125,104,H,Amir Coffey,10,4
2024-11-15,HOU,LAC,125,104,H,Kris Dunn,13,2
2024-11-15,HOU,LAC,125,104,H,Dillon Brooks,17,1
2024-11-15,HOU,LAC,125,104,H,Kevin Porter,15,3
2024-11-15,HOU,LAC,125,104,H,Bones Hyland,7,1
2024-11-15,HOU,LAC,125,104,H,Aaron Holiday,6,1
2024-11-15,HOU,LAC,125,104,H,Kai Jones,4,4
2024-11-15,HOU,LAC,125,104,H,Ivica Zubac,6,11
2024-11-15,HOU,LAC,125,104,H,Kobe Brown,5,4
2024-11-15,HOU,LAC,125,104,H,Norman Powell,8,2
2024-11-15,HOU,LAC,125,104,H,Derrick Jones,2,7
2024-11-15,HOU,LAC,125,104,H,Jae'Sean Tate,3,2
2024-11-15,HOU,LAC,125,104,H,Jalen Green,8,5
2024-11-15,HOU,LAC,125,104,H,Nicolas Batum,0,1
2024-11-15,HOU,LAC,125,104,H,Jock Landale,0,0
2024-11-15,HOU,LAC,125,104,H,Terance Mann,2,4
2024-11-15,HOU,LAC,125,104,H,Steven Adams,0,0
2024-11-15,HOU,LAC,125,104,H,Jack McVeigh,0,0
2024-11-15,HOU,LAC,125,104,H,Reed Sheppard,0,0
2024-11-15,GSW,MEM,123,118,H,Jaren Jackson,32,6
2024-11-15,GSW,MEM,123,118,H,Zach Edey,14,9
2024-11-15,GSW,MEM,123,118,H,Stephen Curry,13,8
2024-11-15,GSW,MEM,123,118,H,Draymond Green,13,8
2024-11-15,GSW,MEM,123,118,H,Brandin Podziemski,11,7
2024-11-15,GSW,MEM,123,118,H,Desmond Bane,18,6
2024-11-15,GSW,MEM,123,118,H,Jaylen Wells,16,4
2024-11-15,GSW,MEM,123,118,H,Trayce Jackson-Davis,9,6
2024-11-15,GSW,MEM,123,118,H,Moses Moody,14,3
2024-11-15,GSW,MEM,123,118,H,Buddy Hield,18,4
2024-11-15,GSW,MEM,123,118,H,Andrew Wiggins,13,2
2024-11-15,GSW,MEM,123,118,H,Kyle Anderson,8,4
2024-11-15,GSW,MEM,123,118,H,Kevon Looney,6,7
2024-11-15,GSW,MEM,123,118,H,Marcus Smart,9,5
2024-11-15,GSW,MEM,123,118,H,Lindy Waters,8,0
2024-11-15,GSW,MEM,123,118,H,Jake LaRavia,7,3
2024-11-15,GSW,MEM,123,118,H,Vince Williams,9,5
2024-11-15,GSW,MEM,123,118,H,Jay Huff,2,2
2024-11-15,GSW,MEM,123,118,H,Scotty Pippen ,3,2
2024-11-15,GSW,MEM,123,118,H,Gary Payton,2,3
2024-11-15,GSW,MEM,123,118,H,Santi Aldama,4,3
2024-11-15,GSW,MEM,123,118,H,Brandon Clarke,2,5
2024-11-15,GSW,MEM,123,118,H,Jonathan Kuminga,8,4
2024-11-15,GSW,MEM,123,118,H,Luke Kennard,2,4
2024-11-15,DEN,NOP,94,101,A,Brandon Ingram,29,9
2024-11-15,DEN,NOP,94,101,A,Michael Porter,24,6
2024-11-15,DEN,NOP,94,101,A,Jamal Murray,16,6
2024-11-15,DEN,NOP,94,101,A,Christian Braun,15,4
2024-11-15,DEN,NOP,94,101,A,Brandon Boston,19,4
2024-11-15,DEN,NOP,94,101,A,Peyton Watson,18,5
2024-11-15,DEN,NOP,94,101,A,Trey Murphy,17,8
2024-11-15,DEN,NOP,94,101,A,Jeremiah Robinson-Earl,6,8
2024-11-15,DEN,NOP,94,101,A,Javonte Green,9,2
2024-11-15,DEN,NOP,94,101,A,Jaylen Nowell,7,5
2024-11-15,DEN,NOP,94,101,A,Dario Šarić,9,8
2024-11-15,DEN,NOP,94,101,A,Trey Jemison,6,3
2024-11-15,DEN,NOP,94,101,A,Russell Westbrook,5,4
2024-11-15,DEN,NOP,94,101,A,Yves Missi,6,12
2024-11-15,DEN,NOP,94,101,A,Vlatko Čančar,2,2
2024-11-15,DEN,NOP,94,101,A,Jamal Cain,2,5
2024-11-15,DEN,NOP,94,101,A,Julian Strawther,5,3
2024-11-15,DEN,NOP,94,101,A,Zeke Nnaji,0,0
2024-11-15,DEN,NOP,94,101,A,Hunter Tyson,0,0
2024-11-15,OKC,PHO,99,83,H,Shai Gilgeous-Alexander,28,6
2024-11-15,OKC,PHO,99,83,H,Luguentz Dort,15,9
2024-11-15,OKC,PHO,99,83,H,Jalen Williams,14,8
2024-11-15,OKC,PHO,99,83,H,Royce O'Neale,11,7
2024-11-15,OKC,PHO,99,83,H,Isaiah Joe,11,5
2024-11-15,OKC,PHO,99,83,H,Josh Okogie,15,9
2024-11-15,OKC,PHO,99,83,H,Cason Wallace,5,4
2024-11-15,OKC,PHO,99,83,H,Devin Booker,12,4
2024-11-15,OKC,PHO,99,83,H,Oso Ighodaro,6,7
2024-11-15,OKC,PHO,99,83,H,Damion Lee,5,2
2024-11-15,OKC,PHO,99,83,H,Monte Morris,9,3
2024-11-15,OKC,PHO,99,83,H,Aaron Wiggins,8,1
2024-11-15,OKC,PHO,99,83,H,Ajay Mitchell,7,4
2024-11-15,OKC,PHO,99,83,H,Tyus Jones,7,3
2024-11-15,OKC,PHO,99,83,H,Kenrich Williams,2,6
2024-11-15,OKC,PHO,99,83,H,Ryan Dunn,9,5
2024-11-15,OKC,PHO,99,83,H,Bol Bol,5,2
2024-11-15,OKC,PHO,99,83,H,Ousmane Dieng,7,5
2024-11-15,OKC,PHO,99,83,H,TyTy Washington,0,0
2024-11-15,OKC,PHO,99,83,H,Dillon Jones,2,3
2024-11-15,OKC,PHO,99,83,H,Malevy Leons,0,1
2024-11-15,OKC,PHO,99,83,H,Jalen Bridges,0,0
2024-11-15,OKC,PHO,99,83,H,Adam Flagler,0,1
2024-11-15,OKC,PHO,99,83,H,Jusuf Nurkić,4,8
2024-11-16,SAC,UTA,121,117,H,De'Aaron Fox,49,3
2024-11-16,SAC,UTA,121,117,H,Lauri Markkanen,25,5
2024-11-16,SAC,UTA,121,117,H,Keyonte George,19,2
2024-11-16,SAC,UTA,121,117,H,John Collins,16,8
2024-11-16,SAC,UTA,121,117,H,Trey Lyles,17,3
2024-11-16,SAC,UTA,121,117,H,Kyle Filipowski,9,7
2024-11-16,SAC,UTA,121,117,H,Jordan Clarkson,17,3
2024-11-16,SAC,UTA,121,117,H,Alex Len,8,5
2024-11-16,SAC,UTA,121,117,H,Collin Sexton,18,2
2024-11-16,SAC,UTA,121,117,H,Kevin Huerter,18,5
2024-11-16,SAC,UTA,121,117,H,Isaiah Collier,9,2
2024-11-16,SAC,UTA,121,117,H,Jordan McLaughlin,6,3
2024-11-16,SAC,UTA,121,117,H,Isaac Jones,6,2
2024-11-16,SAC,UTA,121,117,H,Orlando Robinson,6,3
2024-11-16,SAC,UTA,121,117,H,Drew Eubanks,4,4
2024-11-16,SAC,UTA,121,117,H,Keegan Murray,5,6
2024-11-16,SAC,UTA,121,117,H,Mason Jones,0,4
2024-11-16,SAC,UTA,121,117,H,Doug McDermott,6,1
2024-11-16,SAC,UTA,121,117,H,Svi Mykhailiuk,0,0
2024-11-16,SAC,UTA,121,117,H,Cody Williams,0,0
2024-11-16,SAC,UTA,121,117,H,Johnny Juzang,0,0
2024-11-16,SAC,UTA,121,117,H,Keon Ellis,0,0
2024-11-16,BOS,TOR,126,123,H,Jakob Poeltl,35,12
2024-11-16,BOS,TOR,126,123,H,Jaylen Brown,27,6
2024-11-16,BOS,TOR,126,123,H,RJ Barrett,25,10
2024-11-16,BOS,TOR,126,123,H,Jayson Tatum,24,11
2024-11-16,BOS,TOR,126,123,H,Al Horford,18,4
2024-11-16,BOS,TOR,126,123,H,Chris Boucher,15,5
2024-11-16,BOS,TOR,126,123,H,Neemias Queta,12,8
2024-11-16,BOS,TOR,126,123,H,Davion Mitchell,10,3
2024-11-16,BOS,TOR,126,123,H,Derrick White,18,5
2024-11-16,BOS,TOR,126,123,H,Ochai Agbaji,13,6
2024-11-16,BOS,TOR,126,123,H,Sam Hauser,14,0
2024-11-16,BOS,TOR,126,123,H,Luke Kornet,4,6
2024-11-16,BOS,TOR,126,123,H,Gradey Dick,9,2
2024-11-16,BOS,TOR,126,123,H,Jamison Battle,3,0
2024-11-16,BOS,TOR,126,123,H,Jordan Walsh,3,2
2024-11-16,BOS,TOR,126,123,H,Jonathan Mogbo,3,5
2024-11-16,BOS,TOR,126,123,H,Bruno Fernando,4,2
2024-11-16,BOS,TOR,126,123,H,Jamal Shead,6,1
2024-11-16,BOS,TOR,126,123,H,Payton Pritchard,6,0
2024-11-16,LAL,NOP,104,99,H,Anthony Davis,31,14
2024-11-16,LAL,NOP,104,99,H,Dalton Knecht,27,7
2024-11-16,LAL,NOP,104,99,H,Brandon Ingram,32,4
2024-11-16,LAL,NOP,104,99,H,LeBron James,21,7
2024-11-16,LAL,NOP,104,99,H,Christian Koloko,6,6
2024-11-16,LAL,NOP,104,99,H,Jaylen Nowell,16,6
2024-11-16,LAL,NOP,104,99,H,Javonte Green,7,6
2024-11-16,LAL,NOP,104,99,H,Yves Missi,8,7
2024-11-16,LAL,NOP,104,99,H,Brandon Boston,12,8
2024-11-16,LAL,NOP,104,99,H,Jeremiah Robinson-Earl,10,9
2024-11-16,LAL,NOP,104,99,H,Austin Reaves,10,2
2024-11-16,LAL,NOP,104,99,H,Trey Jemison,8,2
2024-11-16,LAL,NOP,104,99,H,D'Angelo Russell,7,1
2024-11-16,LAL,NOP,104,99,H,Jamal Cain,6,8
2024-11-16,LAL,NOP,104,99,H,Max Christie,2,3
2024-11-16,LAL,NOP,104,99,H,Gabe Vincent,0,2
2024-11-16,LAL,NOP,104,99,H,Armel Traoré,0,1
2024-11-16,DAL,SAS,110,93,H,Daniel Gafford,22,7
2024-11-16,DAL,SAS,110,93,H,Kyrie Irving,22,8
2024-11-16,DAL,SAS,110,93,H,Zach Collins,20,6
2024-11-16,DAL,SAS,110,93,H,Sandro Mamukelashvili,14,6
2024-11-16,DAL,SAS,110,93,H,Stephon Castle,12,4
2024-11-16,DAL,SAS,110,93,H,Luka Dončić,16,6
2024-11-16,DAL,SAS,110,93,H,Chris Paul,11,5
2024-11-16,DAL,SAS,110,93,H,Keldon Johnson,8,5
2024-11-16,DAL,SAS,110,93,H,Jaden Hardy,12,3
2024-11-16,DAL,SAS,110,93,H,Julian Champagnie,13,2
2024-11-16,DAL,SAS,110,93,H,Dereck Lively,7,4
2024-11-16,DAL,SAS,110,93,H,Olivier-Maxence Prosper,5,5
2024-11-16,DAL,SAS,110,93,H,Klay Thompson,9,0
2024-11-16,DAL,SAS,110,93,H,Naji Marshall,6,3
2024-11-16,DAL,SAS,110,93,H,Blake Wesley,6,1
2024-11-16,DAL,SAS,110,93,H,P.J. Washington,0,4
2024-11-16,DAL,SAS,110,93,H,Quentin Grimes,5,4
2024-11-16,DAL,SAS,110,93,H,Charles Bassey,0,6
2024-11-16,DAL,SAS,110,93,H,Maxi Kleber,2,4
2024-11-16,DAL,SAS,110,93,H,Harrison Barnes,4,3
2024-11-16,DAL,SAS,110,93,H,Tre Jones,3,3
2024-11-16,DAL,SAS,110,93,H,Dwight Powell,0,2
2024-11-16,DAL,SAS,110,93,H,Spencer Dinwiddie,0,0
2024-11-16,DAL,SAS,110,93,H,Malaki Branham,2,2
2024-11-16,DAL,SAS,110,93,H,Markieff Morris,2,2
2024-11-16,DAL,SAS,110,93,H,Sidy Cissoko,0,2
2024-11-16,DAL,SAS,110,93,H,Brandon Williams,2,1
2024-11-16,CHO,MIL,115,114,H,Giannis Antetokounmpo,22,15
2024-11-16,CHO,MIL,115,114,H,Taurean Prince,23,3
2024-11-16,CHO,MIL,115,114,H,Josh Green,15,5
2024-11-16,CHO,MIL,115,114,H,LaMelo Ball,26,9
2024-11-16,CHO,MIL,115,114,H,Moussa Diabaté,12,14
2024-11-16,CHO,MIL,115,114,H,Bobby Portis,21,7
2024-11-16,CHO,MIL,115,114,H,Miles Bridges,19,7
2024-11-16,CHO,MIL,115,114,H,Gary Trent,10,0
2024-11-16,CHO,MIL,115,114,H,Delon Wright,7,3
2024-11-16,CHO,MIL,115,114,H,Pat Connaughton,10,7
2024-11-16,CHO,MIL,115,114,H,Andre Jackson,14,2
2024-11-16,CHO,MIL,115,114,H,Tre Mann,11,4
2024-11-16,CHO,MIL,115,114,H,Brandon Miller,13,4
2024-11-16,CHO,MIL,115,114,H,Cody Martin,6,2
2024-11-16,CHO,MIL,115,114,H,Grant Williams,6,7
2024-11-16,CHO,MIL,115,114,H,Seth Curry,4,0
2024-11-16,CHO,MIL,115,114,H,Tidjane Salaün ,3,1
2024-11-16,CHO,MIL,115,114,H,Brook Lopez,5,3
2024-11-16,CHO,MIL,115,114,H,A.J. Green,2,0
2024-11-17,DAL,OKC,121,119,H,Shai Gilgeous-Alexander,36,2
2024-11-17,DAL,OKC,121,119,H,P.J. Washington,27,17
2024-11-17,DAL,OKC,121,119,H,Jalen Williams,27,5
2024-11-17,DAL,OKC,121,119,H,Kyrie Irving,23,1
2024-11-17,DAL,OKC,121,119,H,Luguentz Dort,18,5
2024-11-17,DAL,OKC,121,119,H,Dillon Jones,12,2
2024-11-17,DAL,OKC,121,119,H,Naji Marshall,13,4
2024-11-17,DAL,OKC,121,119,H,Jaden Hardy,13,3
2024-11-17,DAL,OKC,121,119,H,Daniel Gafford,11,12
2024-11-17,DAL,OKC,121,119,H,Spencer Dinwiddie,10,3
2024-11-17,DAL,OKC,121,119,H,Quentin Grimes,10,3
2024-11-17,DAL,OKC,121,119,H,Dereck Lively,6,5
2024-11-17,DAL,OKC,121,119,H,Isaiah Joe,6,2
2024-11-17,DAL,OKC,121,119,H,Kenrich Williams,6,4
2024-11-17,DAL,OKC,121,119,H,Aaron Wiggins,7,5
2024-11-17,DAL,OKC,121,119,H,Cason Wallace,4,2
2024-11-17,DAL,OKC,121,119,H,Klay Thompson,5,3
2024-11-17,DAL,OKC,121,119,H,Ajay Mitchell,3,1
2024-11-17,DAL,OKC,121,119,H,Dwight Powell,1,0
2024-11-17,DAL,OKC,121,119,H,Ousmane Dieng,0,1
2024-11-17,DAL,OKC,121,119,H,Maxi Kleber,2,2
2024-11-17,MIN,PHO,120,117,H,Devin Booker,44,6
2024-11-17,MIN,PHO,120,117,H,Julius Randle,35,4
2024-11-17,MIN,PHO,120,117,H,Anthony Edwards,24,4
2024-11-17,MIN,PHO,120,117,H,Tyus Jones,13,5
2024-11-17,MIN,PHO,120,117,H,Grayson Allen,18,5
2024-11-17,MIN,PHO,120,117,H,Rudy Gobert,11,10
2024-11-17,MIN,PHO,120,117,H,Jaden McDaniels,11,3
2024-11-17,MIN,PHO,120,117,H,Donte DiVincenzo,15,1
2024-11-17,MIN,PHO,120,117,H,Naz Reid,13,4
2024-11-17,MIN,PHO,120,117,H,Oso Ighodaro,11,3
2024-11-17,MIN,PHO,120,117,H,Nickeil Alexander-Walker,8,2
2024-11-17,MIN,PHO,120,117,H,Royce O'Neale,7,4
2024-11-17,MIN,PHO,120,117,H,Josh Okogie,6,2
2024-11-17,MIN,PHO,120,117,H,Mike Conley,3,4
2024-11-17,MIN,PHO,120,117,H,Monte Morris,5,1
2024-11-17,MIN,PHO,120,117,H,Mason Plumlee,6,8
2024-11-17,MIN,PHO,120,117,H,Jusuf Nurkić,5,7
2024-11-17,MIN,PHO,120,117,H,Joe Ingles,0,0
2024-11-17,MIN,PHO,120,117,H,Rob Dillingham,0,0
2024-11-17,MIN,PHO,120,117,H,Ryan Dunn,2,0
2024-11-17,CHI,HOU,107,143,A,Fred VanVleet,28,7
2024-11-17,CHI,HOU,107,143,A,Alperen Sengun,20,11
2024-11-17,CHI,HOU,107,143,A,Amen Thompson,16,11
2024-11-17,CHI,HOU,107,143,A,Jalen Green,18,4
2024-11-17,CHI,HOU,107,143,A,Zach LaVine,15,5
2024-11-17,CHI,HOU,107,143,A,Dillon Brooks,15,2
2024-11-17,CHI,HOU,107,143,A,Reed Sheppard,12,2
2024-11-17,CHI,HOU,107,143,A,Josh Giddey,9,9
2024-11-17,CHI,HOU,107,143,A,Talen Horton-Tucker,12,4
2024-11-17,CHI,HOU,107,143,A,Jabari Smith,10,8
2024-11-17,CHI,HOU,107,143,A,Coby White,8,2
2024-11-17,CHI,HOU,107,143,A,Ayo Dosunmu,9,2
2024-11-17,CHI,HOU,107,143,A,Jae'Sean Tate,4,3
2024-11-17,CHI,HOU,107,143,A,Jevon Carter,8,3
2024-11-17,CHI,HOU,107,143,A,Nikola Vučević,9,6
2024-11-17,CHI,HOU,107,143,A,Jalen Smith,5,7
2024-11-17,CHI,HOU,107,143,A,Jock Landale,5,8
2024-11-17,CHI,HOU,107,143,A,Chris Duarte,6,2
2024-11-17,CHI,HOU,107,143,A,Matas Buzelis,8,3
2024-11-17,CHI,HOU,107,143,A,Jeenathan Williams,4,1
2024-11-17,CHI,HOU,107,143,A,Torrey Craig,5,2
2024-11-17,CHI,HOU,107,143,A,Dalen Terry,4,1
2024-11-17,CHI,HOU,107,143,A,Aaron Holiday,3,1
2024-11-17,CHI,HOU,107,143,A,Jack McVeigh,2,0
2024-11-17,CHI,HOU,107,143,A,Jeff Green,2,2
2024-11-17,CHI,HOU,107,143,A,Patrick Williams,7,1
2024-11-17,CHI,HOU,107,143,A,Tari Eason,4,6
2024-11-17,CHI,HOU,107,143,A,Julian Phillips,2,0
2024-11-17,IND,MIA,119,110,H,Myles Turner,34,9
2024-11-17,IND,MIA,119,110,H,Bennedict Mathurin,21,12
2024-11-17,IND,MIA,119,110,H,Tyler Herro,28,4
2024-11-17,IND,MIA,119,110,H,Tyrese Haliburton,16,3
2024-11-17,IND,MIA,119,110,H,Pascal Siakam,23,4
2024-11-17,IND,MIA,119,110,H,Bam Adebayo,24,8
2024-11-17,IND,MIA,119,110,H,Duncan Robinson,20,4
2024-11-17,IND,MIA,119,110,H,Nikola Jović,14,3
2024-11-17,IND,MIA,119,110,H,T.J. McConnell,8,3
2024-11-17,IND,MIA,119,110,H,Obi Toppin,8,3
2024-11-17,IND,MIA,119,110,H,Josh Richardson,5,2
2024-11-17,IND,MIA,119,110,H,Kevin Love,8,6
2024-11-17,IND,MIA,119,110,H,Terry Rozier,9,4
2024-11-17,IND,MIA,119,110,H,Jarace Walker,6,7
2024-11-17,IND,MIA,119,110,H,Jaime Jaquez,2,3
2024-11-17,IND,MIA,119,110,H,Ben Sheppard,3,3
2024-11-17,IND,MIA,119,110,H,Quenton Jackson,0,1
2024-11-17,IND,MIA,119,110,H,Haywood Highsmith,0,4
2024-11-17,BRK,NYK,104,114,A,Karl-Anthony Towns,26,15
2024-11-17,BRK,NYK,104,114,A,Cameron Johnson,22,5
2024-11-17,BRK,NYK,104,114,A,Josh Hart,20,8
2024-11-17,BRK,NYK,104,114,A,OG Anunoby,24,8
2024-11-17,BRK,NYK,104,114,A,Mikal Bridges,21,6
2024-11-17,BRK,NYK,104,114,A,Dorian Finney-Smith,16,4
2024-11-17,BRK,NYK,104,114,A,Jalen Wilson,15,6
2024-11-17,BRK,NYK,104,114,A,Cam Thomas,16,5
2024-11-17,BRK,NYK,104,114,A,Jalen Brunson,12,5
2024-11-17,BRK,NYK,104,114,A,Cameron Payne,9,0
2024-11-17,BRK,NYK,104,114,A,Noah Clowney,13,2
2024-11-17,BRK,NYK,104,114,A,Dennis Schröder,8,1
2024-11-17,BRK,NYK,104,114,A,Trendon Watford,4,3
2024-11-17,BRK,NYK,104,114,A,Ziaire Williams,7,3
2024-11-17,BRK,NYK,104,114,A,Jericho Sims,2,4
2024-11-17,BRK,NYK,104,114,A,Tyrese Martin,3,1
2024-11-17,BRK,NYK,104,114,A,Ben Simmons,0,4
2024-11-17,BRK,NYK,104,114,A,Shake Milton,0,0
2024-11-17,BRK,NYK,104,114,A,Keon Johnson,0,1
2024-11-17,BRK,NYK,104,114,A,Pacome Dadiet,0,1
2024-11-17,BRK,NYK,104,114,A,Yongxi Cui,0,0
2024-11-17,DET,WAS,124,104,H,Cade Cunningham,21,10
2024-11-17,DET,WAS,124,104,H,Jaden Ivey,28,4
2024-11-17,DET,WAS,124,104,H,Malik Beasley,26,3
2024-11-17,DET,WAS,124,104,H,Jordan Poole,22,1
2024-11-17,DET,WAS,124,104,H,Kyle Kuzma,22,6
2024-11-17,DET,WAS,124,104,H,Bilal Coulibaly,15,4
2024-11-17,DET,WAS,124,104,H,Tobias Harris,12,9
2024-11-17,DET,WAS,124,104,H,Jonas Valančiūnas,13,10
2024-11-17,DET,WAS,124,104,H,Carlton Carrington,11,3
2024-11-17,DET,WAS,124,104,H,Jalen Duren,11,10
2024-11-17,DET,WAS,124,104,H,Isaiah Stewart,9,6
2024-11-17,DET,WAS,124,104,H,Corey Kispert,8,3
2024-11-17,DET,WAS,124,104,H,Wendell Moore,4,5
2024-11-17,DET,WAS,124,104,H,Simone Fontecchio,6,1
2024-11-17,DET,WAS,124,104,H,Jared Butler,3,0
2024-11-17,DET,WAS,124,104,H,Kyshawn George,0,3
2024-11-17,DET,WAS,124,104,H,Marcus Sasser,7,0
2024-11-17,DET,WAS,124,104,H,Marvin Bagley,4,2
2024-11-17,DET,WAS,124,104,H,Patrick Baldwin,1,1
2024-11-17,DET,WAS,124,104,H,Anthony Gill,0,0
2024-11-17,DET,WAS,124,104,H,Alex Sarr,4,3
2024-11-17,DET,WAS,124,104,H,Johnny Davis,0,1
2024-11-17,DET,WAS,124,104,H,Paul Reed,0,1
2024-11-17,DET,WAS,124,104,H,Malcolm Brogdon,1,2
2024-11-17,DET,WAS,124,104,H,Ron Holland,0,2
2024-11-17,LAC,UTA,116,105,H,James Harden,20,6
2024-11-17,LAC,UTA,116,105,H,Ivica Zubac,22,11
2024-11-17,LAC,UTA,116,105,H,Jordan Clarkson,21,4
2024-11-17,LAC,UTA,116,105,H,Kris Dunn,11,4
2024-11-17,LAC,UTA,116,105,H,Lauri Markkanen,18,10
2024-11-17,LAC,UTA,116,105,H,Kevin Porter,12,4
2024-11-17,LAC,UTA,116,105,H,John Collins,13,8
2024-11-17,LAC,UTA,116,105,H,Norman Powell,19,2
2024-11-17,LAC,UTA,116,105,H,Kyle Filipowski,13,2
2024-11-17,LAC,UTA,116,105,H,Cody Williams,8,4
2024-11-17,LAC,UTA,116,105,H,Mohamed Bamba,9,8
2024-11-17,LAC,UTA,116,105,H,Isaiah Collier,4,3
2024-11-17,LAC,UTA,116,105,H,Amir Coffey,7,2
2024-11-17,LAC,UTA,116,105,H,Derrick Jones,7,1
2024-11-17,LAC,UTA,116,105,H,Drew Eubanks,8,1
2024-11-17,LAC,UTA,116,105,H,Terance Mann,7,2
2024-11-17,LAC,UTA,116,105,H,Collin Sexton,11,4
2024-11-17,LAC,UTA,116,105,H,Keyonte George,9,5
2024-11-17,LAC,UTA,116,105,H,Nicolas Batum,2,1
2024-11-17,CHO,CLE,114,128,A,Jarrett Allen,21,15
2024-11-17,CHO,CLE,114,128,A,Darius Garland,25,5
2024-11-17,CHO,CLE,114,128,A,Miles Bridges,19,8
2024-11-17,CHO,CLE,114,128,A,Ty Jerome,24,2
2024-11-17,CHO,CLE,114,128,A,LaMelo Ball,31,1
2024-11-17,CHO,CLE,114,128,A,Evan Mobley,23,11
2024-11-17,CHO,CLE,114,128,A,Grant Williams,15,9
2024-11-17,CHO,CLE,114,128,A,Josh Green,15,4
2024-11-17,CHO,CLE,114,128,A,Brandon Miller,15,5
2024-11-17,CHO,CLE,114,128,A,Craig Porter,7,4
2024-11-17,CHO,CLE,114,128,A,Cody Martin,5,6
2024-11-17,CHO,CLE,114,128,A,Vasilije Micić,9,0
2024-11-17,CHO,CLE,114,128,A,Georges Niang,13,2
2024-11-17,CHO,CLE,114,128,A,Moussa Diabaté,2,4
2024-11-17,CHO,CLE,114,128,A,Isaac Okoro,6,0
2024-11-17,CHO,CLE,114,128,A,JT Thor,2,0
2024-11-17,CHO,CLE,114,128,A,Seth Curry,3,1
2024-11-17,CHO,CLE,114,128,A,Dean Wade,3,4
2024-11-17,CHO,CLE,114,128,A,Tidjane Salaün ,0,1
2024-11-17,CHO,CLE,114,128,A,Caris LeVert,4,4
2024-11-17,CHO,CLE,114,128,A,Nick Smith,0,0
2024-11-17,CHO,CLE,114,128,A,Jaylon Tyson,0,0
2024-11-17,CHO,CLE,114,128,A,Luke Travers,0,1
2024-11-17,CHO,CLE,114,128,A,Jared Rhoden,0,1
2024-11-17,ATL,POR,110,114,A,Shaedon Sharpe,32,2
2024-11-17,ATL,POR,110,114,A,Trae Young,29,5
2024-11-17,ATL,POR,110,114,A,Jalen Johnson,25,4
2024-11-17,ATL,POR,110,114,A,Robert Williams,14,8
2024-11-17,ATL,POR,110,114,A,Deni Avdija,12,8
2024-11-17,ATL,POR,110,114,A,Dalano Banton,23,4
2024-11-17,ATL,POR,110,114,A,Onyeka Okongwu,11,11
2024-11-17,ATL,POR,110,114,A,Clint Capela,8,8
2024-11-17,ATL,POR,110,114,A,Donovan Clingan,6,8
2024-11-17,ATL,POR,110,114,A,Vit Krejci,8,2
2024-11-17,ATL,POR,110,114,A,Zaccharie Risacher,11,4
2024-11-17,ATL,POR,110,114,A,Jerami Grant,9,0
2024-11-17,ATL,POR,110,114,A,Dyson Daniels,12,8
2024-11-17,ATL,POR,110,114,A,Toumani Camara,3,4
2024-11-17,ATL,POR,110,114,A,Scoot Henderson,6,1
2024-11-17,ATL,POR,110,114,A,Garrison Mathews,6,1
2024-11-17,ATL,POR,110,114,A,Kris Murray,6,2
2024-11-17,ATL,POR,110,114,A,Larry Nance,0,3
2024-11-17,ATL,POR,110,114,A,Rayan Rupert,3,3
2024-11-17,ATL,POR,110,114,A,Keaton Wallace,0,1
2024-11-17,DEN,MEM,90,105,A,Jaren Jackson,20,6
2024-11-17,DEN,MEM,90,105,A,Julian Strawther,19,4
2024-11-17,DEN,MEM,90,105,A,Dario Šarić,10,10
2024-11-17,DEN,MEM,90,105,A,Desmond Bane,11,11
2024-11-17,DEN,MEM,90,105,A,Christian Braun,13,4
2024-11-17,DEN,MEM,90,105,A,Jake LaRavia,7,2
2024-11-17,DEN,MEM,90,105,A,Jamal Murray,13,6
2024-11-17,DEN,MEM,90,105,A,Jay Huff,10,1
2024-11-17,DEN,MEM,90,105,A,Brandon Clarke,8,7
2024-11-17,DEN,MEM,90,105,A,Peyton Watson,7,5
2024-11-17,DEN,MEM,90,105,A,Zach Edey,7,7
2024-11-17,DEN,MEM,90,105,A,Scotty Pippen ,10,3
2024-11-17,DEN,MEM,90,105,A,Luke Kennard,8,3
2024-11-17,DEN,MEM,90,105,A,Jaylen Wells,15,1
2024-11-17,DEN,MEM,90,105,A,Russell Westbrook,12,3
2024-11-17,DEN,MEM,90,105,A,Santi Aldama,6,2
2024-11-17,DEN,MEM,90,105,A,DeAndre Jordan,4,2
2024-11-17,DEN,MEM,90,105,A,Michael Porter,10,3
2024-11-17,DEN,MEM,90,105,A,Vince Williams,3,1
2024-11-17,DEN,MEM,90,105,A,John Konchar,0,1
2024-11-17,DEN,MEM,90,105,A,Trey Alexander,0,0
2024-11-17,DEN,MEM,90,105,A,Colin Castleton,0,0
2024-11-17,DEN,MEM,90,105,A,PJ Hall,0,0
2024-11-17,DEN,MEM,90,105,A,Yuki Kawamura,0,0
2024-11-17,DEN,MEM,90,105,A,Vlatko Čančar,2,1
2024-11-17,DEN,MEM,90,105,A,Zeke Nnaji,0,1
2024-11-17,DEN,MEM,90,105,A,Hunter Tyson,0,0
2024-11-18,MIA,PHI,106,89,H,Jimmy Butler,30,10
2024-11-18,MIA,PHI,106,89,H,Jared McCain,20,4
2024-11-18,MIA,PHI,106,89,H,Paul George,18,6
2024-11-18,MIA,PHI,106,89,H,Tyler Herro,18,5
2024-11-18,MIA,PHI,106,89,H,Dru Smith,10,6
2024-11-18,MIA,PHI,106,89,H,Joel Embiid,11,8
2024-11-18,MIA,PHI,106,89,H,Caleb Martin,12,5
2024-11-18,MIA,PHI,106,89,H,Alec Burks,7,6
2024-11-18,MIA,PHI,106,89,H,Andre Drummond,6,5
2024-11-18,MIA,PHI,106,89,H,Duncan Robinson,13,2
2024-11-18,MIA,PHI,106,89,H,Haywood Highsmith,9,1
2024-11-18,MIA,PHI,106,89,H,Kelly Oubre,8,5
2024-11-18,MIA,PHI,106,89,H,Bam Adebayo,5,13
2024-11-18,MIA,PHI,106,89,H,Nikola Jović,3,3
2024-11-18,MIA,PHI,106,89,H,Kevin Love,3,7
2024-11-18,MIA,PHI,106,89,H,Jeff Dowtin,2,2
2024-11-18,MIA,PHI,106,89,H,Guerschon Yabusele,3,4
2024-11-18,MIA,PHI,106,89,H,Pelle Larsson,4,0
2024-11-18,MIA,PHI,106,89,H,Ricky Council,4,1
2024-11-18,MIA,PHI,106,89,H,Eric Gordon,5,1
2024-11-18,MIA,PHI,106,89,H,Adem Bona,0,0
2024-11-18,MIA,PHI,106,89,H,Kel'el Ware,0,0
2024-11-18,MIA,PHI,106,89,H,Josh Richardson,4,0
2024-11-18,MIA,PHI,106,89,H,Kyle Lowry,0,1
2024-11-18,HOU,MIL,100,101,A,Brook Lopez,27,10
2024-11-18,HOU,MIL,100,101,A,Fred VanVleet,26,6
2024-11-18,HOU,MIL,100,101,A,Tari Eason,9,14
2024-11-18,HOU,MIL,100,101,A,Damian Lillard,18,4
2024-11-18,HOU,MIL,100,101,A,Amen Thompson,10,7
2024-11-18,HOU,MIL,100,101,A,Giannis Antetokounmpo,20,13
2024-11-18,HOU,MIL,100,101,A,Alperen Sengun,18,7
2024-11-18,HOU,MIL,100,101,A,Jalen Green,21,9
2024-11-18,HOU,MIL,100,101,A,Bobby Portis,11,4
2024-11-18,HOU,MIL,100,101,A,Gary Trent,12,1
2024-11-18,HOU,MIL,100,101,A,Delon Wright,6,4
2024-11-18,HOU,MIL,100,101,A,Aaron Holiday,5,1
2024-11-18,HOU,MIL,100,101,A,A.J. Green,5,5
2024-11-18,HOU,MIL,100,101,A,Jabari Smith,4,2
2024-11-18,HOU,MIL,100,101,A,Steven Adams,2,2
2024-11-18,HOU,MIL,100,101,A,Dillon Brooks,5,4
2024-11-18,HOU,MIL,100,101,A,Jeff Green,0,0
2024-11-18,HOU,MIL,100,101,A,Andre Jackson,0,1
2024-11-18,HOU,MIL,100,101,A,Taurean Prince,2,1
2024-11-18,HOU,MIL,100,101,A,Reed Sheppard,0,1
2024-11-18,IND,TOR,119,130,A,RJ Barrett,39,9
2024-11-18,IND,TOR,119,130,A,Jakob Poeltl,30,15
2024-11-18,IND,TOR,119,130,A,Pascal Siakam,25,10
2024-11-18,IND,TOR,119,130,A,Bennedict Mathurin,28,5
2024-11-18,IND,TOR,119,130,A,Obi Toppin,19,2
2024-11-18,IND,TOR,119,130,A,T.J. McConnell,10,3
2024-11-18,IND,TOR,119,130,A,Tyrese Haliburton,16,3
2024-11-18,IND,TOR,119,130,A,Ochai Agbaji,11,4
2024-11-18,IND,TOR,119,130,A,Quenton Jackson,9,1
2024-11-18,IND,TOR,119,130,A,Gradey Dick,15,4
2024-11-18,IND,TOR,119,130,A,Jamison Battle,9,1
2024-11-18,IND,TOR,119,130,A,Chris Boucher,4,7
2024-11-18,IND,TOR,119,130,A,Garrett Temple,3,3
2024-11-18,IND,TOR,119,130,A,Davion Mitchell,11,0
2024-11-18,IND,TOR,119,130,A,Jonathan Mogbo,4,3
2024-11-18,IND,TOR,119,130,A,Jarace Walker,6,4
2024-11-18,IND,TOR,119,130,A,Enrique Freeman,3,4
2024-11-18,IND,TOR,119,130,A,Johnny Furphy,3,0
2024-11-18,IND,TOR,119,130,A,Tristen Newton,0,0
2024-11-18,IND,TOR,119,130,A,Jamal Shead,4,0
2024-11-18,CHI,DET,122,112,H,Nikola Vučević,29,12
2024-11-18,CHI,DET,122,112,H,Jalen Duren,15,22
2024-11-18,CHI,DET,122,112,H,Coby White,25,4
2024-11-18,CHI,DET,122,112,H,Cade Cunningham,26,6
2024-11-18,CHI,DET,122,112,H,Zach LaVine,25,6
2024-11-18,CHI,DET,122,112,H,Malik Beasley,21,4
2024-11-18,CHI,DET,122,112,H,Josh Giddey,11,8
2024-11-18,CHI,DET,122,112,H,Jalen Smith,8,5
2024-11-18,CHI,DET,122,112,H,Jaden Ivey,12,3
2024-11-18,CHI,DET,122,112,H,Tobias Harris,16,2
2024-11-18,CHI,DET,122,112,H,Isaiah Stewart,7,4
2024-11-18,CHI,DET,122,112,H,Ayo Dosunmu,9,1
2024-11-18,CHI,DET,122,112,H,Ron Holland,2,4
2024-11-18,CHI,DET,122,112,H,Julian Phillips,5,4
2024-11-18,CHI,DET,122,112,H,Patrick Williams,8,5
2024-11-18,CHI,DET,122,112,H,Marcus Sasser,5,0
2024-11-18,CHI,DET,122,112,H,Simone Fontecchio,6,2
2024-11-18,CHI,DET,122,112,H,Dalen Terry,2,1
2024-11-18,CHI,DET,122,112,H,Matas Buzelis,0,0
2024-11-18,CHI,DET,122,112,H,Tim Hardaway,2,1
2024-11-18,ATL,SAC,109,108,H,Keon Ellis,33,6
2024-11-18,ATL,SAC,109,108,H,De'Aaron Fox,28,5
2024-11-18,ATL,SAC,109,108,H,De'Andre Hunter,24,2
2024-11-18,ATL,SAC,109,108,H,Zaccharie Risacher,18,3
2024-11-18,ATL,SAC,109,108,H,Clint Capela,14,14
2024-11-18,ATL,SAC,109,108,H,Trae Young,7,3
2024-11-18,ATL,SAC,109,108,H,Trey Lyles,12,10
2024-11-18,ATL,SAC,109,108,H,Dyson Daniels,14,8
2024-11-18,ATL,SAC,109,108,H,Garrison Mathews,9,1
2024-11-18,ATL,SAC,109,108,H,Jordan McLaughlin,8,2
2024-11-18,ATL,SAC,109,108,H,Onyeka Okongwu,7,2
2024-11-18,ATL,SAC,109,108,H,Doug McDermott,8,1
2024-11-18,ATL,SAC,109,108,H,Bogdan Bogdanović,6,3
2024-11-18,ATL,SAC,109,108,H,Kevin Huerter,9,5
2024-11-18,ATL,SAC,109,108,H,David Roddy,5,0
2024-11-18,ATL,SAC,109,108,H,Alex Len,2,3
2024-11-18,ATL,SAC,109,108,H,Colby Jones,0,3
2024-11-18,ATL,SAC,109,108,H,Orlando Robinson,1,3
2024-11-18,ATL,SAC,109,108,H,Keegan Murray,7,7
2024-11-18,ATL,SAC,109,108,H,Kobe Bufkin,5,1
2024-11-18,ATL,SAC,109,108,H,Isaac Jones,0,0
2024-11-18,NYK,WAS,134,106,H,Jalen Brunson,26,1
2024-11-18,NYK,WAS,134,106,H,Karl-Anthony Towns,24,12
2024-11-18,NYK,WAS,134,106,H,Jonas Valančiūnas,18,8
2024-11-18,NYK,WAS,134,106,H,Cameron Payne,17,2
2024-11-18,NYK,WAS,134,106,H,OG Anunoby,16,5
2024-11-18,NYK,WAS,134,106,H,Corey Kispert,18,6
2024-11-18,NYK,WAS,134,106,H,Josh Hart,14,6
2024-11-18,NYK,WAS,134,106,H,Mikal Bridges,14,3
2024-11-18,NYK,WAS,134,106,H,Carlton Carrington,18,4
2024-11-18,NYK,WAS,134,106,H,Kyle Kuzma,11,8
2024-11-18,NYK,WAS,134,106,H,Pacome Dadiet,9,3
2024-11-18,NYK,WAS,134,106,H,Jericho Sims,7,7
2024-11-18,NYK,WAS,134,106,H,Jordan Poole,8,4
2024-11-18,NYK,WAS,134,106,H,Anthony Gill,9,3
2024-11-18,NYK,WAS,134,106,H,Jared Butler,4,0
2024-11-18,NYK,WAS,134,106,H,Malcolm Brogdon,7,1
2024-11-18,NYK,WAS,134,106,H,Alex Sarr,8,4
2024-11-18,NYK,WAS,134,106,H,Tyler Kolek,5,0
2024-11-18,NYK,WAS,134,106,H,Johnny Davis,2,0
2024-11-18,NYK,WAS,134,106,H,Marvin Bagley,2,0
2024-11-18,NYK,WAS,134,106,H,Jacob Toppin,0,1
2024-11-18,NYK,WAS,134,106,H,Ariel Hukporti,2,1
2024-11-18,NYK,WAS,134,106,H,Patrick Baldwin,0,0
2024-11-18,NYK,WAS,134,106,H,Kyshawn George,1,3
2024-11-18,NYK,WAS,134,106,H,Matt Ryan,0,0
2024-11-18,ORL,PHO,109,99,H,Franz Wagner,32,5
2024-11-18,ORL,PHO,109,99,H,Anthony Black,20,4
2024-11-18,ORL,PHO,109,99,H,Goga Bitadze,17,10
2024-11-18,ORL,PHO,109,99,H,Tyus Jones,18,2
2024-11-18,ORL,PHO,109,99,H,Oso Ighodaro,12,7
2024-11-18,ORL,PHO,109,99,H,Josh Okogie,11,5
2024-11-18,ORL,PHO,109,99,H,Devin Booker,17,2
2024-11-18,ORL,PHO,109,99,H,Mason Plumlee,8,11
2024-11-18,ORL,PHO,109,99,H,Kentavious Caldwell-Pope,9,1
2024-11-18,ORL,PHO,109,99,H,Jonathan Isaac,7,3
2024-11-18,ORL,PHO,109,99,H,Grayson Allen,17,4
2024-11-18,ORL,PHO,109,99,H,Moritz Wagner,9,6
2024-11-18,ORL,PHO,109,99,H,Monte Morris,8,1
2024-11-18,ORL,PHO,109,99,H,Tristan Da Silva,3,5
2024-11-18,ORL,PHO,109,99,H,Jalen Suggs,12,2
2024-11-18,ORL,PHO,109,99,H,Ryan Dunn,5,6
2024-11-18,ORL,PHO,109,99,H,Gary Harris,0,2
2024-11-18,ORL,PHO,109,99,H,Cole Anthony,0,0
2024-11-18,ORL,PHO,109,99,H,Bol Bol,1,0
2024-11-18,ORL,PHO,109,99,H,Royce O'Neale,2,7
2024-11-18,GSW,LAC,99,102,A,Stephen Curry,26,7
2024-11-18,GSW,LAC,99,102,A,Andrew Wiggins,22,3
2024-11-18,GSW,LAC,99,102,A,James Harden,12,6
2024-11-18,GSW,LAC,99,102,A,Norman Powell,23,1
2024-11-18,GSW,LAC,99,102,A,Ivica Zubac,8,17
2024-11-18,GSW,LAC,99,102,A,Terance Mann,10,5
2024-11-18,GSW,LAC,99,102,A,Jonathan Kuminga,12,2
2024-11-18,GSW,LAC,99,102,A,Amir Coffey,15,5
2024-11-18,GSW,LAC,99,102,A,Lindy Waters,6,5
2024-11-18,GSW,LAC,99,102,A,Draymond Green,9,9
2024-11-18,GSW,LAC,99,102,A,Trayce Jackson-Davis,8,3
2024-11-18,GSW,LAC,99,102,A,Derrick Jones,7,3
2024-11-18,GSW,LAC,99,102,A,Nicolas Batum,9,3
2024-11-18,GSW,LAC,99,102,A,Mohamed Bamba,3,2
2024-11-18,GSW,LAC,99,102,A,Buddy Hield,8,2
2024-11-18,GSW,LAC,99,102,A,Kris Dunn,7,2
2024-11-18,GSW,LAC,99,102,A,Kevin Porter,8,0
2024-11-18,GSW,LAC,99,102,A,Kyle Anderson,2,2
2024-11-18,GSW,LAC,99,102,A,Moses Moody,5,3
2024-11-18,GSW,LAC,99,102,A,Gary Payton,0,4
2024-11-18,GSW,LAC,99,102,A,Brandin Podziemski,1,5
2024-11-19,LAL,UTA,124,118,H,Dalton Knecht,37,5
2024-11-19,LAL,UTA,124,118,H,Anthony Davis,26,14
2024-11-19,LAL,UTA,124,118,H,Lauri Markkanen,25,8
2024-11-19,LAL,UTA,124,118,H,LeBron James,26,2
2024-11-19,LAL,UTA,124,118,H,Collin Sexton,19,1
2024-11-19,LAL,UTA,124,118,H,Keyonte George,18,1
2024-11-19,LAL,UTA,124,118,H,John Collins,18,8
2024-11-19,LAL,UTA,124,118,H,Jordan Clarkson,18,4
2024-11-19,LAL,UTA,124,118,H,Austin Reaves,17,0
2024-11-19,LAL,UTA,124,118,H,Drew Eubanks,8,8
2024-11-19,LAL,UTA,124,118,H,Cam Reddish,4,2
2024-11-19,LAL,UTA,124,118,H,D'Angelo Russell,8,6
2024-11-19,LAL,UTA,124,118,H,Kyle Filipowski,3,5
2024-11-19,LAL,UTA,124,118,H,Johnny Juzang,7,5
2024-11-19,LAL,UTA,124,118,H,Gabe Vincent,3,2
2024-11-19,LAL,UTA,124,118,H,Christian Koloko,2,3
2024-11-19,LAL,UTA,124,118,H,Isaiah Collier,2,1
2024-11-19,LAL,UTA,124,118,H,Cody Williams,0,1
2024-11-19,LAL,UTA,124,118,H,Max Christie,1,0
2024-11-19,BOS,CLE,120,117,H,Jayson Tatum,33,12
2024-11-19,BOS,CLE,120,117,H,Evan Mobley,22,11
2024-11-19,BOS,CLE,120,117,H,Donovan Mitchell,35,8
2024-11-19,BOS,CLE,120,117,H,Al Horford,20,7
2024-11-19,BOS,CLE,120,117,H,Derrick White,19,6
2024-11-19,BOS,CLE,120,117,H,Craig Porter,15,3
2024-11-19,BOS,CLE,120,117,H,Jarrett Allen,10,11
2024-11-19,BOS,CLE,120,117,H,Payton Pritchard,13,2
2024-11-19,BOS,CLE,120,117,H,Ty Jerome,10,1
2024-11-19,BOS,CLE,120,117,H,Jrue Holiday,11,5
2024-11-19,BOS,CLE,120,117,H,Georges Niang,11,4
2024-11-19,BOS,CLE,120,117,H,Jaylen Brown,17,3
2024-11-19,BOS,CLE,120,117,H,Sam Merrill,6,1
2024-11-19,BOS,CLE,120,117,H,Sam Hauser,2,3
2024-11-19,BOS,CLE,120,117,H,Neemias Queta,5,4
2024-11-19,BOS,CLE,120,117,H,Darius Garland,8,2
2024-11-19,BRK,CHO,116,115,H,Cameron Johnson,34,5
2024-11-19,BRK,CHO,116,115,H,Brandon Miller,29,3
2024-11-19,BRK,CHO,116,115,H,Grant Williams,16,7
2024-11-19,BRK,CHO,116,115,H,Dennis Schröder,14,5
2024-11-19,BRK,CHO,116,115,H,Miles Bridges,21,3
2024-11-19,BRK,CHO,116,115,H,Dorian Finney-Smith,15,3
2024-11-19,BRK,CHO,116,115,H,Ben Simmons,10,9
2024-11-19,BRK,CHO,116,115,H,Tidjane Salaün ,11,8
2024-11-19,BRK,CHO,116,115,H,Trendon Watford,10,4
2024-11-19,BRK,CHO,116,115,H,Tre Mann,19,3
2024-11-19,BRK,CHO,116,115,H,Jalen Wilson,17,1
2024-11-19,BRK,CHO,116,115,H,Shake Milton,7,1
2024-11-19,BRK,CHO,116,115,H,Cody Martin,4,6
2024-11-19,BRK,CHO,116,115,H,Ziaire Williams,4,2
2024-11-19,BRK,CHO,116,115,H,LaMelo Ball,12,2
2024-11-19,BRK,CHO,116,115,H,Noah Clowney,5,3
2024-11-19,BRK,CHO,116,115,H,Moussa Diabaté,0,7
2024-11-19,BRK,CHO,116,115,H,Seth Curry,0,1
2024-11-19,BRK,CHO,116,115,H,Josh Green,3,4
2024-11-19,BRK,CHO,116,115,H,Keon Johnson,0,3
2024-11-19,OKC,SAS,104,110,A,Shai Gilgeous-Alexander,32,3
2024-11-19,OKC,SAS,104,110,A,Jalen Williams,27,10
2024-11-19,OKC,SAS,104,110,A,Keldon Johnson,22,5
2024-11-19,OKC,SAS,104,110,A,Harrison Barnes,20,8
2024-11-19,OKC,SAS,104,110,A,Cason Wallace,13,3
2024-11-19,OKC,SAS,104,110,A,Charles Bassey,12,8
2024-11-19,OKC,SAS,104,110,A,Zach Collins,12,7
2024-11-19,OKC,SAS,104,110,A,Chris Paul,14,5
2024-11-19,OKC,SAS,104,110,A,Julian Champagnie,12,7
2024-11-19,OKC,SAS,104,110,A,Luguentz Dort,6,12
2024-11-19,OKC,SAS,104,110,A,Aaron Wiggins,11,3
2024-11-19,OKC,SAS,104,110,A,Alex Caruso,2,5
2024-11-19,OKC,SAS,104,110,A,Dillon Jones,3,6
2024-11-19,OKC,SAS,104,110,A,Ajay Mitchell,3,0
2024-11-19,OKC,SAS,104,110,A,Stephon Castle,10,3
2024-11-19,OKC,SAS,104,110,A,Kenrich Williams,4,2
2024-11-19,OKC,SAS,104,110,A,Sandro Mamukelashvili,2,1
2024-11-19,OKC,SAS,104,110,A,Malaki Branham,3,1
2024-11-19,OKC,SAS,104,110,A,Ousmane Dieng,0,1
2024-11-19,OKC,SAS,104,110,A,Tre Jones,3,1
2024-11-19,OKC,SAS,104,110,A,Adam Flagler,3,2
2024-11-19,DAL,NOP,132,91,H,Luka Dončić,26,5
2024-11-19,DAL,NOP,132,91,H,Kyrie Irving,18,1
2024-11-19,DAL,NOP,132,91,H,Klay Thompson,19,4
2024-11-19,DAL,NOP,132,91,H,Naji Marshall,15,0
2024-11-19,DAL,NOP,132,91,H,Trey Murphy,19,5
2024-11-19,DAL,NOP,132,91,H,Quentin Grimes,12,8
2024-11-19,DAL,NOP,132,91,H,Dereck Lively,9,7
2024-11-19,DAL,NOP,132,91,H,Javonte Green,14,5
2024-11-19,DAL,NOP,132,91,H,Daniel Gafford,11,6
2024-11-19,DAL,NOP,132,91,H,Brandon Boston,10,2
2024-11-19,DAL,NOP,132,91,H,Jeremiah Robinson-Earl,11,7
2024-11-19,DAL,NOP,132,91,H,Brandon Ingram,17,5
2024-11-19,DAL,NOP,132,91,H,Yves Missi,3,9
2024-11-19,DAL,NOP,132,91,H,Jaden Hardy,11,2
2024-11-19,DAL,NOP,132,91,H,Olivier-Maxence Prosper,3,3
2024-11-19,DAL,NOP,132,91,H,Maxi Kleber,2,6
2024-11-19,DAL,NOP,132,91,H,Antonio Reeves,9,0
2024-11-19,DAL,NOP,132,91,H,Jamal Cain,2,3
2024-11-19,DAL,NOP,132,91,H,Dwight Powell,2,0
2024-11-19,DAL,NOP,132,91,H,P.J. Washington,4,6
2024-11-19,DAL,NOP,132,91,H,Trey Jemison,2,1
2024-11-19,DAL,NOP,132,91,H,Brandon Williams,0,0
2024-11-19,DAL,NOP,132,91,H,Karlo Matković,0,0
2024-11-19,DAL,NOP,132,91,H,Jaylen Nowell,4,0
2024-11-19,DEN,MEM,122,110,H,Jamal Murray,27,4
2024-11-19,DEN,MEM,122,110,H,Santi Aldama,28,11
2024-11-19,DEN,MEM,122,110,H,Michael Porter,24,11
2024-11-19,DEN,MEM,122,110,H,Christian Braun,19,7
2024-11-19,DEN,MEM,122,110,H,Scotty Pippen ,16,6
2024-11-19,DEN,MEM,122,110,H,Russell Westbrook,12,10
2024-11-19,DEN,MEM,122,110,H,Jake LaRavia,8,9
2024-11-19,DEN,MEM,122,110,H,Brandon Clarke,10,4
2024-11-19,DEN,MEM,122,110,H,Peyton Watson,15,5
2024-11-19,DEN,MEM,122,110,H,Jaren Jackson,19,8
2024-11-19,DEN,MEM,122,110,H,Jaylen Wells,8,3
2024-11-19,DEN,MEM,122,110,H,Julian Strawther,6,5
2024-11-19,DEN,MEM,122,110,H,DeAndre Jordan,4,2
2024-11-19,DEN,MEM,122,110,H,Vlatko Čančar,5,4
2024-11-19,DEN,MEM,122,110,H,Dario Šarić,8,5
2024-11-19,DEN,MEM,122,110,H,Luke Kennard,6,1
2024-11-19,DEN,MEM,122,110,H,Jay Huff,6,1
2024-11-19,DEN,MEM,122,110,H,Zeke Nnaji,2,0
2024-11-19,DEN,MEM,122,110,H,John Konchar,0,2
2024-11-19,DEN,MEM,122,110,H,Desmond Bane,5,5
2024-11-19,DEN,MEM,122,110,H,Vince Williams,4,5
2024-11-19,DEN,MEM,122,110,H,Trey Alexander,0,0
2024-11-20,CHI,MIL,106,122,A,Giannis Antetokounmpo,41,9
2024-11-20,CHI,MIL,106,122,A,Brook Lopez,21,5
2024-11-20,CHI,MIL,106,122,A,Zach LaVine,27,5
2024-11-20,CHI,MIL,106,122,A,A.J. Green,18,2
2024-11-20,CHI,MIL,106,122,A,Torrey Craig,15,6
2024-11-20,CHI,MIL,106,122,A,Damian Lillard,20,5
2024-11-20,CHI,MIL,106,122,A,Nikola Vučević,14,6
2024-11-20,CHI,MIL,106,122,A,Dalen Terry,10,1
2024-11-20,CHI,MIL,106,122,A,Gary Trent,11,6
2024-11-20,CHI,MIL,106,122,A,Bobby Portis,8,6
2024-11-20,CHI,MIL,106,122,A,Ayo Dosunmu,8,3
2024-11-20,CHI,MIL,106,122,A,Julian Phillips,6,2
2024-11-20,CHI,MIL,106,122,A,Coby White,14,2
2024-11-20,CHI,MIL,106,122,A,Delon Wright,3,1
2024-11-20,CHI,MIL,106,122,A,Jalen Smith,5,1
2024-11-20,CHI,MIL,106,122,A,Matas Buzelis,2,2
2024-11-20,CHI,MIL,106,122,A,Josh Giddey,5,4
2024-11-20,CHI,MIL,106,122,A,Talen Horton-Tucker,0,1
2024-11-20,CHI,MIL,106,122,A,Stanley Umude,0,1
2024-11-20,CHI,MIL,106,122,A,Taurean Prince,0,5
2024-11-20,CHI,MIL,106,122,A,Chris Duarte,0,0
2024-11-20,CHI,MIL,106,122,A,E.J. Liddell,0,0
2024-11-20,CHI,MIL,106,122,A,Liam Robbins,0,0
2024-11-20,CHI,MIL,106,122,A,MarJon Beauchamp,0,1
2024-11-20,CHI,MIL,106,122,A,Jevon Carter,0,0
2024-11-20,CHI,MIL,106,122,A,Andre Jackson,0,4
2024-11-20,NYK,PHO,138,122,H,Jalen Brunson,36,2
2024-11-20,NYK,PHO,138,122,H,Karl-Anthony Towns,34,10
2024-11-20,NYK,PHO,138,122,H,Josh Hart,19,11
2024-11-20,NYK,PHO,138,122,H,Devin Booker,33,3
2024-11-20,NYK,PHO,138,122,H,Jusuf Nurkić,14,12
2024-11-20,NYK,PHO,138,122,H,Tyus Jones,15,3
2024-11-20,NYK,PHO,138,122,H,Mikal Bridges,16,3
2024-11-20,NYK,PHO,138,122,H,OG Anunoby,14,7
2024-11-20,NYK,PHO,138,122,H,Royce O'Neale,17,4
2024-11-20,NYK,PHO,138,122,H,Cameron Payne,12,1
2024-11-20,NYK,PHO,138,122,H,Ryan Dunn,8,2
2024-11-20,NYK,PHO,138,122,H,Jericho Sims,4,6
2024-11-20,NYK,PHO,138,122,H,Monte Morris,10,0
2024-11-20,NYK,PHO,138,122,H,Josh Okogie,7,4
2024-11-20,NYK,PHO,138,122,H,Bol Bol,4,2
2024-11-20,NYK,PHO,138,122,H,Tyler Kolek,3,1
2024-11-20,NYK,PHO,138,122,H,Oso Ighodaro,2,3
2024-11-20,NYK,PHO,138,122,H,Damion Lee,4,0
2024-11-20,NYK,PHO,138,122,H,TyTy Washington,0,0
2024-11-20,NYK,PHO,138,122,H,Grayson Allen,8,1
2024-11-20,NYK,PHO,138,122,H,Mason Plumlee,0,0
2024-11-20,NYK,PHO,138,122,H,Jacob Toppin,0,0
2024-11-20,NYK,PHO,138,122,H,Pacome Dadiet,0,0
2024-11-20,OKC,POR,109,99,H,Jalen Williams,30,7
2024-11-20,OKC,POR,109,99,H,Shai Gilgeous-Alexander,28,5
2024-11-20,OKC,POR,109,99,H,Alex Caruso,17,1
2024-11-20,OKC,POR,109,99,H,Isaiah Hartenstein,13,14
2024-11-20,OKC,POR,109,99,H,Donovan Clingan,10,9
2024-11-20,OKC,POR,109,99,H,Toumani Camara,14,9
2024-11-20,OKC,POR,109,99,H,Jerami Grant,14,6
2024-11-20,OKC,POR,109,99,H,Deni Avdija,13,6
2024-11-20,OKC,POR,109,99,H,Ajay Mitchell,10,4
2024-11-20,OKC,POR,109,99,H,Shaedon Sharpe,21,4
2024-11-20,OKC,POR,109,99,H,Scoot Henderson,9,3
2024-11-20,OKC,POR,109,99,H,Robert Williams,4,8
2024-11-20,OKC,POR,109,99,H,Dalano Banton,10,4
2024-11-20,OKC,POR,109,99,H,Kris Murray,4,0
2024-11-20,OKC,POR,109,99,H,Kenrich Williams,4,1
2024-11-20,OKC,POR,109,99,H,Cason Wallace,0,4
2024-11-20,OKC,POR,109,99,H,Aaron Wiggins,5,2
2024-11-20,OKC,POR,109,99,H,Dillon Jones,0,2
2024-11-20,OKC,POR,109,99,H,Adam Flagler,0,0
2024-11-20,OKC,POR,109,99,H,Ousmane Dieng,0,1
2024-11-20,OKC,POR,109,99,H,Luguentz Dort,2,5
2024-11-20,HOU,IND,130,113,H,Alperen Sengun,31,12
2024-11-20,HOU,IND,130,113,H,Quenton Jackson,24,2
2024-11-20,HOU,IND,130,113,H,Jabari Smith,23,8
2024-11-20,HOU,IND,130,113,H,Fred VanVleet,18,2
2024-11-20,HOU,IND,130,113,H,T.J. McConnell,17,1
2024-11-20,HOU,IND,130,113,H,Tari Eason,11,9
2024-11-20,HOU,IND,130,113,H,Pascal Siakam,21,4
2024-11-20,HOU,IND,130,113,H,Jalen Green,14,4
2024-11-20,HOU,IND,130,113,H,Reed Sheppard,7,2
2024-11-20,HOU,IND,130,113,H,Myles Turner,10,9
2024-11-20,HOU,IND,130,113,H,Jock Landale,6,4
2024-11-20,HOU,IND,130,113,H,Moses Brown,6,4
2024-11-20,HOU,IND,130,113,H,Enrique Freeman,6,1
2024-11-20,HOU,IND,130,113,H,Tyrese Haliburton,4,1
2024-11-20,HOU,IND,130,113,H,Johnny Furphy,6,1
2024-11-20,HOU,IND,130,113,H,Aaron Holiday,2,3
2024-11-20,HOU,IND,130,113,H,Cam Whitmore,4,0
2024-11-20,HOU,IND,130,113,H,Bennedict Mathurin,8,5
2024-11-20,HOU,IND,130,113,H,Jae'Sean Tate,2,1
2024-11-20,HOU,IND,130,113,H,Obi Toppin,4,3
2024-11-20,HOU,IND,130,113,H,Jeff Green,2,0
2024-11-20,HOU,IND,130,113,H,James Johnson,2,2
2024-11-20,HOU,IND,130,113,H,Jeenathan Williams,0,0
2024-11-20,HOU,IND,130,113,H,Amen Thompson,6,1
2024-11-20,HOU,IND,130,113,H,Dillon Brooks,4,1
2024-11-20,HOU,IND,130,113,H,Jarace Walker,5,3
2024-11-20,ATL,GSW,97,120,A,Andrew Wiggins,27,7
2024-11-20,ATL,GSW,97,120,A,Stephen Curry,23,4
2024-11-20,ATL,GSW,97,120,A,Jalen Johnson,15,14
2024-11-20,ATL,GSW,97,120,A,Trayce Jackson-Davis,14,11
2024-11-20,ATL,GSW,97,120,A,Trae Young,12,3
2024-11-20,ATL,GSW,97,120,A,Draymond Green,9,7
2024-11-20,ATL,GSW,97,120,A,Clint Capela,11,10
2024-11-20,ATL,GSW,97,120,A,Zaccharie Risacher,12,8
2024-11-20,ATL,GSW,97,120,A,Jonathan Kuminga,10,6
2024-11-20,ATL,GSW,97,120,A,De'Andre Hunter,10,6
2024-11-20,ATL,GSW,97,120,A,Lindy Waters,10,3
2024-11-20,ATL,GSW,97,120,A,Dyson Daniels,11,6
2024-11-20,ATL,GSW,97,120,A,Gary Payton,6,2
2024-11-20,ATL,GSW,97,120,A,Onyeka Okongwu,9,7
2024-11-20,ATL,GSW,97,120,A,Kobe Bufkin,6,3
2024-11-20,ATL,GSW,97,120,A,Buddy Hield,11,2
2024-11-20,ATL,GSW,97,120,A,Kyle Anderson,2,1
2024-11-20,ATL,GSW,97,120,A,Garrison Mathews,3,1
2024-11-20,ATL,GSW,97,120,A,Kevon Looney,2,5
2024-11-20,ATL,GSW,97,120,A,Brandin Podziemski,3,2
2024-11-20,ATL,GSW,97,120,A,David Roddy,2,0
2024-11-20,ATL,GSW,97,120,A,Vit Krejci,0,0
2024-11-20,ATL,GSW,97,120,A,Moses Moody,3,3
2024-11-20,ATL,GSW,97,120,A,Gui Santos,0,1
2024-11-20,ATL,GSW,97,120,A,Bogdan Bogdanović,6,7
2024-11-20,MEM,PHI,117,111,H,Joel Embiid,35,11
2024-11-20,MEM,PHI,117,111,H,Jaren Jackson,25,4
2024-11-20,MEM,PHI,117,111,H,Desmond Bane,21,10
2024-11-20,MEM,PHI,117,111,H,Guerschon Yabusele,17,4
2024-11-20,MEM,PHI,117,111,H,Jake LaRavia,11,5
2024-11-20,MEM,PHI,117,111,H,Jared McCain,20,2
2024-11-20,MEM,PHI,117,111,H,Luke Kennard,12,3
2024-11-20,MEM,PHI,117,111,H,Santi Aldama,12,6
2024-11-20,MEM,PHI,117,111,H,Andre Drummond,11,6
2024-11-20,MEM,PHI,117,111,H,Jaylen Wells,14,2
2024-11-20,MEM,PHI,117,111,H,Kelly Oubre,7,5
2024-11-20,MEM,PHI,117,111,H,Caleb Martin,2,3
2024-11-20,MEM,PHI,117,111,H,Reggie Jackson,5,1
2024-11-20,MEM,PHI,117,111,H,Jay Huff,8,0
2024-11-20,MEM,PHI,117,111,H,Ricky Council,4,1
2024-11-20,MEM,PHI,117,111,H,Scotty Pippen ,8,4
2024-11-20,MEM,PHI,117,111,H,Brandon Clarke,6,6
2024-11-20,MEM,PHI,117,111,H,Tyrese Maxey,8,3
2024-11-20,MEM,PHI,117,111,H,Paul George,2,4
2024-11-20,MEM,PHI,117,111,H,Cam Spencer,0,1
2024-11-20,MEM,PHI,117,111,H,KJ Martin,0,0
2024-11-20,MEM,PHI,117,111,H,Eric Gordon,0,1
2024-11-20,CLE,NOP,128,100,H,Antonio Reeves,34,5
2024-11-20,CLE,NOP,128,100,H,Jarrett Allen,16,11
2024-11-20,CLE,NOP,128,100,H,Jaylon Tyson,16,11
2024-11-20,CLE,NOP,128,100,H,Ty Jerome,29,3
2024-11-20,CLE,NOP,128,100,H,Georges Niang,20,4
2024-11-20,CLE,NOP,128,100,H,Yves Missi,12,8
2024-11-20,CLE,NOP,128,100,H,JT Thor,12,2
2024-11-20,CLE,NOP,128,100,H,Jamal Cain,9,3
2024-11-20,CLE,NOP,128,100,H,Elfrid Payton,11,5
2024-11-20,CLE,NOP,128,100,H,Tristan Thompson,8,9
2024-11-20,CLE,NOP,128,100,H,Evan Mobley,9,7
2024-11-20,CLE,NOP,128,100,H,Donovan Mitchell,10,2
2024-11-20,CLE,NOP,128,100,H,Craig Porter,4,1
2024-11-20,CLE,NOP,128,100,H,Jeremiah Robinson-Earl,9,7
2024-11-20,CLE,NOP,128,100,H,Javonte Green,9,2
2024-11-20,CLE,NOP,128,100,H,Karlo Matković,2,5
2024-11-20,CLE,NOP,128,100,H,Luke Travers,4,2
2024-11-20,CLE,NOP,128,100,H,Brandon Boston,14,3
2024-11-20,CLE,NOP,128,100,H,Trey Jemison,0,2
2024-11-20,LAC,ORL,104,93,H,Ivica Zubac,17,12
2024-11-20,LAC,ORL,104,93,H,James Harden,24,7
2024-11-20,LAC,ORL,104,93,H,Franz Wagner,14,6
2024-11-20,LAC,ORL,104,93,H,Jalen Suggs,16,2
2024-11-20,LAC,ORL,104,93,H,Amir Coffey,18,4
2024-11-20,LAC,ORL,104,93,H,Derrick Jones,8,6
2024-11-20,LAC,ORL,104,93,H,Kevin Porter,10,4
2024-11-20,LAC,ORL,104,93,H,Tristan Da Silva,10,3
2024-11-20,LAC,ORL,104,93,H,Anthony Black,17,0
2024-11-20,LAC,ORL,104,93,H,Jordan Miller,8,3
2024-11-20,LAC,ORL,104,93,H,Goga Bitadze,9,2
2024-11-20,LAC,ORL,104,93,H,Jonathan Isaac,6,3
2024-11-20,LAC,ORL,104,93,H,Nicolas Batum,5,4
2024-11-20,LAC,ORL,104,93,H,Mohamed Bamba,7,4
2024-11-20,LAC,ORL,104,93,H,Moritz Wagner,10,1
2024-11-20,LAC,ORL,104,93,H,Jett Howard,4,3
2024-11-20,LAC,ORL,104,93,H,Cole Anthony,3,0
2024-11-20,LAC,ORL,104,93,H,Gary Harris,2,0
2024-11-20,LAC,ORL,104,93,H,Kris Dunn,7,3
2024-11-20,LAC,ORL,104,93,H,Cory Joseph,0,2
2024-11-20,LAC,ORL,104,93,H,Caleb Houstan,0,0
2024-11-20,LAC,ORL,104,93,H,Kai Jones,0,0
2024-11-20,LAC,ORL,104,93,H,Kobe Brown,0,2
2024-11-20,LAC,ORL,104,93,H,Kentavious Caldwell-Pope,2,2
2024-11-20,LAC,ORL,104,93,H,Terance Mann,0,0
2024-11-21,LAL,ORL,118,119,A,Franz Wagner,37,6
2024-11-21,LAL,ORL,118,119,A,Anthony Davis,39,9
2024-11-21,LAL,ORL,118,119,A,LeBron James,31,10
2024-11-21,LAL,ORL,118,119,A,Moritz Wagner,19,5
2024-11-21,LAL,ORL,118,119,A,Jalen Suggs,23,5
2024-11-21,LAL,ORL,118,119,A,Dalton Knecht,17,4
2024-11-21,LAL,ORL,118,119,A,Goga Bitadze,7,15
2024-11-21,LAL,ORL,118,119,A,Cam Reddish,8,8
2024-11-21,LAL,ORL,118,119,A,Tristan Da Silva,12,4
2024-11-21,LAL,ORL,118,119,A,Gary Harris,11,1
2024-11-21,LAL,ORL,118,119,A,D'Angelo Russell,7,1
2024-11-21,LAL,ORL,118,119,A,Max Christie,5,1
2024-11-21,LAL,ORL,118,119,A,Jett Howard,2,2
2024-11-21,LAL,ORL,118,119,A,Anthony Black,4,4
2024-11-21,LAL,ORL,118,119,A,Austin Reaves,9,2
2024-11-21,LAL,ORL,118,119,A,Christian Koloko,2,1
2024-11-21,LAL,ORL,118,119,A,Jonathan Isaac,2,6
2024-11-21,LAL,ORL,118,119,A,Cole Anthony,2,0
2024-11-21,LAL,ORL,118,119,A,Gabe Vincent,0,0
2024-11-21,MIN,TOR,105,110,A,RJ Barrett,31,7
2024-11-21,MIN,TOR,105,110,A,Jaden McDaniels,22,7
2024-11-21,MIN,TOR,105,110,A,Anthony Edwards,26,3
2024-11-21,MIN,TOR,105,110,A,Julius Randle,23,9
2024-11-21,MIN,TOR,105,110,A,Chris Boucher,22,4
2024-11-21,MIN,TOR,105,110,A,Rudy Gobert,13,11
2024-11-21,MIN,TOR,105,110,A,Jakob Poeltl,15,12
2024-11-21,MIN,TOR,105,110,A,Scottie Barnes,17,3
2024-11-21,MIN,TOR,105,110,A,Donte DiVincenzo,11,2
2024-11-21,MIN,TOR,105,110,A,Jonathan Mogbo,6,7
2024-11-21,MIN,TOR,105,110,A,Gradey Dick,9,6
2024-11-21,MIN,TOR,105,110,A,Nickeil Alexander-Walker,6,4
2024-11-21,MIN,TOR,105,110,A,Jamison Battle,3,1
2024-11-21,MIN,TOR,105,110,A,Davion Mitchell,3,2
2024-11-21,MIN,TOR,105,110,A,Ochai Agbaji,4,0
2024-11-21,MIN,TOR,105,110,A,Rob Dillingham,2,0
2024-11-21,MIN,TOR,105,110,A,Jamal Shead,0,1
2024-11-21,MIN,TOR,105,110,A,Naz Reid,2,4
2024-11-21,CHO,DET,123,121,H,Brandon Miller,38,7
2024-11-21,CHO,DET,123,121,H,LaMelo Ball,35,6
2024-11-21,CHO,DET,123,121,H,Tobias Harris,26,8
2024-11-21,CHO,DET,123,121,H,Cade Cunningham,27,7
2024-11-21,CHO,DET,123,121,H,Isaiah Stewart,13,9
2024-11-21,CHO,DET,123,121,H,Cody Martin,15,3
2024-11-21,CHO,DET,123,121,H,Wendell Moore,7,7
2024-11-21,CHO,DET,123,121,H,Josh Green,10,3
2024-11-21,CHO,DET,123,121,H,Malik Beasley,16,6
2024-11-21,CHO,DET,123,121,H,Moussa Diabaté,1,16
2024-11-21,CHO,DET,123,121,H,Grant Williams,12,3
2024-11-21,CHO,DET,123,121,H,Jaden Ivey,11,4
2024-11-21,CHO,DET,123,121,H,Jalen Duren,5,9
2024-11-21,CHO,DET,123,121,H,Simone Fontecchio,8,2
2024-11-21,CHO,DET,123,121,H,Tidjane Salaün ,7,2
2024-11-21,CHO,DET,123,121,H,Ron Holland,6,2
2024-11-21,CHO,DET,123,121,H,Taj Gibson,0,1
2024-11-21,CHO,DET,123,121,H,Seth Curry,0,0
2024-11-21,CHO,DET,123,121,H,Tim Hardaway,2,1
2024-11-21,CHO,DET,123,121,H,Marcus Sasser,0,1
2024-11-21,CHO,DET,123,121,H,Tre Mann,5,2
2024-11-21,SAS,UTA,126,118,H,Harrison Barnes,25,10
2024-11-21,SAS,UTA,126,118,H,Lauri Markkanen,27,4
2024-11-21,SAS,UTA,126,118,H,John Collins,18,14
2024-11-21,SAS,UTA,126,118,H,Chris Paul,13,5
2024-11-21,SAS,UTA,126,118,H,Stephon Castle,18,3
2024-11-21,SAS,UTA,126,118,H,Julian Champagnie,14,3
2024-11-21,SAS,UTA,126,118,H,Brice Sensabaugh,18,6
2024-11-21,SAS,UTA,126,118,H,Charles Bassey,11,9
2024-11-21,SAS,UTA,126,118,H,Zach Collins,18,5
2024-11-21,SAS,UTA,126,118,H,Keldon Johnson,12,8
2024-11-21,SAS,UTA,126,118,H,Collin Sexton,18,1
2024-11-21,SAS,UTA,126,118,H,Keyonte George,19,2
2024-11-21,SAS,UTA,126,118,H,Tre Jones,11,3
2024-11-21,SAS,UTA,126,118,H,Johnny Juzang,6,2
2024-11-21,SAS,UTA,126,118,H,Drew Eubanks,4,6
2024-11-21,SAS,UTA,126,118,H,Kyle Filipowski,4,9
2024-11-21,SAS,UTA,126,118,H,Malaki Branham,3,3
2024-11-21,SAS,UTA,126,118,H,Blake Wesley,1,2
2024-11-21,SAS,UTA,126,118,H,Cody Williams,0,2
2024-11-21,SAS,UTA,126,118,H,Isaiah Collier,4,3
2024-11-22,IND,MIL,117,129,A,Giannis Antetokounmpo,37,10
2024-11-22,IND,MIL,117,129,A,Damian Lillard,24,5
2024-11-22,IND,MIL,117,129,A,Pascal Siakam,25,8
2024-11-22,IND,MIL,117,129,A,T.J. McConnell,12,2
2024-11-22,IND,MIL,117,129,A,Tyrese Haliburton,18,1
2024-11-22,IND,MIL,117,129,A,Gary Trent,18,2
2024-11-22,IND,MIL,117,129,A,Taurean Prince,13,2
2024-11-22,IND,MIL,117,129,A,Bennedict Mathurin,20,9
2024-11-22,IND,MIL,117,129,A,Bobby Portis,17,7
2024-11-22,IND,MIL,117,129,A,Myles Turner,15,8
2024-11-22,IND,MIL,117,129,A,Brook Lopez,11,5
2024-11-22,IND,MIL,117,129,A,Obi Toppin,6,4
2024-11-22,IND,MIL,117,129,A,Jarace Walker,6,6
2024-11-22,IND,MIL,117,129,A,Johnny Furphy,3,4
2024-11-22,IND,MIL,117,129,A,Quenton Jackson,9,2
2024-11-22,IND,MIL,117,129,A,Chris Livingston,2,2
2024-11-22,IND,MIL,117,129,A,Delon Wright,2,2
2024-11-22,IND,MIL,117,129,A,A.J. Green,5,3
2024-11-22,IND,MIL,117,129,A,Tristen Newton,3,0
2024-11-22,IND,MIL,117,129,A,MarJon Beauchamp,0,0
2024-11-22,IND,MIL,117,129,A,Moses Brown,0,1
2024-11-22,IND,MIL,117,129,A,Tyler Smith,0,0
2024-11-22,IND,MIL,117,129,A,Stanley Umude,0,0
2024-11-22,IND,MIL,117,129,A,Andre Jackson,0,6
2024-11-22,IND,MIL,117,129,A,Enrique Freeman,0,1
2024-11-22,DAL,DEN,123,120,H,Nikola Jokić,33,17
2024-11-22,DAL,DEN,123,120,H,Naji Marshall,26,1
2024-11-22,DAL,DEN,123,120,H,P.J. Washington,22,13
2024-11-22,DAL,DEN,123,120,H,Daniel Gafford,13,6
2024-11-22,DAL,DEN,123,120,H,Quentin Grimes,14,4
2024-11-22,DAL,DEN,123,120,H,Christian Braun,17,5
2024-11-22,DAL,DEN,123,120,H,Michael Porter,17,5
2024-11-22,DAL,DEN,123,120,H,Peyton Watson,15,5
2024-11-22,DAL,DEN,123,120,H,Kyrie Irving,19,6
2024-11-22,DAL,DEN,123,120,H,Dereck Lively,11,6
2024-11-22,DAL,DEN,123,120,H,Jamal Murray,14,5
2024-11-22,DAL,DEN,123,120,H,Russell Westbrook,16,1
2024-11-22,DAL,DEN,123,120,H,Spencer Dinwiddie,10,2
2024-11-22,DAL,DEN,123,120,H,Jaden Hardy,8,0
2024-11-22,DAL,DEN,123,120,H,DeAndre Jordan,3,1
2024-11-22,DAL,DEN,123,120,H,Julian Strawther,3,0
2024-11-22,DAL,DEN,123,120,H,Dario Šarić,2,3
2024-11-22,DAL,DEN,123,120,H,Trey Alexander,0,0
2024-11-22,DAL,DEN,123,120,H,Maxi Kleber,0,2
2024-11-22,DAL,DEN,123,120,H,Hunter Tyson,0,0
2024-11-22,DAL,DEN,123,120,H,Klay Thompson,0,4
2024-11-22,BRK,PHI,98,113,A,Cameron Johnson,37,1
2024-11-22,BRK,PHI,98,113,A,Tyrese Maxey,26,4
2024-11-22,BRK,PHI,98,113,A,Jared McCain,30,5
2024-11-22,BRK,PHI,98,113,A,Kelly Oubre,11,9
2024-11-22,BRK,PHI,98,113,A,Nic Claxton,12,8
2024-11-22,BRK,PHI,98,113,A,Andre Drummond,10,6
2024-11-22,BRK,PHI,98,113,A,Cam Thomas,18,3
2024-11-22,BRK,PHI,98,113,A,Guerschon Yabusele,10,11
2024-11-22,BRK,PHI,98,113,A,Caleb Martin,10,0
2024-11-22,BRK,PHI,98,113,A,Jalen Wilson,6,6
2024-11-22,BRK,PHI,98,113,A,Eric Gordon,5,1
2024-11-22,BRK,PHI,98,113,A,Reggie Jackson,9,0
2024-11-22,BRK,PHI,98,113,A,Dennis Schröder,8,3
2024-11-22,BRK,PHI,98,113,A,KJ Martin,2,4
2024-11-22,BRK,PHI,98,113,A,Noah Clowney,2,4
2024-11-22,BRK,PHI,98,113,A,Ben Simmons,2,4
2024-11-22,BRK,PHI,98,113,A,Dorian Finney-Smith,5,2
2024-11-22,BRK,PHI,98,113,A,Trendon Watford,6,3
2024-11-22,BRK,PHI,98,113,A,Ziaire Williams,2,0
2024-11-22,BRK,PHI,98,113,A,Ricky Council,0,0
2024-11-22,GSW,NOP,112,108,H,Andrew Wiggins,30,3
2024-11-22,GSW,NOP,112,108,H,Jeremiah Robinson-Earl,19,12
2024-11-22,GSW,NOP,112,108,H,Trey Murphy,24,4
2024-11-22,GSW,NOP,112,108,H,Stephen Curry,19,7
2024-11-22,GSW,NOP,112,108,H,Brandon Boston,16,5
2024-11-22,GSW,NOP,112,108,H,Javonte Green,15,4
2024-11-22,GSW,NOP,112,108,H,Brandon Ingram,18,3
2024-11-22,GSW,NOP,112,108,H,Draymond Green,11,8
2024-11-22,GSW,NOP,112,108,H,Brandin Podziemski,11,5
2024-11-22,GSW,NOP,112,108,H,Trayce Jackson-Davis,9,8
2024-11-22,GSW,NOP,112,108,H,Buddy Hield,12,6
2024-11-22,GSW,NOP,112,108,H,Kevon Looney,4,7
2024-11-22,GSW,NOP,112,108,H,Gary Payton,4,1
2024-11-22,GSW,NOP,112,108,H,Elfrid Payton,4,3
2024-11-22,GSW,NOP,112,108,H,Daniel Theis,3,5
2024-11-22,GSW,NOP,112,108,H,Trey Jemison,2,4
2024-11-22,GSW,NOP,112,108,H,Jonathan Kuminga,7,4
2024-11-22,GSW,NOP,112,108,H,Jordan Hawkins,6,1
2024-11-22,GSW,NOP,112,108,H,Moses Moody,3,2
2024-11-22,GSW,NOP,112,108,H,Kyle Anderson,2,1
2024-11-22,GSW,NOP,112,108,H,Antonio Reeves,1,2
2024-11-22,GSW,NOP,112,108,H,Lindy Waters,0,0
2024-11-22,ATL,CHI,122,136,A,Trae Young,25,1
2024-11-22,ATL,CHI,122,136,A,Jalen Johnson,25,13
2024-11-22,ATL,CHI,122,136,A,Ayo Dosunmu,20,3
2024-11-22,ATL,CHI,122,136,A,Clint Capela,21,11
2024-11-22,ATL,CHI,122,136,A,Coby White,20,6
2024-11-22,ATL,CHI,122,136,A,Josh Giddey,18,6
2024-11-22,ATL,CHI,122,136,A,Nikola Vučević,18,13
2024-11-22,ATL,CHI,122,136,A,Zach LaVine,26,3
2024-11-22,ATL,CHI,122,136,A,Jalen Smith,13,5
2024-11-22,ATL,CHI,122,136,A,Bogdan Bogdanović,16,1
2024-11-22,ATL,CHI,122,136,A,Dalen Terry,12,1
2024-11-22,ATL,CHI,122,136,A,De'Andre Hunter,14,2
2024-11-22,ATL,CHI,122,136,A,Dyson Daniels,8,5
2024-11-22,ATL,CHI,122,136,A,Onyeka Okongwu,7,6
2024-11-22,ATL,CHI,122,136,A,Matas Buzelis,9,4
2024-11-22,ATL,CHI,122,136,A,Zaccharie Risacher,4,1
2024-11-22,ATL,CHI,122,136,A,Garrison Mathews,0,0
2024-11-22,ATL,CHI,122,136,A,Kobe Bufkin,2,2
2024-11-22,ATL,CHI,122,136,A,Julian Phillips,0,0
2024-11-22,ATL,CHI,122,136,A,Vit Krejci,0,0
2024-11-22,LAC,SAC,104,88,H,De'Aaron Fox,29,7
2024-11-22,LAC,SAC,104,88,H,James Harden,22,6
2024-11-22,LAC,SAC,104,88,H,Domantas Sabonis,24,15
2024-11-22,LAC,SAC,104,88,H,Derrick Jones,17,4
2024-11-22,LAC,SAC,104,88,H,Ivica Zubac,10,15
2024-11-22,LAC,SAC,104,88,H,Kevin Porter,14,6
2024-11-22,LAC,SAC,104,88,H,Keegan Murray,10,9
2024-11-22,LAC,SAC,104,88,H,Amir Coffey,11,2
2024-11-22,LAC,SAC,104,88,H,Terance Mann,5,1
2024-11-22,LAC,SAC,104,88,H,Nicolas Batum,9,3
2024-11-22,LAC,SAC,104,88,H,DeMar DeRozan,16,6
2024-11-22,LAC,SAC,104,88,H,Kris Dunn,5,8
2024-11-22,LAC,SAC,104,88,H,Jordan Miller,5,1
2024-11-22,LAC,SAC,104,88,H,Mohamed Bamba,6,8
2024-11-22,LAC,SAC,104,88,H,Colby Jones,5,0
2024-11-22,LAC,SAC,104,88,H,Trey Lyles,3,4
2024-11-22,LAC,SAC,104,88,H,Keon Ellis,1,0
2024-11-22,LAC,SAC,104,88,H,Doug McDermott,0,1
2024-11-22,LAC,SAC,104,88,H,Jordan McLaughlin,0,3
2024-11-22,LAC,SAC,104,88,H,Kevin Huerter,0,3
2024-11-22,HOU,POR,116,88,H,Dillon Brooks,28,6
2024-11-22,HOU,POR,116,88,H,Tari Eason,22,8
2024-11-22,HOU,POR,116,88,H,Amen Thompson,10,11
2024-11-22,HOU,POR,116,88,H,Shaedon Sharpe,13,1
2024-11-22,HOU,POR,116,88,H,Robert Williams,7,6
2024-11-22,HOU,POR,116,88,H,Alperen Sengun,14,8
2024-11-22,HOU,POR,116,88,H,Jalen Green,17,5
2024-11-22,HOU,POR,116,88,H,Donovan Clingan,9,7
2024-11-22,HOU,POR,116,88,H,Toumani Camara,11,3
2024-11-22,HOU,POR,116,88,H,Fred VanVleet,2,2
2024-11-22,HOU,POR,116,88,H,Kris Murray,10,4
2024-11-22,HOU,POR,116,88,H,Deni Avdija,13,6
2024-11-22,HOU,POR,116,88,H,Jerami Grant,5,3
2024-11-22,HOU,POR,116,88,H,Reed Sheppard,3,0
2024-11-22,HOU,POR,116,88,H,Jeff Green,5,1
2024-11-22,HOU,POR,116,88,H,Jack McVeigh,3,2
2024-11-22,HOU,POR,116,88,H,Jock Landale,2,1
2024-11-22,HOU,POR,116,88,H,Taze Moore,4,4
2024-11-22,HOU,POR,116,88,H,Aaron Holiday,3,0
2024-11-22,HOU,POR,116,88,H,Anfernee Simons,8,2
2024-11-22,HOU,POR,116,88,H,Duop Reath,2,2
2024-11-22,HOU,POR,116,88,H,Jabari Smith,5,2
2024-11-22,HOU,POR,116,88,H,Jae'Sean Tate,1,4
2024-11-22,HOU,POR,116,88,H,Steven Adams,1,1
2024-11-22,HOU,POR,116,88,H,Jabari Walker,0,2
2024-11-22,HOU,POR,116,88,H,Rayan Rupert,5,3
2024-11-22,HOU,POR,116,88,H,Dalano Banton,1,2
2024-11-22,BOS,WAS,108,96,H,Jaylen Brown,31,11
2024-11-22,BOS,WAS,108,96,H,Jrue Holiday,16,5
2024-11-22,BOS,WAS,108,96,H,Jordan Poole,23,2
2024-11-22,BOS,WAS,108,96,H,Malcolm Brogdon,18,10
2024-11-22,BOS,WAS,108,96,H,Sam Hauser,13,3
2024-11-22,BOS,WAS,108,96,H,Kyle Kuzma,21,3
2024-11-22,BOS,WAS,108,96,H,Jayson Tatum,16,9
2024-11-22,BOS,WAS,108,96,H,Payton Pritchard,9,2
2024-11-22,BOS,WAS,108,96,H,Jonas Valančiūnas,11,10
2024-11-22,BOS,WAS,108,96,H,Luke Kornet,6,6
2024-11-22,BOS,WAS,108,96,H,Neemias Queta,7,2
2024-11-22,BOS,WAS,108,96,H,Derrick White,10,2
2024-11-22,BOS,WAS,108,96,H,Alex Sarr,6,9
2024-11-22,BOS,WAS,108,96,H,Bilal Coulibaly,6,7
2024-11-22,BOS,WAS,108,96,H,Corey Kispert,6,3
2024-11-22,BOS,WAS,108,96,H,Jordan Walsh,0,1
2024-11-22,BOS,WAS,108,96,H,Xavier Tillman,0,2
2024-11-22,BOS,WAS,108,96,H,Carlton Carrington,2,1
2024-11-22,BOS,WAS,108,96,H,Kyshawn George,3,3
2024-11-23,CHO,MIL,119,125,A,LaMelo Ball,50,5
2024-11-23,CHO,MIL,119,125,A,Giannis Antetokounmpo,32,11
2024-11-23,CHO,MIL,119,125,A,Damian Lillard,31,4
2024-11-23,CHO,MIL,119,125,A,Brandon Miller,32,11
2024-11-23,CHO,MIL,119,125,A,Brook Lopez,13,8
2024-11-23,CHO,MIL,119,125,A,Gary Trent,16,3
2024-11-23,CHO,MIL,119,125,A,Cody Martin,6,6
2024-11-23,CHO,MIL,119,125,A,Bobby Portis,11,7
2024-11-23,CHO,MIL,119,125,A,Andre Jackson,5,6
2024-11-23,CHO,MIL,119,125,A,Grant Williams,8,7
2024-11-23,CHO,MIL,119,125,A,Josh Green,11,5
2024-11-23,CHO,MIL,119,125,A,Tidjane Salaün ,6,2
2024-11-23,CHO,MIL,119,125,A,A.J. Green,9,6
2024-11-23,CHO,MIL,119,125,A,Moussa Diabaté,0,11
2024-11-23,CHO,MIL,119,125,A,Taurean Prince,8,5
2024-11-23,CHO,MIL,119,125,A,Taj Gibson,4,0
2024-11-23,CHO,MIL,119,125,A,Seth Curry,2,0
2024-11-23,CHO,MIL,119,125,A,Delon Wright,0,1
2024-11-23,CHO,MIL,119,125,A,Vasilije Micić,0,1
2024-11-23,DEN,LAL,127,102,H,Nikola Jokić,34,13
2024-11-23,DEN,LAL,127,102,H,Michael Porter,24,11
2024-11-23,DEN,LAL,127,102,H,Russell Westbrook,14,7
2024-11-23,DEN,LAL,127,102,H,Austin Reaves,19,3
2024-11-23,DEN,LAL,127,102,H,Christian Braun,16,2
2024-11-23,DEN,LAL,127,102,H,Anthony Davis,14,10
2024-11-23,DEN,LAL,127,102,H,LeBron James,18,6
2024-11-23,DEN,LAL,127,102,H,Rui Hachimura,10,2
2024-11-23,DEN,LAL,127,102,H,Peyton Watson,11,5
2024-11-23,DEN,LAL,127,102,H,Jamal Murray,14,5
2024-11-23,DEN,LAL,127,102,H,Max Christie,12,0
2024-11-23,DEN,LAL,127,102,H,Dalton Knecht,9,5
2024-11-23,DEN,LAL,127,102,H,Cam Reddish,6,0
2024-11-23,DEN,LAL,127,102,H,Julian Strawther,6,2
2024-11-23,DEN,LAL,127,102,H,D'Angelo Russell,7,2
2024-11-23,DEN,LAL,127,102,H,DeAndre Jordan,2,0
2024-11-23,DEN,LAL,127,102,H,Gabe Vincent,7,0
2024-11-23,DEN,LAL,127,102,H,Hunter Tyson,1,2
2024-11-23,DEN,LAL,127,102,H,Christian Koloko,0,3
2024-11-23,DEN,LAL,127,102,H,Trey Alexander,3,0
2024-11-23,DEN,LAL,127,102,H,PJ Hall,2,0
2024-11-23,DEN,LAL,127,102,H,Maxwell Lewis,0,0
2024-11-23,DEN,LAL,127,102,H,Zeke Nnaji,0,0
2024-11-23,DEN,LAL,127,102,H,Dario Šarić,0,1
2024-11-23,DEN,LAL,127,102,H,Armel Traoré,0,1
2024-11-23,NYK,UTA,106,121,A,Lauri Markkanen,34,9
2024-11-23,NYK,UTA,106,121,A,OG Anunoby,27,3
2024-11-23,NYK,UTA,106,121,A,Collin Sexton,25,1
2024-11-23,NYK,UTA,106,121,A,Josh Hart,17,6
2024-11-23,NYK,UTA,106,121,A,John Collins,20,13
2024-11-23,NYK,UTA,106,121,A,Jalen Brunson,23,2
2024-11-23,NYK,UTA,106,121,A,Karl-Anthony Towns,16,16
2024-11-23,NYK,UTA,106,121,A,Walker Kessler,11,10
2024-11-23,NYK,UTA,106,121,A,Cameron Payne,11,6
2024-11-23,NYK,UTA,106,121,A,Johnny Juzang,12,3
2024-11-23,NYK,UTA,106,121,A,Keyonte George,11,4
2024-11-23,NYK,UTA,106,121,A,Tyler Kolek,3,2
2024-11-23,NYK,UTA,106,121,A,Jericho Sims,2,2
2024-11-23,NYK,UTA,106,121,A,Isaiah Collier,2,0
2024-11-23,NYK,UTA,106,121,A,Pacome Dadiet,0,0
2024-11-23,NYK,UTA,106,121,A,Jordan Clarkson,4,4
2024-11-23,NYK,UTA,106,121,A,Drew Eubanks,2,6
2024-11-23,NYK,UTA,106,121,A,Cody Williams,0,2
2024-11-23,NYK,UTA,106,121,A,Mikal Bridges,7,3
2024-11-23,CHI,MEM,131,142,A,Scotty Pippen ,30,2
2024-11-23,CHI,MEM,131,142,A,Jaylen Wells,26,4
2024-11-23,CHI,MEM,131,142,A,Zach LaVine,29,3
2024-11-23,CHI,MEM,131,142,A,Nikola Vučević,26,8
2024-11-23,CHI,MEM,131,142,A,Jaren Jackson,23,4
2024-11-23,CHI,MEM,131,142,A,Josh Giddey,12,7
2024-11-23,CHI,MEM,131,142,A,Jay Huff,14,5
2024-11-23,CHI,MEM,131,142,A,Brandon Clarke,12,8
2024-11-23,CHI,MEM,131,142,A,Talen Horton-Tucker,10,2
2024-11-23,CHI,MEM,131,142,A,Santi Aldama,10,10
2024-11-23,CHI,MEM,131,142,A,Luke Kennard,10,4
2024-11-23,CHI,MEM,131,142,A,Coby White,11,4
2024-11-23,CHI,MEM,131,142,A,Matas Buzelis,14,3
2024-11-23,CHI,MEM,131,142,A,Jalen Smith,7,5
2024-11-23,CHI,MEM,131,142,A,Desmond Bane,13,7
2024-11-23,CHI,MEM,131,142,A,Ayo Dosunmu,8,1
2024-11-23,CHI,MEM,131,142,A,E.J. Liddell,6,0
2024-11-23,CHI,MEM,131,142,A,Chris Duarte,3,2
2024-11-23,CHI,MEM,131,142,A,Jake LaRavia,2,4
2024-11-23,CHI,MEM,131,142,A,Jevon Carter,3,0
2024-11-23,CHI,MEM,131,142,A,Cam Spencer,2,1
2024-11-23,CHI,MEM,131,142,A,Dalen Terry,2,0
2024-11-23,CHI,MEM,131,142,A,Torrey Craig,0,0
2024-11-23,DET,ORL,100,111,A,Franz Wagner,30,9
2024-11-23,DET,ORL,100,111,A,Moritz Wagner,18,7
2024-11-23,DET,ORL,100,111,A,Malik Beasley,18,1
2024-11-23,DET,ORL,100,111,A,Jaden Ivey,19,7
2024-11-23,DET,ORL,100,111,A,Marcus Sasser,13,2
2024-11-23,DET,ORL,100,111,A,Isaiah Stewart,7,5
2024-11-23,DET,ORL,100,111,A,Jonathan Isaac,5,12
2024-11-23,DET,ORL,100,111,A,Gary Harris,7,2
2024-11-23,DET,ORL,100,111,A,Jett Howard,10,4
2024-11-23,DET,ORL,100,111,A,Anthony Black,11,1
2024-11-23,DET,ORL,100,111,A,Kentavious Caldwell-Pope,8,0
2024-11-23,DET,ORL,100,111,A,Goga Bitadze,8,1
2024-11-23,DET,ORL,100,111,A,Tristan Da Silva,8,6
2024-11-23,DET,ORL,100,111,A,Wendell Moore,7,2
2024-11-23,DET,ORL,100,111,A,Tobias Harris,8,5
2024-11-23,DET,ORL,100,111,A,Alondes Williams,5,0
2024-11-23,DET,ORL,100,111,A,Paul Reed,5,0
2024-11-23,DET,ORL,100,111,A,Jalen Duren,7,4
2024-11-23,DET,ORL,100,111,A,Simone Fontecchio,4,2
2024-11-23,DET,ORL,100,111,A,Cory Joseph,0,0
2024-11-23,DET,ORL,100,111,A,Jalen Suggs,2,0
2024-11-23,DET,ORL,100,111,A,Tim Hardaway,3,1
2024-11-23,DET,ORL,100,111,A,Cole Anthony,4,2
2024-11-23,DET,ORL,100,111,A,Cole Swider,0,1
2024-11-23,DET,ORL,100,111,A,Caleb Houstan,0,0
2024-11-23,DET,ORL,100,111,A,Ron Holland,4,4
2024-11-23,GSW,SAS,94,104,A,Harrison Barnes,22,8
2024-11-23,GSW,SAS,94,104,A,Victor Wembanyama,25,7
2024-11-23,GSW,SAS,94,104,A,Andrew Wiggins,20,5
2024-11-23,GSW,SAS,94,104,A,Stephon Castle,19,3
2024-11-23,GSW,SAS,94,104,A,Chris Paul,9,3
2024-11-23,GSW,SAS,94,104,A,Trayce Jackson-Davis,12,8
2024-11-23,GSW,SAS,94,104,A,Stephen Curry,14,7
2024-11-23,GSW,SAS,94,104,A,Kevon Looney,8,7
2024-11-23,GSW,SAS,94,104,A,Buddy Hield,11,1
2024-11-23,GSW,SAS,94,104,A,Lindy Waters,11,4
2024-11-23,GSW,SAS,94,104,A,Blake Wesley,7,2
2024-11-23,GSW,SAS,94,104,A,Julian Champagnie,9,5
2024-11-23,GSW,SAS,94,104,A,Sandro Mamukelashvili,5,8
2024-11-23,GSW,SAS,94,104,A,Tre Jones,2,6
2024-11-23,GSW,SAS,94,104,A,Draymond Green,1,7
2024-11-23,GSW,SAS,94,104,A,Kyle Anderson,6,5
2024-11-23,GSW,SAS,94,104,A,Moses Moody,6,1
2024-11-23,GSW,SAS,94,104,A,Malaki Branham,6,2
2024-11-23,GSW,SAS,94,104,A,Gary Payton,5,1
2024-11-23,GSW,SAS,94,104,A,Zach Collins,0,4
2024-11-23,GSW,SAS,94,104,A,Brandin Podziemski,0,3
2024-11-23,HOU,POR,98,104,A,Amen Thompson,19,7
2024-11-23,HOU,POR,98,104,A,Alperen Sengun,22,5
2024-11-23,HOU,POR,98,104,A,Jerami Grant,22,3
2024-11-23,HOU,POR,98,104,A,Shaedon Sharpe,24,3
2024-11-23,HOU,POR,98,104,A,Deni Avdija,14,10
2024-11-23,HOU,POR,98,104,A,Anfernee Simons,25,4
2024-11-23,HOU,POR,98,104,A,Jabari Smith,14,8
2024-11-23,HOU,POR,98,104,A,Dillon Brooks,13,5
2024-11-23,HOU,POR,98,104,A,Donovan Clingan,0,19
2024-11-23,HOU,POR,98,104,A,Dalano Banton,7,6
2024-11-23,HOU,POR,98,104,A,Tari Eason,4,5
2024-11-23,HOU,POR,98,104,A,Jalen Green,10,2
2024-11-23,HOU,POR,98,104,A,Kris Murray,7,1
2024-11-23,HOU,POR,98,104,A,Reed Sheppard,8,0
2024-11-23,HOU,POR,98,104,A,Jock Landale,0,6
2024-11-23,HOU,POR,98,104,A,Fred VanVleet,8,5
2024-11-23,HOU,POR,98,104,A,Duop Reath,0,1
2024-11-23,HOU,POR,98,104,A,Rayan Rupert,0,1
2024-11-23,HOU,POR,98,104,A,Toumani Camara,5,5
2024-11-24,DAL,MIA,118,123,A,Jimmy Butler,33,9
2024-11-24,DAL,MIA,118,123,A,P.J. Washington,21,10
2024-11-24,DAL,MIA,118,123,A,Dereck Lively,14,13
2024-11-24,DAL,MIA,118,123,A,Kyrie Irving,27,4
2024-11-24,DAL,MIA,118,123,A,Alec Burks,15,2
2024-11-24,DAL,MIA,118,123,A,Klay Thompson,15,6
2024-11-24,DAL,MIA,118,123,A,Bam Adebayo,19,11
2024-11-24,DAL,MIA,118,123,A,Daniel Gafford,10,8
2024-11-24,DAL,MIA,118,123,A,Pelle Larsson,14,5
2024-11-24,DAL,MIA,118,123,A,Naji Marshall,20,5
2024-11-24,DAL,MIA,118,123,A,Tyler Herro,18,10
2024-11-24,DAL,MIA,118,123,A,Spencer Dinwiddie,7,5
2024-11-24,DAL,MIA,118,123,A,Kevin Love,9,11
2024-11-24,DAL,MIA,118,123,A,Jaime Jaquez,7,3
2024-11-24,DAL,MIA,118,123,A,Haywood Highsmith,0,5
2024-11-24,DAL,MIA,118,123,A,Quentin Grimes,4,7
2024-11-24,DAL,MIA,118,123,A,Duncan Robinson,8,0
2024-11-24,DAL,MIA,118,123,A,Nikola Jović,0,1
2024-11-24,DAL,MIA,118,123,A,Jaden Hardy,0,0
2024-11-24,DAL,MIA,118,123,A,Maxi Kleber,0,1
2024-11-24,BRK,SAC,108,103,H,De'Aaron Fox,31,1
2024-11-24,BRK,SAC,108,103,H,Cam Thomas,34,2
2024-11-24,BRK,SAC,108,103,H,Keegan Murray,21,8
2024-11-24,BRK,SAC,108,103,H,Domantas Sabonis,13,18
2024-11-24,BRK,SAC,108,103,H,Cameron Johnson,16,6
2024-11-24,BRK,SAC,108,103,H,Noah Clowney,18,2
2024-11-24,BRK,SAC,108,103,H,Shake Milton,10,2
2024-11-24,BRK,SAC,108,103,H,DeMar DeRozan,18,5
2024-11-24,BRK,SAC,108,103,H,Keon Ellis,9,1
2024-11-24,BRK,SAC,108,103,H,Nic Claxton,4,7
2024-11-24,BRK,SAC,108,103,H,Kevin Huerter,11,3
2024-11-24,BRK,SAC,108,103,H,Ben Simmons,4,3
2024-11-24,BRK,SAC,108,103,H,Jalen Wilson,7,4
2024-11-24,BRK,SAC,108,103,H,Keon Johnson,6,0
2024-11-24,BRK,SAC,108,103,H,Trendon Watford,3,3
2024-11-24,BRK,SAC,108,103,H,Ziaire Williams,6,2
2024-11-24,BRK,SAC,108,103,H,Alex Len,0,0
2024-11-24,BRK,SAC,108,103,H,Trey Lyles,0,6
2024-11-24,BRK,SAC,108,103,H,Doug McDermott,0,0
2024-11-24,BRK,SAC,108,103,H,Colby Jones,0,2
2024-11-24,CLE,TOR,122,108,H,Jarrett Allen,23,13
2024-11-24,CLE,TOR,122,108,H,Ty Jerome,26,3
2024-11-24,CLE,TOR,122,108,H,Scottie Barnes,18,7
2024-11-24,CLE,TOR,122,108,H,Donovan Mitchell,26,4
2024-11-24,CLE,TOR,122,108,H,Jakob Poeltl,12,19
2024-11-24,CLE,TOR,122,108,H,Isaac Okoro,10,6
2024-11-24,CLE,TOR,122,108,H,Evan Mobley,14,11
2024-11-24,CLE,TOR,122,108,H,Jonathan Mogbo,13,7
2024-11-24,CLE,TOR,122,108,H,Darius Garland,16,3
2024-11-24,CLE,TOR,122,108,H,RJ Barrett,16,6
2024-11-24,CLE,TOR,122,108,H,Gradey Dick,18,4
2024-11-24,CLE,TOR,122,108,H,Chris Boucher,10,3
2024-11-24,CLE,TOR,122,108,H,Ochai Agbaji,9,5
2024-11-24,CLE,TOR,122,108,H,Jamal Shead,6,2
2024-11-24,CLE,TOR,122,108,H,Sam Merrill,3,4
2024-11-24,CLE,TOR,122,108,H,Bruno Fernando,0,1
2024-11-24,CLE,TOR,122,108,H,Craig Porter,2,0
2024-11-24,CLE,TOR,122,108,H,Garrett Temple,0,0
2024-11-24,CLE,TOR,122,108,H,Luke Travers,0,0
2024-11-24,CLE,TOR,122,108,H,Jaylon Tyson,0,1
2024-11-24,CLE,TOR,122,108,H,Davion Mitchell,6,1
2024-11-24,CLE,TOR,122,108,H,Jamison Battle,0,0
2024-11-24,CLE,TOR,122,108,H,Georges Niang,2,4
2024-11-24,BOS,MIN,107,105,H,Jaylen Brown,29,2
2024-11-24,BOS,MIN,107,105,H,Anthony Edwards,28,9
2024-11-24,BOS,MIN,107,105,H,Derrick White,19,9
2024-11-24,BOS,MIN,107,105,H,Jayson Tatum,26,8
2024-11-24,BOS,MIN,107,105,H,Julius Randle,23,6
2024-11-24,BOS,MIN,107,105,H,Rudy Gobert,10,20
2024-11-24,BOS,MIN,107,105,H,Rob Dillingham,14,0
2024-11-24,BOS,MIN,107,105,H,Donte DiVincenzo,11,3
2024-11-24,BOS,MIN,107,105,H,Payton Pritchard,8,4
2024-11-24,BOS,MIN,107,105,H,Jrue Holiday,9,4
2024-11-24,BOS,MIN,107,105,H,Al Horford,8,4
2024-11-24,BOS,MIN,107,105,H,Sam Hauser,5,5
2024-11-24,BOS,MIN,107,105,H,Nickeil Alexander-Walker,4,1
2024-11-24,BOS,MIN,107,105,H,Xavier Tillman,3,4
2024-11-24,BOS,MIN,107,105,H,Jaden McDaniels,10,5
2024-11-24,BOS,MIN,107,105,H,Naz Reid,5,5
2024-11-24,BOS,MIN,107,105,H,Josh Minott,0,0
2024-11-24,LAC,PHI,125,99,H,James Harden,23,2
2024-11-24,LAC,PHI,125,99,H,Derrick Jones,18,3
2024-11-24,LAC,PHI,125,99,H,Ivica Zubac,16,12
2024-11-24,LAC,PHI,125,99,H,Tyrese Maxey,17,4
2024-11-24,LAC,PHI,125,99,H,Kelly Oubre,12,5
2024-11-24,LAC,PHI,125,99,H,Reggie Jackson,7,1
2024-11-24,LAC,PHI,125,99,H,Terance Mann,13,1
2024-11-24,LAC,PHI,125,99,H,Jared McCain,18,0
2024-11-24,LAC,PHI,125,99,H,Kris Dunn,9,3
2024-11-24,LAC,PHI,125,99,H,Eric Gordon,7,0
2024-11-24,LAC,PHI,125,99,H,Mohamed Bamba,7,4
2024-11-24,LAC,PHI,125,99,H,Amir Coffey,7,3
2024-11-24,LAC,PHI,125,99,H,Kobe Brown,6,4
2024-11-24,LAC,PHI,125,99,H,Jordan Miller,7,4
2024-11-24,LAC,PHI,125,99,H,Kevin Porter,11,5
2024-11-24,LAC,PHI,125,99,H,KJ Martin,4,4
2024-11-24,LAC,PHI,125,99,H,Andre Drummond,6,5
2024-11-24,LAC,PHI,125,99,H,Guerschon Yabusele,6,6
2024-11-24,LAC,PHI,125,99,H,Nicolas Batum,3,3
2024-11-24,LAC,PHI,125,99,H,Justin Edwards,4,2
2024-11-24,LAC,PHI,125,99,H,Ricky Council,9,0
2024-11-24,LAC,PHI,125,99,H,Lester Quiñones,6,1
2024-11-24,LAC,PHI,125,99,H,Bones Hyland,5,0
2024-11-24,LAC,PHI,125,99,H,Adem Bona,0,2
2024-11-24,LAC,PHI,125,99,H,Caleb Martin,3,3
2024-11-24,IND,WAS,115,103,H,Pascal Siakam,22,6
2024-11-24,IND,WAS,115,103,H,Bilal Coulibaly,17,6
2024-11-24,IND,WAS,115,103,H,Tyrese Haliburton,21,4
2024-11-24,IND,WAS,115,103,H,Alex Sarr,17,14
2024-11-24,IND,WAS,115,103,H,Moses Brown,15,4
2024-11-24,IND,WAS,115,103,H,Kyshawn George,15,5
2024-11-24,IND,WAS,115,103,H,Myles Turner,10,9
2024-11-24,IND,WAS,115,103,H,Malcolm Brogdon,15,1
2024-11-24,IND,WAS,115,103,H,Bennedict Mathurin,16,6
2024-11-24,IND,WAS,115,103,H,Obi Toppin,11,3
2024-11-24,IND,WAS,115,103,H,T.J. McConnell,12,4
2024-11-24,IND,WAS,115,103,H,Corey Kispert,15,2
2024-11-24,IND,WAS,115,103,H,Jonas Valančiūnas,4,8
2024-11-24,IND,WAS,115,103,H,Anthony Gill,5,0
2024-11-24,IND,WAS,115,103,H,Johnny Furphy,5,0
2024-11-24,IND,WAS,115,103,H,Jarace Walker,3,5
2024-11-24,IND,WAS,115,103,H,Carlton Carrington,5,4
2024-11-24,IND,WAS,115,103,H,Kyle Kuzma,10,1
2024-11-24,IND,WAS,115,103,H,Quenton Jackson,0,4
2024-11-24,IND,WAS,115,103,H,Jared Butler,0,0
2024-11-25,DEN,NYK,118,145,A,OG Anunoby,40,5
2024-11-25,DEN,NYK,118,145,A,Karl-Anthony Towns,30,15
2024-11-25,DEN,NYK,118,145,A,Jalen Brunson,23,3
2024-11-25,DEN,NYK,118,145,A,Russell Westbrook,27,3
2024-11-25,DEN,NYK,118,145,A,Nikola Jokić,22,7
2024-11-25,DEN,NYK,118,145,A,Jamal Murray,20,4
2024-11-25,DEN,NYK,118,145,A,Josh Hart,12,6
2024-11-25,DEN,NYK,118,145,A,Miles McBride,13,6
2024-11-25,DEN,NYK,118,145,A,Christian Braun,14,1
2024-11-25,DEN,NYK,118,145,A,Cameron Payne,11,1
2024-11-25,DEN,NYK,118,145,A,Michael Porter,18,10
2024-11-25,DEN,NYK,118,145,A,Mikal Bridges,14,2
2024-11-25,DEN,NYK,118,145,A,Hunter Tyson,5,1
2024-11-25,DEN,NYK,118,145,A,Tyler Kolek,2,0
2024-11-25,DEN,NYK,118,145,A,Peyton Watson,6,0
2024-11-25,DEN,NYK,118,145,A,Jericho Sims,0,4
2024-11-25,DEN,NYK,118,145,A,Julian Strawther,4,2
2024-11-25,DEN,NYK,118,145,A,Trey Alexander,2,0
2024-11-25,DEN,NYK,118,145,A,PJ Hall,0,0
2024-11-25,DEN,NYK,118,145,A,Pacome Dadiet,0,1
2024-11-25,DEN,NYK,118,145,A,DeAndre Jordan,0,5
2024-11-25,DEN,NYK,118,145,A,Matt Ryan,0,0
2024-11-25,DEN,NYK,118,145,A,Zeke Nnaji,0,0
2024-11-25,IND,NOP,114,110,H,Tyrese Haliburton,34,3
2024-11-25,IND,NOP,114,110,H,Elfrid Payton,14,7
2024-11-25,IND,NOP,114,110,H,Trey Murphy,24,6
2024-11-25,IND,NOP,114,110,H,Yves Missi,16,13
2024-11-25,IND,NOP,114,110,H,Myles Turner,17,9
2024-11-25,IND,NOP,114,110,H,Pascal Siakam,14,7
2024-11-25,IND,NOP,114,110,H,CJ McCollum,23,4
2024-11-25,IND,NOP,114,110,H,Quenton Jackson,12,2
2024-11-25,IND,NOP,114,110,H,Bennedict Mathurin,12,9
2024-11-25,IND,NOP,114,110,H,T.J. McConnell,7,5
2024-11-25,IND,NOP,114,110,H,Jeremiah Robinson-Earl,7,8
2024-11-25,IND,NOP,114,110,H,Brandon Boston,9,2
2024-11-25,IND,NOP,114,110,H,Daniel Theis,8,1
2024-11-25,IND,NOP,114,110,H,Obi Toppin,7,2
2024-11-25,IND,NOP,114,110,H,Javonte Green,7,1
2024-11-25,IND,NOP,114,110,H,Moses Brown,6,2
2024-11-25,IND,NOP,114,110,H,Enrique Freeman,3,0
2024-11-25,IND,NOP,114,110,H,Jordan Hawkins,2,2
2024-11-25,IND,NOP,114,110,H,Jarace Walker,2,2
2024-11-25,DET,TOR,102,100,H,Scottie Barnes,31,14
2024-11-25,DET,TOR,102,100,H,Jaden Ivey,25,5
2024-11-25,DET,TOR,102,100,H,Jalen Duren,13,12
2024-11-25,DET,TOR,102,100,H,Isaiah Stewart,9,7
2024-11-25,DET,TOR,102,100,H,Chris Boucher,10,7
2024-11-25,DET,TOR,102,100,H,Bruno Fernando,9,4
2024-11-25,DET,TOR,102,100,H,Tobias Harris,12,3
2024-11-25,DET,TOR,102,100,H,Jamison Battle,9,4
2024-11-25,DET,TOR,102,100,H,Tim Hardaway,10,2
2024-11-25,DET,TOR,102,100,H,Jamal Shead,8,2
2024-11-25,DET,TOR,102,100,H,Jakob Poeltl,8,11
2024-11-25,DET,TOR,102,100,H,Marcus Sasser,9,2
2024-11-25,DET,TOR,102,100,H,RJ Barrett,17,3
2024-11-25,DET,TOR,102,100,H,Malik Beasley,14,2
2024-11-25,DET,TOR,102,100,H,Jonathan Mogbo,5,3
2024-11-25,DET,TOR,102,100,H,Ausar Thompson,5,3
2024-11-25,DET,TOR,102,100,H,Davion Mitchell,3,1
2024-11-25,DET,TOR,102,100,H,Ron Holland,4,1
2024-11-25,DET,TOR,102,100,H,Simone Fontecchio,1,1
2024-11-25,DET,TOR,102,100,H,Ochai Agbaji,0,1
2024-11-25,CHO,ORL,84,95,A,LaMelo Ball,44,9
2024-11-25,CHO,ORL,84,95,A,Franz Wagner,21,1
2024-11-25,CHO,ORL,84,95,A,Moritz Wagner,16,8
2024-11-25,CHO,ORL,84,95,A,Cole Anthony,16,8
2024-11-25,CHO,ORL,84,95,A,Brandon Miller,20,10
2024-11-25,CHO,ORL,84,95,A,Seth Curry,9,1
2024-11-25,CHO,ORL,84,95,A,Goga Bitadze,6,4
2024-11-25,CHO,ORL,84,95,A,Jonathan Isaac,11,6
2024-11-25,CHO,ORL,84,95,A,Moussa Diabaté,2,8
2024-11-25,CHO,ORL,84,95,A,Anthony Black,10,3
2024-11-25,CHO,ORL,84,95,A,Tristan Da Silva,9,3
2024-11-25,CHO,ORL,84,95,A,Kentavious Caldwell-Pope,3,4
2024-11-25,CHO,ORL,84,95,A,Cody Martin,4,6
2024-11-25,CHO,ORL,84,95,A,Taj Gibson,2,7
2024-11-25,CHO,ORL,84,95,A,Gary Harris,3,0
2024-11-25,CHO,ORL,84,95,A,Nick Smith,0,1
2024-11-25,CHO,ORL,84,95,A,Jett Howard,0,2
2024-11-25,CHO,ORL,84,95,A,Tidjane Salaün ,1,7
2024-11-25,CHO,ORL,84,95,A,KJ Simpson,0,0
2024-11-25,CHO,ORL,84,95,A,Josh Green,2,3
2024-11-25,OKC,SAC,130,109,H,Shai Gilgeous-Alexander,37,4
2024-11-25,OKC,SAC,130,109,H,DeMar DeRozan,30,2
2024-11-25,OKC,SAC,130,109,H,Jalen Williams,28,4
2024-11-25,OKC,SAC,130,109,H,Domantas Sabonis,21,10
2024-11-25,OKC,SAC,130,109,H,Isaiah Hartenstein,17,10
2024-11-25,OKC,SAC,130,109,H,Kenrich Williams,10,5
2024-11-25,OKC,SAC,130,109,H,Keegan Murray,14,10
2024-11-25,OKC,SAC,130,109,H,Ajay Mitchell,15,0
2024-11-25,OKC,SAC,130,109,H,Keon Ellis,8,1
2024-11-25,OKC,SAC,130,109,H,Malik Monk,14,1
2024-11-25,OKC,SAC,130,109,H,Luguentz Dort,0,10
2024-11-25,OKC,SAC,130,109,H,Isaac Jones,6,2
2024-11-25,OKC,SAC,130,109,H,De'Aaron Fox,14,3
2024-11-25,OKC,SAC,130,109,H,Cason Wallace,4,1
2024-11-25,OKC,SAC,130,109,H,Aaron Wiggins,8,4
2024-11-25,OKC,SAC,130,109,H,Trey Lyles,2,0
2024-11-25,OKC,SAC,130,109,H,Branden Carlson,2,4
2024-11-25,OKC,SAC,130,109,H,Isaiah Joe,9,1
2024-11-25,OKC,SAC,130,109,H,Colby Jones,0,0
2024-11-25,OKC,SAC,130,109,H,Jordan McLaughlin,0,0
2024-11-25,OKC,SAC,130,109,H,Alex Len,0,0
2024-11-25,OKC,SAC,130,109,H,Adam Flagler,0,1
2024-11-25,OKC,SAC,130,109,H,Dillon Jones,0,0
2024-11-25,OKC,SAC,130,109,H,Doug McDermott,0,1
2024-11-25,OKC,SAC,130,109,H,Kevin Huerter,0,1
2024-11-25,BRK,GSW,128,120,H,Dennis Schröder,31,5
2024-11-25,BRK,GSW,128,120,H,Stephen Curry,28,4
2024-11-25,BRK,GSW,128,120,H,Ziaire Williams,19,10
2024-11-25,BRK,GSW,128,120,H,Cam Thomas,23,3
2024-11-25,BRK,GSW,128,120,H,Jalen Wilson,18,7
2024-11-25,BRK,GSW,128,120,H,Moses Moody,15,2
2024-11-25,BRK,GSW,128,120,H,Andrew Wiggins,18,5
2024-11-25,BRK,GSW,128,120,H,Gary Payton,8,9
2024-11-25,BRK,GSW,128,120,H,Shake Milton,13,3
2024-11-25,BRK,GSW,128,120,H,Brandin Podziemski,7,1
2024-11-25,BRK,GSW,128,120,H,Lindy Waters,13,4
2024-11-25,BRK,GSW,128,120,H,Cameron Johnson,5,2
2024-11-25,BRK,GSW,128,120,H,Trendon Watford,8,4
2024-11-25,BRK,GSW,128,120,H,Buddy Hield,9,3
2024-11-25,BRK,GSW,128,120,H,Draymond Green,6,6
2024-11-25,BRK,GSW,128,120,H,Trayce Jackson-Davis,8,3
2024-11-25,BRK,GSW,128,120,H,Tyrese Martin,3,6
2024-11-25,BRK,GSW,128,120,H,Kyle Anderson,4,2
2024-11-25,BRK,GSW,128,120,H,Kevon Looney,4,4
2024-11-25,BRK,GSW,128,120,H,Keon Johnson,8,2
2024-11-25,ATL,DAL,119,129,A,Jalen Johnson,28,11
2024-11-25,ATL,DAL,119,129,A,Trae Young,18,2
2024-11-25,ATL,DAL,119,129,A,Kyrie Irving,32,7
2024-11-25,ATL,DAL,119,129,A,Spencer Dinwiddie,22,3
2024-11-25,ATL,DAL,119,129,A,Daniel Gafford,10,9
2024-11-25,ATL,DAL,119,129,A,Naji Marshall,22,6
2024-11-25,ATL,DAL,119,129,A,Clint Capela,12,5
2024-11-25,ATL,DAL,119,129,A,Dyson Daniels,17,1
2024-11-25,ATL,DAL,119,129,A,P.J. Washington,11,10
2024-11-25,ATL,DAL,119,129,A,Jaden Hardy,23,3
2024-11-25,ATL,DAL,119,129,A,Bogdan Bogdanović,18,3
2024-11-25,ATL,DAL,119,129,A,Maxi Kleber,7,7
2024-11-25,ATL,DAL,119,129,A,Onyeka Okongwu,8,7
2024-11-25,ATL,DAL,119,129,A,Kobe Bufkin,4,4
2024-11-25,ATL,DAL,119,129,A,Dereck Lively,2,4
2024-11-25,ATL,DAL,119,129,A,Olivier-Maxence Prosper,0,1
2024-11-25,ATL,DAL,119,129,A,Zaccharie Risacher,5,2
2024-11-25,ATL,DAL,119,129,A,De'Andre Hunter,9,4
2024-11-25,ATL,DAL,119,129,A,Jazian Gortman,0,1
2024-11-25,MEM,POR,123,98,H,Ja Morant,22,2
2024-11-25,MEM,POR,123,98,H,Jaren Jackson,21,6
2024-11-25,MEM,POR,123,98,H,Santi Aldama,13,17
2024-11-25,MEM,POR,123,98,H,Deni Avdija,17,8
2024-11-25,MEM,POR,123,98,H,Brandon Clarke,11,9
2024-11-25,MEM,POR,123,98,H,Shaedon Sharpe,15,4
2024-11-25,MEM,POR,123,98,H,Luke Kennard,11,2
2024-11-25,MEM,POR,123,98,H,Jake LaRavia,8,5
2024-11-25,MEM,POR,123,98,H,Robert Williams,6,3
2024-11-25,MEM,POR,123,98,H,Jabari Walker,9,6
2024-11-25,MEM,POR,123,98,H,Jay Huff,12,4
2024-11-25,MEM,POR,123,98,H,Toumani Camara,10,8
2024-11-25,MEM,POR,123,98,H,Jerami Grant,11,2
2024-11-25,MEM,POR,123,98,H,Scotty Pippen ,3,4
2024-11-25,MEM,POR,123,98,H,Marcus Smart,6,0
2024-11-25,MEM,POR,123,98,H,Rayan Rupert,9,1
2024-11-25,MEM,POR,123,98,H,Desmond Bane,8,7
2024-11-25,MEM,POR,123,98,H,Dalano Banton,11,2
2024-11-25,MEM,POR,123,98,H,Duop Reath,3,1
2024-11-25,MEM,POR,123,98,H,Taze Moore,2,4
2024-11-25,MEM,POR,123,98,H,John Konchar,3,0
2024-11-25,MEM,POR,123,98,H,Jaylen Wells,5,4
2024-11-25,MEM,POR,123,98,H,Justin Minaya,0,1
2024-11-25,MEM,POR,123,98,H,Anfernee Simons,5,4
2024-11-25,MEM,POR,123,98,H,Yuki Kawamura,0,0
2024-11-25,BOS,LAC,126,94,H,Ivica Zubac,23,10
2024-11-25,BOS,LAC,126,94,H,Derrick White,19,4
2024-11-25,BOS,LAC,126,94,H,Payton Pritchard,20,2
2024-11-25,BOS,LAC,126,94,H,Neemias Queta,12,9
2024-11-25,BOS,LAC,126,94,H,Jaylen Brown,17,6
2024-11-25,BOS,LAC,126,94,H,Jayson Tatum,20,9
2024-11-25,BOS,LAC,126,94,H,Kristaps Porziņģis,16,6
2024-11-25,BOS,LAC,126,94,H,James Harden,19,8
2024-11-25,BOS,LAC,126,94,H,Sam Hauser,9,2
2024-11-25,BOS,LAC,126,94,H,Terance Mann,10,6
2024-11-25,BOS,LAC,126,94,H,Derrick Jones,11,2
2024-11-25,BOS,LAC,126,94,H,Jordan Walsh,5,0
2024-11-25,BOS,LAC,126,94,H,Kevin Porter,7,2
2024-11-25,BOS,LAC,126,94,H,Kai Jones,3,2
2024-11-25,BOS,LAC,126,94,H,Jordan Miller,10,1
2024-11-25,BOS,LAC,126,94,H,Jaden Springer,3,1
2024-11-25,BOS,LAC,126,94,H,Jrue Holiday,5,4
2024-11-25,BOS,LAC,126,94,H,Kris Dunn,2,4
2024-11-25,BOS,LAC,126,94,H,Kobe Brown,3,0
2024-11-25,BOS,LAC,126,94,H,Baylor Scheierman,0,2
2024-11-25,BOS,LAC,126,94,H,Nicolas Batum,0,4
2024-11-25,BOS,LAC,126,94,H,Amir Coffey,4,4
2024-11-25,BOS,LAC,126,94,H,Xavier Tillman,0,2
2024-11-25,BOS,LAC,126,94,H,Bones Hyland,2,1
2024-11-26,MIA,MIL,103,106,A,Damian Lillard,37,3
2024-11-26,MIA,MIL,103,106,A,Jimmy Butler,23,4
2024-11-26,MIA,MIL,103,106,A,Bam Adebayo,16,5
2024-11-26,MIA,MIL,103,106,A,Tyler Herro,18,5
2024-11-26,MIA,MIL,103,106,A,Brook Lopez,13,2
2024-11-26,MIA,MIL,103,106,A,Terry Rozier,17,3
2024-11-26,MIA,MIL,103,106,A,Duncan Robinson,11,5
2024-11-26,MIA,MIL,103,106,A,Pat Connaughton,10,8
2024-11-26,MIA,MIL,103,106,A,Andre Jackson,6,9
2024-11-26,MIA,MIL,103,106,A,Delon Wright,5,5
2024-11-26,MIA,MIL,103,106,A,Pelle Larsson,8,4
2024-11-26,MIA,MIL,103,106,A,Taurean Prince,10,3
2024-11-26,MIA,MIL,103,106,A,Bobby Portis,11,6
2024-11-26,MIA,MIL,103,106,A,A.J. Green,9,1
2024-11-26,MIA,MIL,103,106,A,MarJon Beauchamp,3,2
2024-11-26,MIA,MIL,103,106,A,Kel'el Ware,2,3
2024-11-26,MIA,MIL,103,106,A,Jaime Jaquez,2,4
2024-11-26,MIA,MIL,103,106,A,Haywood Highsmith,2,0
2024-11-26,MIA,MIL,103,106,A,Kevin Love,2,4
2024-11-26,MIA,MIL,103,106,A,Alec Burks,2,1
2024-11-26,MIA,MIL,103,106,A,Gary Trent,2,2
2024-11-26,SAS,UTA,128,115,H,Victor Wembanyama,34,7
2024-11-26,SAS,UTA,128,115,H,Keyonte George,26,3
2024-11-26,SAS,UTA,128,115,H,John Collins,20,13
2024-11-26,SAS,UTA,128,115,H,Chris Paul,14,1
2024-11-26,SAS,UTA,128,115,H,Collin Sexton,20,2
2024-11-26,SAS,UTA,128,115,H,Stephon Castle,23,3
2024-11-26,SAS,UTA,128,115,H,Julian Champagnie,15,3
2024-11-26,SAS,UTA,128,115,H,Blake Wesley,11,3
2024-11-26,SAS,UTA,128,115,H,Harrison Barnes,8,8
2024-11-26,SAS,UTA,128,115,H,Sandro Mamukelashvili,9,2
2024-11-26,SAS,UTA,128,115,H,Lauri Markkanen,14,8
2024-11-26,SAS,UTA,128,115,H,Brice Sensabaugh,16,0
2024-11-26,SAS,UTA,128,115,H,Walker Kessler,6,7
2024-11-26,SAS,UTA,128,115,H,Drew Eubanks,9,3
2024-11-26,SAS,UTA,128,115,H,Tre Jones,2,3
2024-11-26,SAS,UTA,128,115,H,Keldon Johnson,10,5
2024-11-26,SAS,UTA,128,115,H,Isaiah Collier,1,2
2024-11-26,SAS,UTA,128,115,H,Charles Bassey,2,2
2024-11-26,SAS,UTA,128,115,H,Zach Collins,0,2
2024-11-26,SAS,UTA,128,115,H,Johnny Juzang,3,3
2024-11-26,LAL,PHO,100,127,A,Devin Booker,26,2
2024-11-26,LAL,PHO,100,127,A,Anthony Davis,25,15
2024-11-26,LAL,PHO,100,127,A,Kevin Durant,23,6
2024-11-26,LAL,PHO,100,127,A,Bradley Beal,23,2
2024-11-26,LAL,PHO,100,127,A,LeBron James,18,8
2024-11-26,LAL,PHO,100,127,A,Jusuf Nurkić,12,12
2024-11-26,LAL,PHO,100,127,A,Austin Reaves,15,3
2024-11-26,LAL,PHO,100,127,A,Tyus Jones,8,1
2024-11-26,LAL,PHO,100,127,A,D'Angelo Russell,16,3
2024-11-26,LAL,PHO,100,127,A,Royce O'Neale,9,9
2024-11-26,LAL,PHO,100,127,A,Oso Ighodaro,7,5
2024-11-26,LAL,PHO,100,127,A,Grayson Allen,10,2
2024-11-26,LAL,PHO,100,127,A,Jaxson Hayes,7,4
2024-11-26,LAL,PHO,100,127,A,Dalton Knecht,7,4
2024-11-26,LAL,PHO,100,127,A,Ryan Dunn,5,4
2024-11-26,LAL,PHO,100,127,A,Rui Hachimura,7,1
2024-11-26,LAL,PHO,100,127,A,Gabe Vincent,3,2
2024-11-26,LAL,PHO,100,127,A,Max Christie,2,0
2024-11-26,LAL,PHO,100,127,A,Josh Okogie,4,0
2024-11-26,LAL,PHO,100,127,A,Christian Koloko,0,0
2024-11-26,LAL,PHO,100,127,A,Monte Morris,0,0
2024-11-26,LAL,PHO,100,127,A,Cam Reddish,0,2
2024-11-26,LAL,PHO,100,127,A,Mason Plumlee,0,3
2024-11-26,HOU,MIN,117,111,H,Alperen Sengun,22,10
2024-11-26,HOU,MIN,117,111,H,Anthony Edwards,29,10
2024-11-26,HOU,MIN,117,111,H,Fred VanVleet,27,8
2024-11-26,HOU,MIN,117,111,H,Jabari Smith,19,7
2024-11-26,HOU,MIN,117,111,H,Amen Thompson,15,8
2024-11-26,HOU,MIN,117,111,H,Dillon Brooks,22,3
2024-11-26,HOU,MIN,117,111,H,Naz Reid,19,7
2024-11-26,HOU,MIN,117,111,H,Julius Randle,21,6
2024-11-26,HOU,MIN,117,111,H,Nickeil Alexander-Walker,13,2
2024-11-26,HOU,MIN,117,111,H,Rudy Gobert,5,16
2024-11-26,HOU,MIN,117,111,H,Rob Dillingham,12,5
2024-11-26,HOU,MIN,117,111,H,Jalen Green,9,3
2024-11-26,HOU,MIN,117,111,H,Jaden McDaniels,9,5
2024-11-26,HOU,MIN,117,111,H,Jock Landale,3,1
2024-11-26,HOU,MIN,117,111,H,Donte DiVincenzo,3,1
2024-11-26,HOU,MIN,117,111,H,Tari Eason,0,3
2024-11-26,HOU,MIN,117,111,H,Reed Sheppard,0,1
2024-11-26,CHI,WAS,127,108,H,Alex Sarr,20,7
2024-11-26,CHI,WAS,127,108,H,Coby White,21,8
2024-11-26,CHI,WAS,127,108,H,Kyle Kuzma,23,7
2024-11-26,CHI,WAS,127,108,H,Nikola Vučević,19,12
2024-11-26,CHI,WAS,127,108,H,Talen Horton-Tucker,13,1
2024-11-26,CHI,WAS,127,108,H,Malcolm Brogdon,15,6
2024-11-26,CHI,WAS,127,108,H,Zach LaVine,18,1
2024-11-26,CHI,WAS,127,108,H,Josh Giddey,11,4
2024-11-26,CHI,WAS,127,108,H,Jalen Smith,12,9
2024-11-26,CHI,WAS,127,108,H,Ayo Dosunmu,12,3
2024-11-26,CHI,WAS,127,108,H,Matas Buzelis,9,4
2024-11-26,CHI,WAS,127,108,H,Carlton Carrington,10,3
2024-11-26,CHI,WAS,127,108,H,Julian Phillips,8,5
2024-11-26,CHI,WAS,127,108,H,Bilal Coulibaly,8,3
2024-11-26,CHI,WAS,127,108,H,Johnny Davis,3,1
2024-11-26,CHI,WAS,127,108,H,Anthony Gill,4,3
2024-11-26,CHI,WAS,127,108,H,Patrick Baldwin,3,0
2024-11-26,CHI,WAS,127,108,H,Jonas Valančiūnas,4,3
2024-11-26,CHI,WAS,127,108,H,Marvin Bagley,2,1
2024-11-26,CHI,WAS,127,108,H,Kyshawn George,7,4
2024-11-26,CHI,WAS,127,108,H,Jared Butler,2,1
2024-11-26,CHI,WAS,127,108,H,Chris Duarte,0,2
2024-11-26,CHI,WAS,127,108,H,Dalen Terry,2,0
2024-11-26,CHI,WAS,127,108,H,E.J. Liddell,2,0
2024-11-26,CHI,WAS,127,108,H,Jevon Carter,0,1
2024-11-26,CHI,WAS,127,108,H,Corey Kispert,7,4
2024-11-27,LAC,WAS,121,96,H,James Harden,43,4
2024-11-27,LAC,WAS,121,96,H,Ivica Zubac,18,16
2024-11-27,LAC,WAS,121,96,H,Malcolm Brogdon,17,1
2024-11-27,LAC,WAS,121,96,H,Jonas Valančiūnas,17,7
2024-11-27,LAC,WAS,121,96,H,Terance Mann,6,1
2024-11-27,LAC,WAS,121,96,H,Bones Hyland,10,1
2024-11-27,LAC,WAS,121,96,H,Jordan Miller,15,2
2024-11-27,LAC,WAS,121,96,H,Corey Kispert,9,4
2024-11-27,LAC,WAS,121,96,H,Marvin Bagley,7,4
2024-11-27,LAC,WAS,121,96,H,Anthony Gill,4,2
2024-11-27,LAC,WAS,121,96,H,Nicolas Batum,3,3
2024-11-27,LAC,WAS,121,96,H,Amir Coffey,6,1
2024-11-27,LAC,WAS,121,96,H,Mohamed Bamba,6,4
2024-11-27,LAC,WAS,121,96,H,Alex Sarr,13,5
2024-11-27,LAC,WAS,121,96,H,Kai Jones,4,2
2024-11-27,LAC,WAS,121,96,H,Johnny Davis,4,1
2024-11-27,LAC,WAS,121,96,H,Derrick Jones,6,6
2024-11-27,LAC,WAS,121,96,H,Patrick Baldwin,3,4
2024-11-27,LAC,WAS,121,96,H,Kris Dunn,0,2
2024-11-27,LAC,WAS,121,96,H,Carlton Carrington,3,2
2024-11-27,LAC,WAS,121,96,H,Jordan Poole,8,0
2024-11-27,LAC,WAS,121,96,H,Jared Butler,6,0
2024-11-27,LAC,WAS,121,96,H,Bilal Coulibaly,3,4
2024-11-27,LAC,WAS,121,96,H,Kyle Kuzma,0,2
2024-11-27,LAC,WAS,121,96,H,Kevin Porter,4,5
2024-11-27,LAC,WAS,121,96,H,Kyshawn George,2,4
2024-11-27,HOU,PHI,122,115,H,Jalen Green,41,7
2024-11-27,HOU,PHI,122,115,H,Tyrese Maxey,39,2
2024-11-27,HOU,PHI,122,115,H,Alperen Sengun,22,14
2024-11-27,HOU,PHI,122,115,H,Amen Thompson,19,12
2024-11-27,HOU,PHI,122,115,H,Guerschon Yabusele,22,7
2024-11-27,HOU,PHI,122,115,H,Tari Eason,14,7
2024-11-27,HOU,PHI,122,115,H,Ricky Council,12,10
2024-11-27,HOU,PHI,122,115,H,Fred VanVleet,13,3
2024-11-27,HOU,PHI,122,115,H,Andre Drummond,6,9
2024-11-27,HOU,PHI,122,115,H,KJ Martin,8,2
2024-11-27,HOU,PHI,122,115,H,Jabari Smith,8,3
2024-11-27,HOU,PHI,122,115,H,Kelly Oubre,11,5
2024-11-27,HOU,PHI,122,115,H,Jared McCain,15,6
2024-11-27,HOU,PHI,122,115,H,Aaron Holiday,3,0
2024-11-27,HOU,PHI,122,115,H,Reggie Jackson,0,0
2024-11-27,HOU,PHI,122,115,H,Steven Adams,2,4
2024-11-27,HOU,PHI,122,115,H,Eric Gordon,2,1
2024-11-27,HOU,PHI,122,115,H,Reed Sheppard,0,0
2024-11-27,HOU,PHI,122,115,H,Dillon Brooks,0,1
2024-11-27,DAL,NYK,129,114,H,Jalen Brunson,37,3
2024-11-27,DAL,NYK,129,114,H,Spencer Dinwiddie,21,3
2024-11-27,DAL,NYK,129,114,H,Karl-Anthony Towns,25,14
2024-11-27,DAL,NYK,129,114,H,P.J. Washington,19,10
2024-11-27,DAL,NYK,129,114,H,Kyrie Irving,23,7
2024-11-27,DAL,NYK,129,114,H,Dereck Lively,12,9
2024-11-27,DAL,NYK,129,114,H,Naji Marshall,24,3
2024-11-27,DAL,NYK,129,114,H,Quentin Grimes,21,7
2024-11-27,DAL,NYK,129,114,H,Josh Hart,12,2
2024-11-27,DAL,NYK,129,114,H,Mikal Bridges,20,5
2024-11-27,DAL,NYK,129,114,H,Miles McBride,5,2
2024-11-27,DAL,NYK,129,114,H,Cameron Payne,6,1
2024-11-27,DAL,NYK,129,114,H,Jericho Sims,1,1
2024-11-27,DAL,NYK,129,114,H,Jazian Gortman,3,0
2024-11-27,DAL,NYK,129,114,H,Dwight Powell,0,2
2024-11-27,DAL,NYK,129,114,H,Jaden Hardy,5,1
2024-11-27,DAL,NYK,129,114,H,OG Anunoby,8,5
2024-11-27,DAL,NYK,129,114,H,Maxi Kleber,1,1
2024-11-27,DEN,UTA,122,103,H,Nikola Jokić,30,10
2024-11-27,DEN,UTA,122,103,H,Jamal Murray,22,4
2024-11-27,DEN,UTA,122,103,H,Walker Kessler,16,12
2024-11-27,DEN,UTA,122,103,H,Collin Sexton,26,1
2024-11-27,DEN,UTA,122,103,H,Christian Braun,18,7
2024-11-27,DEN,UTA,122,103,H,Michael Porter,19,7
2024-11-27,DEN,UTA,122,103,H,Keyonte George,23,2
2024-11-27,DEN,UTA,122,103,H,Micah Potter,9,16
2024-11-27,DEN,UTA,122,103,H,Peyton Watson,9,3
2024-11-27,DEN,UTA,122,103,H,Brice Sensabaugh,13,2
2024-11-27,DEN,UTA,122,103,H,Russell Westbrook,10,1
2024-11-27,DEN,UTA,122,103,H,Oscar Tshiebwe,3,9
2024-11-27,DEN,UTA,122,103,H,Julian Strawther,9,0
2024-11-27,DEN,UTA,122,103,H,Hunter Tyson,5,4
2024-11-27,DEN,UTA,122,103,H,Svi Mykhailiuk,7,0
2024-11-27,DEN,UTA,122,103,H,DeAndre Jordan,0,3
2024-11-27,DEN,UTA,122,103,H,Spencer Jones,0,0
2024-11-27,DEN,UTA,122,103,H,Trey Alexander,0,0
2024-11-27,DEN,UTA,122,103,H,Zeke Nnaji,0,0
2024-11-27,DEN,UTA,122,103,H,Drew Eubanks,0,0
2024-11-27,DEN,UTA,122,103,H,Johnny Juzang,0,5
2024-11-27,DEN,UTA,122,103,H,PJ Hall,0,0
2024-11-27,DEN,UTA,122,103,H,Isaiah Collier,6,0
2024-11-27,IND,POR,121,114,H,Tyrese Haliburton,28,7
2024-11-27,IND,POR,121,114,H,Pascal Siakam,29,7
2024-11-27,IND,POR,121,114,H,Anfernee Simons,30,4
2024-11-27,IND,POR,121,114,H,Bennedict Mathurin,24,10
2024-11-27,IND,POR,121,114,H,Deandre Ayton,16,12
2024-11-27,IND,POR,121,114,H,Deni Avdija,16,5
2024-11-27,IND,POR,121,114,H,Scoot Henderson,17,2
2024-11-27,IND,POR,121,114,H,Myles Turner,15,8
2024-11-27,IND,POR,121,114,H,Shaedon Sharpe,17,3
2024-11-27,IND,POR,121,114,H,Quenton Jackson,9,5
2024-11-27,IND,POR,121,114,H,Obi Toppin,6,5
2024-11-27,IND,POR,121,114,H,Dalano Banton,8,4
2024-11-27,IND,POR,121,114,H,Toumani Camara,8,4
2024-11-27,IND,POR,121,114,H,T.J. McConnell,6,4
2024-11-27,IND,POR,121,114,H,Jarace Walker,2,0
2024-11-27,IND,POR,121,114,H,Rayan Rupert,0,1
2024-11-27,IND,POR,121,114,H,Moses Brown,2,1
2024-11-27,IND,POR,121,114,H,Jabari Walker,2,3
2024-11-27,IND,POR,121,114,H,Johnny Furphy,0,0
2024-11-27,ATL,CLE,135,124,H,Evan Mobley,22,12
2024-11-27,ATL,CLE,135,124,H,Jalen Johnson,22,9
2024-11-27,ATL,CLE,135,124,H,Donovan Mitchell,30,4
2024-11-27,ATL,CLE,135,124,H,Trae Young,20,4
2024-11-27,ATL,CLE,135,124,H,Jarrett Allen,17,10
2024-11-27,ATL,CLE,135,124,H,Darius Garland,19,2
2024-11-27,ATL,CLE,135,124,H,De'Andre Hunter,26,5
2024-11-27,ATL,CLE,135,124,H,Zaccharie Risacher,17,2
2024-11-27,ATL,CLE,135,124,H,Bogdan Bogdanović,17,3
2024-11-27,ATL,CLE,135,124,H,Dyson Daniels,12,10
2024-11-27,ATL,CLE,135,124,H,Onyeka Okongwu,10,5
2024-11-27,ATL,CLE,135,124,H,Kobe Bufkin,9,4
2024-11-27,ATL,CLE,135,124,H,Isaac Okoro,8,4
2024-11-27,ATL,CLE,135,124,H,Ty Jerome,8,0
2024-11-27,ATL,CLE,135,124,H,Sam Merrill,10,2
2024-11-27,ATL,CLE,135,124,H,Clint Capela,2,9
2024-11-27,ATL,CLE,135,124,H,Georges Niang,8,8
2024-11-27,ATL,CLE,135,124,H,Jaylon Tyson,2,2
2024-11-27,ATL,CLE,135,124,H,Craig Porter,0,0
2024-11-27,DET,MEM,111,131,A,Marcus Smart,25,4
2024-11-27,DET,MEM,111,131,A,Marcus Sasser,22,3
2024-11-27,DET,MEM,111,131,A,Scotty Pippen ,19,7
2024-11-27,DET,MEM,111,131,A,Jake LaRavia,19,2
2024-11-27,DET,MEM,111,131,A,Simone Fontecchio,18,2
2024-11-27,DET,MEM,111,131,A,Brandon Clarke,13,5
2024-11-27,DET,MEM,111,131,A,Malik Beasley,10,2
2024-11-27,DET,MEM,111,131,A,Jaylen Wells,13,2
2024-11-27,DET,MEM,111,131,A,Ron Holland,14,3
2024-11-27,DET,MEM,111,131,A,Jay Huff,13,2
2024-11-27,DET,MEM,111,131,A,Santi Aldama,9,6
2024-11-27,DET,MEM,111,131,A,Paul Reed,7,7
2024-11-27,DET,MEM,111,131,A,Tim Hardaway,10,4
2024-11-27,DET,MEM,111,131,A,Jaren Jackson,12,6
2024-11-27,DET,MEM,111,131,A,Jaden Ivey,17,0
2024-11-27,DET,MEM,111,131,A,Jalen Duren,6,7
2024-11-27,DET,MEM,111,131,A,Wendell Moore,4,7
2024-11-27,DET,MEM,111,131,A,Luke Kennard,4,0
2024-11-27,DET,MEM,111,131,A,Ausar Thompson,3,4
2024-11-27,DET,MEM,111,131,A,Desmond Bane,2,7
2024-11-27,DET,MEM,111,131,A,Yuki Kawamura,2,0
2024-11-27,DET,MEM,111,131,A,John Konchar,0,1
2024-11-27,DET,MEM,111,131,A,Cole Swider,0,1
2024-11-27,DET,MEM,111,131,A,Isaiah Stewart,0,2
2024-11-27,MIN,SAC,104,115,A,Malik Monk,27,8
2024-11-27,MIN,SAC,104,115,A,Domantas Sabonis,27,12
2024-11-27,MIN,SAC,104,115,A,Anthony Edwards,29,5
2024-11-27,MIN,SAC,104,115,A,De'Aaron Fox,26,8
2024-11-27,MIN,SAC,104,115,A,Nickeil Alexander-Walker,17,2
2024-11-27,MIN,SAC,104,115,A,Julius Randle,21,9
2024-11-27,MIN,SAC,104,115,A,Rudy Gobert,9,7
2024-11-27,MIN,SAC,104,115,A,Mike Conley,16,1
2024-11-27,MIN,SAC,104,115,A,Isaac Jones,8,5
2024-11-27,MIN,SAC,104,115,A,Keon Ellis,8,2
2024-11-27,MIN,SAC,104,115,A,Naz Reid,7,3
2024-11-27,MIN,SAC,104,115,A,Jae Crowder,8,4
2024-11-27,MIN,SAC,104,115,A,Keegan Murray,8,4
2024-11-27,MIN,SAC,104,115,A,Alex Len,0,1
2024-11-27,MIN,SAC,104,115,A,Donte DiVincenzo,5,3
2024-11-27,MIN,SAC,104,115,A,Doug McDermott,0,1
2024-11-27,MIN,SAC,104,115,A,Jordan McLaughlin,0,0
2024-11-27,MIN,SAC,104,115,A,Rob Dillingham,0,1
2024-11-27,MIN,SAC,104,115,A,Jaden McDaniels,0,2
2024-11-27,MIN,SAC,104,115,A,Kevin Huerter,3,2
2024-11-27,CHI,ORL,119,133,A,Jalen Suggs,31,3
2024-11-27,CHI,ORL,119,133,A,Kentavious Caldwell-Pope,24,1
2024-11-27,CHI,ORL,119,133,A,Ayo Dosunmu,21,4
2024-11-27,CHI,ORL,119,133,A,Goga Bitadze,11,11
2024-11-27,CHI,ORL,119,133,A,Talen Horton-Tucker,20,1
2024-11-27,CHI,ORL,119,133,A,Moritz Wagner,15,4
2024-11-27,CHI,ORL,119,133,A,Franz Wagner,21,3
2024-11-27,CHI,ORL,119,133,A,Josh Giddey,13,2
2024-11-27,CHI,ORL,119,133,A,Nikola Vučević,19,11
2024-11-27,CHI,ORL,119,133,A,Lonzo Ball,6,1
2024-11-27,CHI,ORL,119,133,A,Zach LaVine,8,5
2024-11-27,CHI,ORL,119,133,A,Tristan Da Silva,8,3
2024-11-27,CHI,ORL,119,133,A,Jonathan Isaac,4,6
2024-11-27,CHI,ORL,119,133,A,Cole Anthony,9,1
2024-11-27,CHI,ORL,119,133,A,E.J. Liddell,5,4
2024-11-27,CHI,ORL,119,133,A,Wendell Carter,4,4
2024-11-27,CHI,ORL,119,133,A,Julian Phillips,4,3
2024-11-27,CHI,ORL,119,133,A,Chris Duarte,5,2
2024-11-27,CHI,ORL,119,133,A,Anthony Black,4,3
2024-11-27,CHI,ORL,119,133,A,Caleb Houstan,2,0
2024-11-27,CHI,ORL,119,133,A,Jevon Carter,2,0
2024-11-27,CHI,ORL,119,133,A,Dalen Terry,0,0
2024-11-27,CHI,ORL,119,133,A,Matas Buzelis,7,2
2024-11-27,CHI,ORL,119,133,A,Coby White,9,2
2024-11-27,CHI,ORL,119,133,A,Jett Howard,0,0
2024-11-27,CHI,ORL,119,133,A,Cory Joseph,0,0
2024-11-27,BRK,PHO,127,117,H,Tyrese Martin,30,4
2024-11-27,BRK,PHO,127,117,H,Devin Booker,31,3
2024-11-27,BRK,PHO,127,117,H,Dennis Schröder,29,4
2024-11-27,BRK,PHO,127,117,H,Kevin Durant,30,8
2024-11-27,BRK,PHO,127,117,H,Ben Simmons,14,9
2024-11-27,BRK,PHO,127,117,H,Tyus Jones,10,2
2024-11-27,BRK,PHO,127,117,H,Cameron Johnson,11,8
2024-11-27,BRK,PHO,127,117,H,Trendon Watford,18,2
2024-11-27,BRK,PHO,127,117,H,Royce O'Neale,8,4
2024-11-27,BRK,PHO,127,117,H,Bradley Beal,17,3
2024-11-27,BRK,PHO,127,117,H,Mason Plumlee,6,4
2024-11-27,BRK,PHO,127,117,H,Ziaire Williams,10,4
2024-11-27,BRK,PHO,127,117,H,Grayson Allen,9,5
2024-11-27,BRK,PHO,127,117,H,Dorian Finney-Smith,9,1
2024-11-27,BRK,PHO,127,117,H,Jusuf Nurkić,6,7
2024-11-27,BRK,PHO,127,117,H,Shake Milton,2,1
2024-11-27,BRK,PHO,127,117,H,Keon Johnson,4,3
2024-11-27,BRK,PHO,127,117,H,Oso Ighodaro,0,1
2024-11-27,BRK,PHO,127,117,H,Bol Bol,0,0
2024-11-27,BRK,PHO,127,117,H,Josh Okogie,0,0
2024-11-27,BRK,PHO,127,117,H,Ryan Dunn,0,0
2024-11-27,NOP,TOR,93,119,A,Ochai Agbaji,24,6
2024-11-27,NOP,TOR,93,119,A,Jamison Battle,24,1
2024-11-27,NOP,TOR,93,119,A,RJ Barrett,22,8
2024-11-27,NOP,TOR,93,119,A,Ja'Kobe Walter,14,11
2024-11-27,NOP,TOR,93,119,A,Jeremiah Robinson-Earl,14,10
2024-11-27,NOP,TOR,93,119,A,Yves Missi,11,5
2024-11-27,NOP,TOR,93,119,A,CJ McCollum,19,3
2024-11-27,NOP,TOR,93,119,A,Jamal Shead,8,1
2024-11-27,NOP,TOR,93,119,A,Scottie Barnes,17,12
2024-11-27,NOP,TOR,93,119,A,Elfrid Payton,10,5
2024-11-27,NOP,TOR,93,119,A,Javonte Green,3,6
2024-11-27,NOP,TOR,93,119,A,Daniel Theis,4,6
2024-11-27,NOP,TOR,93,119,A,Brandon Boston,4,3
2024-11-27,NOP,TOR,93,119,A,Jonathan Mogbo,4,2
2024-11-27,NOP,TOR,93,119,A,Antonio Reeves,4,1
2024-11-27,NOP,TOR,93,119,A,Dejounte Murray,14,4
2024-11-27,NOP,TOR,93,119,A,Jakob Poeltl,2,8
2024-11-27,NOP,TOR,93,119,A,Bruno Fernando,4,1
2024-11-27,NOP,TOR,93,119,A,Jordan Hawkins,6,3
2024-11-27,NOP,TOR,93,119,A,Trey Jemison,4,1
2024-11-27,NOP,TOR,93,119,A,Garrett Temple,0,0
2024-11-27,NOP,TOR,93,119,A,Davion Mitchell,0,0
2024-11-27,NOP,TOR,93,119,A,Chris Boucher,0,2
2024-11-27,GSW,OKC,101,105,A,Shai Gilgeous-Alexander,35,9
2024-11-27,GSW,OKC,101,105,A,Cason Wallace,9,4
2024-11-27,GSW,OKC,101,105,A,Jalen Williams,13,6
2024-11-27,GSW,OKC,101,105,A,Draymond Green,10,13
2024-11-27,GSW,OKC,101,105,A,Brandin Podziemski,12,8
2024-11-27,GSW,OKC,101,105,A,Isaiah Hartenstein,14,14
2024-11-27,GSW,OKC,101,105,A,Isaiah Joe,17,4
2024-11-27,GSW,OKC,101,105,A,Buddy Hield,17,3
2024-11-27,GSW,OKC,101,105,A,Andrew Wiggins,16,5
2024-11-27,GSW,OKC,101,105,A,Jonathan Kuminga,19,4
2024-11-27,GSW,OKC,101,105,A,Kyle Anderson,10,2
2024-11-27,GSW,OKC,101,105,A,Pat Spencer,6,4
2024-11-27,GSW,OKC,101,105,A,Aaron Wiggins,7,1
2024-11-27,GSW,OKC,101,105,A,Kevon Looney,3,9
2024-11-27,GSW,OKC,101,105,A,Gary Payton,2,1
2024-11-27,GSW,OKC,101,105,A,Lindy Waters,4,6
2024-11-27,GSW,OKC,101,105,A,Dillon Jones,2,4
2024-11-27,GSW,OKC,101,105,A,Kenrich Williams,4,0
2024-11-27,GSW,OKC,101,105,A,Luguentz Dort,2,5
2024-11-27,GSW,OKC,101,105,A,Trayce Jackson-Davis,2,0
2024-11-27,GSW,OKC,101,105,A,Moses Moody,0,2
2024-11-27,GSW,OKC,101,105,A,Ajay Mitchell,2,1
2024-11-27,LAL,SAS,119,101,H,Anthony Davis,19,14
2024-11-27,LAL,SAS,119,101,H,D'Angelo Russell,17,1
2024-11-27,LAL,SAS,119,101,H,Dalton Knecht,20,8
2024-11-27,LAL,SAS,119,101,H,LeBron James,16,10
2024-11-27,LAL,SAS,119,101,H,Julian Champagnie,18,5
2024-11-27,LAL,SAS,119,101,H,Rui Hachimura,16,5
2024-11-27,LAL,SAS,119,101,H,Victor Wembanyama,20,10
2024-11-27,LAL,SAS,119,101,H,Max Christie,12,4
2024-11-27,LAL,SAS,119,101,H,Harrison Barnes,19,2
2024-11-27,LAL,SAS,119,101,H,Stephon Castle,10,4
2024-11-27,LAL,SAS,119,101,H,Devin Vassell,14,3
2024-11-27,LAL,SAS,119,101,H,Chris Paul,5,2
2024-11-27,LAL,SAS,119,101,H,Austin Reaves,13,2
2024-11-27,LAL,SAS,119,101,H,Zach Collins,4,2
2024-11-27,LAL,SAS,119,101,H,Tre Jones,2,1
2024-11-27,LAL,SAS,119,101,H,Christian Koloko,4,1
2024-11-27,LAL,SAS,119,101,H,Charles Bassey,2,2
2024-11-27,LAL,SAS,119,101,H,Armel Traoré,2,0
2024-11-27,LAL,SAS,119,101,H,Sandro Mamukelashvili,3,1
2024-11-27,LAL,SAS,119,101,H,Keldon Johnson,4,4
2024-11-27,LAL,SAS,119,101,H,Malaki Branham,0,2
2024-11-27,LAL,SAS,119,101,H,Sidy Cissoko,0,0
2024-11-27,LAL,SAS,119,101,H,Maxwell Lewis,0,1
2024-11-27,LAL,SAS,119,101,H,Gabe Vincent,0,0
2024-11-27,LAL,SAS,119,101,H,Cam Reddish,0,0
2024-11-27,LAL,SAS,119,101,H,Blake Wesley,0,0
2024-11-27,CHO,MIA,94,98,A,Duncan Robinson,22,3
2024-11-27,CHO,MIA,94,98,A,Tyler Herro,27,8
2024-11-27,CHO,MIA,94,98,A,Tidjane Salaün ,17,4
2024-11-27,CHO,MIA,94,98,A,Bam Adebayo,8,10
2024-11-27,CHO,MIA,94,98,A,LaMelo Ball,32,10
2024-11-27,CHO,MIA,94,98,A,Brandon Miller,21,2
2024-11-27,CHO,MIA,94,98,A,Jaime Jaquez,11,7
2024-11-27,CHO,MIA,94,98,A,Jimmy Butler,6,4
2024-11-27,CHO,MIA,94,98,A,Josh Green,6,2
2024-11-27,CHO,MIA,94,98,A,Cody Martin,4,6
2024-11-27,CHO,MIA,94,98,A,Haywood Highsmith,5,2
2024-11-27,CHO,MIA,94,98,A,Moussa Diabaté,0,11
2024-11-27,CHO,MIA,94,98,A,Kel'el Ware,4,4
2024-11-27,CHO,MIA,94,98,A,Nick Smith,3,1
2024-11-27,CHO,MIA,94,98,A,Taj Gibson,2,5
2024-11-27,CHO,MIA,94,98,A,Pelle Larsson,6,2
2024-11-27,CHO,MIA,94,98,A,Seth Curry,3,0
2024-11-27,CHO,MIA,94,98,A,Terry Rozier,7,1
2024-11-27,CHO,MIA,94,98,A,Alec Burks,2,3
2024-11-27,CHO,MIA,94,98,A,Vasilije Micić,6,2
2024-11-29,BOS,CHI,138,129,H,Jayson Tatum,35,14
2024-11-29,BOS,CHI,138,129,H,Nikola Vučević,32,11
2024-11-29,BOS,CHI,138,129,H,Payton Pritchard,29,7
2024-11-29,BOS,CHI,138,129,H,Zach LaVine,29,1
2024-11-29,BOS,CHI,138,129,H,Kristaps Porziņģis,21,8
2024-11-29,BOS,CHI,138,129,H,Derrick White,16,6
2024-11-29,BOS,CHI,138,129,H,Talen Horton-Tucker,16,0
2024-11-29,BOS,CHI,138,129,H,Jrue Holiday,11,8
2024-11-29,BOS,CHI,138,129,H,Josh Giddey,4,8
2024-11-29,BOS,CHI,138,129,H,Ayo Dosunmu,13,1
2024-11-29,BOS,CHI,138,129,H,Jaylen Brown,21,2
2024-11-29,BOS,CHI,138,129,H,Torrey Craig,11,3
2024-11-29,BOS,CHI,138,129,H,Coby White,11,6
2024-11-29,BOS,CHI,138,129,H,Lonzo Ball,2,3
2024-11-29,BOS,CHI,138,129,H,Jalen Smith,2,7
2024-11-29,BOS,CHI,138,129,H,Julian Phillips,5,0
2024-11-29,BOS,CHI,138,129,H,Dalen Terry,2,1
2024-11-29,BOS,CHI,138,129,H,Sam Hauser,3,3
2024-11-29,BOS,CHI,138,129,H,Neemias Queta,0,2
2024-11-29,BOS,CHI,138,129,H,Matas Buzelis,2,2
2024-11-29,BOS,CHI,138,129,H,Al Horford,2,1
2024-11-29,LAL,OKC,93,101,A,Shai Gilgeous-Alexander,36,6
2024-11-29,LAL,OKC,93,101,A,Anthony Davis,15,12
2024-11-29,LAL,OKC,93,101,A,Isaiah Hartenstein,11,18
2024-11-29,LAL,OKC,93,101,A,Dalton Knecht,20,6
2024-11-29,LAL,OKC,93,101,A,D'Angelo Russell,17,9
2024-11-29,LAL,OKC,93,101,A,Luguentz Dort,14,2
2024-11-29,LAL,OKC,93,101,A,Rui Hachimura,8,5
2024-11-29,LAL,OKC,93,101,A,Jalen Williams,19,4
2024-11-29,LAL,OKC,93,101,A,LeBron James,12,8
2024-11-29,LAL,OKC,93,101,A,Cason Wallace,2,5
2024-11-29,LAL,OKC,93,101,A,Aaron Wiggins,7,7
2024-11-29,LAL,OKC,93,101,A,Max Christie,8,1
2024-11-29,LAL,OKC,93,101,A,Kenrich Williams,5,5
2024-11-29,LAL,OKC,93,101,A,Ajay Mitchell,4,0
2024-11-29,LAL,OKC,93,101,A,Austin Reaves,11,5
2024-11-29,LAL,OKC,93,101,A,Gabe Vincent,2,1
2024-11-29,LAL,OKC,93,101,A,Branden Carlson,0,0
2024-11-29,LAL,OKC,93,101,A,Dillon Jones,0,0
2024-11-29,LAL,OKC,93,101,A,Isaiah Joe,3,0
2024-11-29,LAL,OKC,93,101,A,Cam Reddish,0,0
2024-11-29,BRK,ORL,100,123,A,Franz Wagner,29,8
2024-11-29,BRK,ORL,100,123,A,Kentavious Caldwell-Pope,19,2
2024-11-29,BRK,ORL,100,123,A,Shake Milton,22,2
2024-11-29,BRK,ORL,100,123,A,Cameron Johnson,14,3
2024-11-29,BRK,ORL,100,123,A,Wendell Carter,12,7
2024-11-29,BRK,ORL,100,123,A,Tristan Da Silva,13,1
2024-11-29,BRK,ORL,100,123,A,Goga Bitadze,8,6
2024-11-29,BRK,ORL,100,123,A,Nic Claxton,8,7
2024-11-29,BRK,ORL,100,123,A,Jalen Wilson,11,2
2024-11-29,BRK,ORL,100,123,A,Jonathan Isaac,8,4
2024-11-29,BRK,ORL,100,123,A,Jett Howard,8,2
2024-11-29,BRK,ORL,100,123,A,Jalen Suggs,12,3
2024-11-29,BRK,ORL,100,123,A,Ben Simmons,4,7
2024-11-29,BRK,ORL,100,123,A,Trendon Watford,13,3
2024-11-29,BRK,ORL,100,123,A,Keon Johnson,15,6
2024-11-29,BRK,ORL,100,123,A,Cole Anthony,3,0
2024-11-29,BRK,ORL,100,123,A,Cory Joseph,3,1
2024-11-29,BRK,ORL,100,123,A,Tyrese Martin,8,2
2024-11-29,BRK,ORL,100,123,A,Anthony Black,5,1
2024-11-29,BRK,ORL,100,123,A,Moritz Wagner,3,5
2024-11-29,BRK,ORL,100,123,A,Ziaire Williams,5,3
2024-11-29,BRK,ORL,100,123,A,Caleb Houstan,0,0
2024-11-29,MIA,TOR,121,111,H,Jimmy Butler,26,2
2024-11-29,MIA,TOR,121,111,H,Scottie Barnes,24,10
2024-11-29,MIA,TOR,121,111,H,Jakob Poeltl,24,10
2024-11-29,MIA,TOR,121,111,H,Tyler Herro,23,3
2024-11-29,MIA,TOR,121,111,H,Bam Adebayo,14,10
2024-11-29,MIA,TOR,121,111,H,RJ Barrett,25,6
2024-11-29,MIA,TOR,121,111,H,Jaime Jaquez,15,4
2024-11-29,MIA,TOR,121,111,H,Ochai Agbaji,13,5
2024-11-29,MIA,TOR,121,111,H,Terry Rozier,12,3
2024-11-29,MIA,TOR,121,111,H,Jonathan Mogbo,7,3
2024-11-29,MIA,TOR,121,111,H,Kevin Love,8,2
2024-11-29,MIA,TOR,121,111,H,Duncan Robinson,10,2
2024-11-29,MIA,TOR,121,111,H,Haywood Highsmith,6,4
2024-11-29,MIA,TOR,121,111,H,Jamison Battle,5,2
2024-11-29,MIA,TOR,121,111,H,Ja'Kobe Walter,6,3
2024-11-29,MIA,TOR,121,111,H,Davion Mitchell,4,1
2024-11-29,MIA,TOR,121,111,H,Jamal Shead,0,0
2024-11-29,MIA,TOR,121,111,H,Pelle Larsson,5,1
2024-11-29,MIA,TOR,121,111,H,Alec Burks,2,2
2024-11-29,MIA,TOR,121,111,H,Chris Boucher,3,6
2024-11-29,POR,SAC,115,106,H,Domantas Sabonis,21,14
2024-11-29,POR,SAC,115,106,H,Malik Monk,29,3
2024-11-29,POR,SAC,115,106,H,Deandre Ayton,26,9
2024-11-29,POR,SAC,115,106,H,Deni Avdija,20,9
2024-11-29,POR,SAC,115,106,H,Anfernee Simons,21,5
2024-11-29,POR,SAC,115,106,H,Dalano Banton,17,2
2024-11-29,POR,SAC,115,106,H,De'Aaron Fox,22,5
2024-11-29,POR,SAC,115,106,H,Toumani Camara,11,4
2024-11-29,POR,SAC,115,106,H,Shaedon Sharpe,14,4
2024-11-29,POR,SAC,115,106,H,Jae Crowder,10,2
2024-11-29,POR,SAC,115,106,H,Keon Ellis,6,4
2024-11-29,POR,SAC,115,106,H,Jabari Walker,4,4
2024-11-29,POR,SAC,115,106,H,Isaac Jones,7,4
2024-11-29,POR,SAC,115,106,H,Kevin Huerter,1,0
2024-11-29,POR,SAC,115,106,H,Colby Jones,2,2
2024-11-29,POR,SAC,115,106,H,Jordan McLaughlin,2,1
2024-11-29,POR,SAC,115,106,H,Doug McDermott,3,0
2024-11-29,POR,SAC,115,106,H,Keegan Murray,3,6
2024-11-29,POR,SAC,115,106,H,Duop Reath,0,0
2024-11-29,POR,SAC,115,106,H,Orlando Robinson,0,0
2024-11-29,POR,SAC,115,106,H,Kris Murray,2,3
2024-11-29,CHO,NYK,98,99,A,Jalen Brunson,31,6
2024-11-29,CHO,NYK,98,99,A,Karl-Anthony Towns,19,12
2024-11-29,CHO,NYK,98,99,A,Josh Hart,13,12
2024-11-29,CHO,NYK,98,99,A,Miles McBride,14,5
2024-11-29,CHO,NYK,98,99,A,Josh Green,15,1
2024-11-29,CHO,NYK,98,99,A,Cody Martin,9,7
2024-11-29,CHO,NYK,98,99,A,KJ Simpson,11,1
2024-11-29,CHO,NYK,98,99,A,Tidjane Salaün ,14,8
2024-11-29,CHO,NYK,98,99,A,Brandon Miller,20,6
2024-11-29,CHO,NYK,98,99,A,Vasilije Micić,9,2
2024-11-29,CHO,NYK,98,99,A,Moussa Diabaté,6,11
2024-11-29,CHO,NYK,98,99,A,Nick Smith,8,0
2024-11-29,CHO,NYK,98,99,A,Seth Curry,6,1
2024-11-29,CHO,NYK,98,99,A,Cameron Payne,6,3
2024-11-29,CHO,NYK,98,99,A,Mikal Bridges,8,2
2024-11-29,CHO,NYK,98,99,A,Taj Gibson,0,2
2024-11-29,CHO,NYK,98,99,A,Jericho Sims,0,0
2024-11-29,CHO,NYK,98,99,A,OG Anunoby,8,4
2024-11-29,ATL,CLE,117,101,H,Darius Garland,29,3
2024-11-29,ATL,CLE,117,101,H,Evan Mobley,24,12
2024-11-29,ATL,CLE,117,101,H,De'Andre Hunter,23,5
2024-11-29,ATL,CLE,117,101,H,Jalen Johnson,20,9
2024-11-29,ATL,CLE,117,101,H,Onyeka Okongwu,15,7
2024-11-29,ATL,CLE,117,101,H,Trae Young,21,3
2024-11-29,ATL,CLE,117,101,H,Clint Capela,8,13
2024-11-29,ATL,CLE,117,101,H,Zaccharie Risacher,11,3
2024-11-29,ATL,CLE,117,101,H,Dyson Daniels,7,7
2024-11-29,ATL,CLE,117,101,H,Bogdan Bogdanović,10,6
2024-11-29,ATL,CLE,117,101,H,Caris LeVert,8,1
2024-11-29,ATL,CLE,117,101,H,Donovan Mitchell,12,11
2024-11-29,ATL,CLE,117,101,H,Jarrett Allen,6,5
2024-11-29,ATL,CLE,117,101,H,Ty Jerome,7,3
2024-11-29,ATL,CLE,117,101,H,Jaylon Tyson,3,3
2024-11-29,ATL,CLE,117,101,H,Sam Merrill,7,0
2024-11-29,ATL,CLE,117,101,H,Kobe Bufkin,2,0
2024-11-29,ATL,CLE,117,101,H,Vit Krejci,0,0
2024-11-29,ATL,CLE,117,101,H,Garrison Mathews,0,0
2024-11-29,ATL,CLE,117,101,H,Craig Porter,0,0
2024-11-29,ATL,CLE,117,101,H,David Roddy,0,0
2024-11-29,ATL,CLE,117,101,H,Georges Niang,3,1
2024-11-29,ATL,CLE,117,101,H,Isaac Okoro,2,1
2024-11-29,MEM,NOP,120,109,H,CJ McCollum,30,4
2024-11-29,MEM,NOP,120,109,H,Ja Morant,27,3
2024-11-29,MEM,NOP,120,109,H,Santi Aldama,20,6
2024-11-29,MEM,NOP,120,109,H,Jaren Jackson,23,8
2024-11-29,MEM,NOP,120,109,H,Yves Missi,16,14
2024-11-29,MEM,NOP,120,109,H,Trey Murphy,21,9
2024-11-29,MEM,NOP,120,109,H,Jaylen Wells,13,6
2024-11-29,MEM,NOP,120,109,H,Marcus Smart,11,4
2024-11-29,MEM,NOP,120,109,H,Dejounte Murray,21,6
2024-11-29,MEM,NOP,120,109,H,Brandon Clarke,4,11
2024-11-29,MEM,NOP,120,109,H,Brandon Boston,8,2
2024-11-29,MEM,NOP,120,109,H,Luke Kennard,3,4
2024-11-29,MEM,NOP,120,109,H,Javonte Green,7,2
2024-11-29,MEM,NOP,120,109,H,Jeremiah Robinson-Earl,4,3
2024-11-29,MEM,NOP,120,109,H,Desmond Bane,7,3
2024-11-29,MEM,NOP,120,109,H,Elfrid Payton,2,3
2024-11-29,MEM,NOP,120,109,H,Jay Huff,7,1
2024-11-29,MEM,NOP,120,109,H,Jake LaRavia,3,3
2024-11-29,MEM,NOP,120,109,H,Scotty Pippen ,2,2
2024-11-29,MEM,NOP,120,109,H,Daniel Theis,0,3
2024-11-29,DET,IND,130,106,H,Malik Beasley,25,1
2024-11-29,DET,IND,130,106,H,Jaden Ivey,23,5
2024-11-29,DET,IND,130,106,H,Cade Cunningham,24,6
2024-11-29,DET,IND,130,106,H,Jalen Duren,14,12
2024-11-29,DET,IND,130,106,H,Pascal Siakam,21,9
2024-11-29,DET,IND,130,106,H,Jarace Walker,10,3
2024-11-29,DET,IND,130,106,H,Tyrese Haliburton,19,1
2024-11-29,DET,IND,130,106,H,Tobias Harris,16,5
2024-11-29,DET,IND,130,106,H,Quenton Jackson,10,2
2024-11-29,DET,IND,130,106,H,T.J. McConnell,12,2
2024-11-29,DET,IND,130,106,H,Myles Turner,9,10
2024-11-29,DET,IND,130,106,H,Ron Holland,6,7
2024-11-29,DET,IND,130,106,H,Bennedict Mathurin,16,0
2024-11-29,DET,IND,130,106,H,Simone Fontecchio,5,0
2024-11-29,DET,IND,130,106,H,Tim Hardaway,10,4
2024-11-29,DET,IND,130,106,H,Ausar Thompson,5,1
2024-11-29,DET,IND,130,106,H,Johnny Furphy,2,1
2024-11-29,DET,IND,130,106,H,Isaiah Stewart,2,3
2024-11-29,DET,IND,130,106,H,Enrique Freeman,2,0
2024-11-29,DET,IND,130,106,H,Marcus Sasser,0,0
2024-11-29,DET,IND,130,106,H,Obi Toppin,5,3
2024-11-29,DET,IND,130,106,H,Moses Brown,0,1
2024-11-29,DET,IND,130,106,H,Tristen Newton,0,0
2024-11-29,LAC,MIN,92,93,A,James Harden,20,6
2024-11-29,LAC,MIN,92,93,A,Ivica Zubac,16,13
2024-11-29,LAC,MIN,92,93,A,Kevin Porter,17,7
2024-11-29,LAC,MIN,92,93,A,Jaden McDaniels,11,3
2024-11-29,LAC,MIN,92,93,A,Nicolas Batum,12,2
2024-11-29,LAC,MIN,92,93,A,Anthony Edwards,21,4
2024-11-29,LAC,MIN,92,93,A,Mike Conley,13,2
2024-11-29,LAC,MIN,92,93,A,Nickeil Alexander-Walker,12,10
2024-11-29,LAC,MIN,92,93,A,Rudy Gobert,8,12
2024-11-29,LAC,MIN,92,93,A,Julius Randle,11,10
2024-11-29,LAC,MIN,92,93,A,Donte DiVincenzo,9,2
2024-11-29,LAC,MIN,92,93,A,Amir Coffey,12,0
2024-11-29,LAC,MIN,92,93,A,Naz Reid,8,6
2024-11-29,LAC,MIN,92,93,A,Terance Mann,2,0
2024-11-29,LAC,MIN,92,93,A,Derrick Jones,6,1
2024-11-29,LAC,MIN,92,93,A,Kris Dunn,2,7
2024-11-29,LAC,MIN,92,93,A,Jordan Miller,3,3
2024-11-29,LAC,MIN,92,93,A,Mohamed Bamba,2,0
2024-11-30,MIL,WAS,124,114,H,Giannis Antetokounmpo,42,12
2024-11-30,MIL,WAS,124,114,H,Malcolm Brogdon,29,11
2024-11-30,MIL,WAS,124,114,H,Damian Lillard,25,5
2024-11-30,MIL,WAS,124,114,H,Jordan Poole,31,4
2024-11-30,MIL,WAS,124,114,H,Jonas Valančiūnas,16,7
2024-11-30,MIL,WAS,124,114,H,Brook Lopez,18,0
2024-11-30,MIL,WAS,124,114,H,Corey Kispert,16,8
2024-11-30,MIL,WAS,124,114,H,Taurean Prince,11,1
2024-11-30,MIL,WAS,124,114,H,Bobby Portis,9,6
2024-11-30,MIL,WAS,124,114,H,A.J. Green,13,1
2024-11-30,MIL,WAS,124,114,H,Marvin Bagley,4,2
2024-11-30,MIL,WAS,124,114,H,Alex Sarr,7,2
2024-11-30,MIL,WAS,124,114,H,Bilal Coulibaly,4,2
2024-11-30,MIL,WAS,124,114,H,Gary Trent,2,4
2024-11-30,MIL,WAS,124,114,H,Carlton Carrington,3,3
2024-11-30,MIL,WAS,124,114,H,Delon Wright,2,0
2024-11-30,MIL,WAS,124,114,H,Anthony Gill,0,0
2024-11-30,MIL,WAS,124,114,H,Kyshawn George,4,2
2024-11-30,MIL,WAS,124,114,H,Andre Jackson,2,9
2024-11-30,DAL,UTA,106,94,H,Kyrie Irving,30,7
2024-11-30,DAL,UTA,106,94,H,Walker Kessler,18,10
2024-11-30,DAL,UTA,106,94,H,Daniel Gafford,14,11
2024-11-30,DAL,UTA,106,94,H,Quentin Grimes,24,3
2024-11-30,DAL,UTA,106,94,H,John Collins,16,9
2024-11-30,DAL,UTA,106,94,H,P.J. Washington,16,11
2024-11-30,DAL,UTA,106,94,H,Dereck Lively,6,7
2024-11-30,DAL,UTA,106,94,H,Spencer Dinwiddie,7,2
2024-11-30,DAL,UTA,106,94,H,Brice Sensabaugh,13,6
2024-11-30,DAL,UTA,106,94,H,Lauri Markkanen,19,5
2024-11-30,DAL,UTA,106,94,H,Collin Sexton,13,4
2024-11-30,DAL,UTA,106,94,H,Micah Potter,6,3
2024-11-30,DAL,UTA,106,94,H,Jazian Gortman,2,0
2024-11-30,DAL,UTA,106,94,H,Keyonte George,5,6
2024-11-30,DAL,UTA,106,94,H,Johnny Juzang,2,5
2024-11-30,DAL,UTA,106,94,H,Drew Eubanks,2,5
2024-11-30,DAL,UTA,106,94,H,Kessler Edwards,0,0
2024-11-30,DAL,UTA,106,94,H,Dwight Powell,0,0
2024-11-30,DAL,UTA,106,94,H,Olivier-Maxence Prosper,0,0
2024-11-30,DAL,UTA,106,94,H,Naji Marshall,3,1
2024-11-30,DAL,UTA,106,94,H,Jaden Hardy,4,2
2024-11-30,DAL,UTA,106,94,H,Maxi Kleber,0,4
2024-11-30,DAL,UTA,106,94,H,Isaiah Collier,0,0
2024-11-30,GSW,PHO,105,113,A,Devin Booker,27,3
2024-11-30,GSW,PHO,105,113,A,Tyus Jones,19,3
2024-11-30,GSW,PHO,105,113,A,Grayson Allen,17,4
2024-11-30,GSW,PHO,105,113,A,Stephen Curry,23,7
2024-11-30,GSW,PHO,105,113,A,Brandin Podziemski,12,7
2024-11-30,GSW,PHO,105,113,A,Kevin Durant,21,10
2024-11-30,GSW,PHO,105,113,A,Draymond Green,13,2
2024-11-30,GSW,PHO,105,113,A,Kevon Looney,9,6
2024-11-30,GSW,PHO,105,113,A,Andrew Wiggins,18,3
2024-11-30,GSW,PHO,105,113,A,Monte Morris,8,5
2024-11-30,GSW,PHO,105,113,A,Buddy Hield,11,1
2024-11-30,GSW,PHO,105,113,A,Royce O'Neale,11,2
2024-11-30,GSW,PHO,105,113,A,Oso Ighodaro,6,8
2024-11-30,GSW,PHO,105,113,A,Jonathan Kuminga,12,2
2024-11-30,GSW,PHO,105,113,A,Trayce Jackson-Davis,2,6
2024-11-30,GSW,PHO,105,113,A,Kyle Anderson,2,2
2024-11-30,GSW,PHO,105,113,A,Lindy Waters,3,3
2024-11-30,GSW,PHO,105,113,A,Pat Spencer,0,1
2024-11-30,GSW,PHO,105,113,A,Mason Plumlee,2,6
2024-11-30,GSW,PHO,105,113,A,Ryan Dunn,2,4
2024-11-30,GSW,PHO,105,113,A,Gary Payton,0,3
2024-11-30,GSW,PHO,105,113,A,Moses Moody,0,0
2024-11-30,DET,PHI,96,111,A,KJ Martin,19,6
2024-11-30,DET,PHI,96,111,A,Tyrese Maxey,28,4
2024-11-30,DET,PHI,96,111,A,Malik Beasley,19,6
2024-11-30,DET,PHI,96,111,A,Ricky Council,17,5
2024-11-30,DET,PHI,96,111,A,Kelly Oubre,14,6
2024-11-30,DET,PHI,96,111,A,Marcus Sasser,12,0
2024-11-30,DET,PHI,96,111,A,Jaden Ivey,15,2
2024-11-30,DET,PHI,96,111,A,Ausar Thompson,9,2
2024-11-30,DET,PHI,96,111,A,Wendell Moore,11,3
2024-11-30,DET,PHI,96,111,A,Paul George,11,8
2024-11-30,DET,PHI,96,111,A,Isaiah Stewart,6,4
2024-11-30,DET,PHI,96,111,A,Paul Reed,7,4
2024-11-30,DET,PHI,96,111,A,Guerschon Yabusele,7,8
2024-11-30,DET,PHI,96,111,A,Andre Drummond,4,3
2024-11-30,DET,PHI,96,111,A,Adem Bona,4,5
2024-11-30,DET,PHI,96,111,A,Tobias Harris,4,7
2024-11-30,DET,PHI,96,111,A,Jared McCain,7,4
2024-11-30,DET,PHI,96,111,A,Eric Gordon,0,1
2024-11-30,DET,PHI,96,111,A,Simone Fontecchio,7,11
2024-11-30,DET,PHI,96,111,A,Jalen Duren,4,0
2024-11-30,DET,PHI,96,111,A,Justin Edwards,0,0
2024-11-30,DET,PHI,96,111,A,Ron Holland,2,3
2024-11-30,DET,PHI,96,111,A,Lester Quiñones,0,0
2024-11-30,DET,PHI,96,111,A,Tim Hardaway,0,0
2024-11-30,ATL,CHO,107,104,H,Brandon Miller,32,8
2024-11-30,ATL,CHO,107,104,H,Jalen Johnson,20,3
2024-11-30,ATL,CHO,107,104,H,Onyeka Okongwu,16,11
2024-11-30,ATL,CHO,107,104,H,Vasilije Micić,15,8
2024-11-30,ATL,CHO,107,104,H,Zaccharie Risacher,14,3
2024-11-30,ATL,CHO,107,104,H,Cody Martin,12,7
2024-11-30,ATL,CHO,107,104,H,Josh Green,17,3
2024-11-30,ATL,CHO,107,104,H,Nick Richards,12,6
2024-11-30,ATL,CHO,107,104,H,De'Andre Hunter,18,3
2024-11-30,ATL,CHO,107,104,H,Moussa Diabaté,3,8
2024-11-30,ATL,CHO,107,104,H,Clint Capela,4,14
2024-11-30,ATL,CHO,107,104,H,Kobe Bufkin,9,2
2024-11-30,ATL,CHO,107,104,H,Trae Young,14,4
2024-11-30,ATL,CHO,107,104,H,Dyson Daniels,8,5
2024-11-30,ATL,CHO,107,104,H,Nick Smith,5,1
2024-11-30,ATL,CHO,107,104,H,KJ Simpson,8,2
2024-11-30,ATL,CHO,107,104,H,Vit Krejci,0,3
2024-11-30,ATL,CHO,107,104,H,Garrison Mathews,4,1
2024-11-30,ATL,CHO,107,104,H,Seth Curry,0,1
2024-11-30,ATL,CHO,107,104,H,Tidjane Salaün ,0,1
2024-12-01,DAL,POR,137,131,H,Luka Dončić,36,7
2024-12-01,DAL,POR,137,131,H,Quentin Grimes,28,5
2024-12-01,DAL,POR,137,131,H,Anfernee Simons,27,3
2024-12-01,DAL,POR,137,131,H,Spencer Dinwiddie,20,1
2024-12-01,DAL,POR,137,131,H,Toumani Camara,17,7
2024-12-01,DAL,POR,137,131,H,Daniel Gafford,19,4
2024-12-01,DAL,POR,137,131,H,Shaedon Sharpe,22,4
2024-12-01,DAL,POR,137,131,H,Deni Avdija,21,4
2024-12-01,DAL,POR,137,131,H,Jerami Grant,14,5
2024-12-01,DAL,POR,137,131,H,P.J. Washington,14,3
2024-12-01,DAL,POR,137,131,H,Deandre Ayton,18,7
2024-12-01,DAL,POR,137,131,H,Jaden Hardy,13,3
2024-12-01,DAL,POR,137,131,H,Dalano Banton,9,3
2024-12-01,DAL,POR,137,131,H,Dwight Powell,5,2
2024-12-01,DAL,POR,137,131,H,Rayan Rupert,3,0
2024-12-01,DAL,POR,137,131,H,Jabari Walker,0,4
2024-12-01,DAL,POR,137,131,H,Maxi Kleber,2,7
2024-12-01,DAL,POR,137,131,H,Kris Murray,0,2
2024-12-01,DAL,POR,137,131,H,Olivier-Maxence Prosper,0,1
2024-12-01,SAC,SAS,125,127,A,Victor Wembanyama,34,14
2024-12-01,SAC,SAS,125,127,A,DeMar DeRozan,28,5
2024-12-01,SAC,SAS,125,127,A,Domantas Sabonis,25,13
2024-12-01,SAC,SAS,125,127,A,Julian Champagnie,19,8
2024-12-01,SAC,SAS,125,127,A,De'Aaron Fox,23,6
2024-12-01,SAC,SAS,125,127,A,Malik Monk,19,7
2024-12-01,SAC,SAS,125,127,A,Devin Vassell,21,0
2024-12-01,SAC,SAS,125,127,A,Chris Paul,13,2
2024-12-01,SAC,SAS,125,127,A,Keldon Johnson,17,4
2024-12-01,SAC,SAS,125,127,A,Tre Jones,7,1
2024-12-01,SAC,SAS,125,127,A,Isaac Jones,12,4
2024-12-01,SAC,SAS,125,127,A,Harrison Barnes,8,7
2024-12-01,SAC,SAS,125,127,A,Keegan Murray,8,6
2024-12-01,SAC,SAS,125,127,A,Keon Ellis,8,3
2024-12-01,SAC,SAS,125,127,A,Jae Crowder,2,5
2024-12-01,SAC,SAS,125,127,A,Colby Jones,0,2
2024-12-01,SAC,SAS,125,127,A,Zach Collins,0,0
2024-12-01,SAC,SAS,125,127,A,Stephon Castle,8,0
2024-12-01,SAC,SAS,125,127,A,Charles Bassey,0,2
2024-12-01,DEN,LAC,122,126,A,James Harden,39,9
2024-12-01,DEN,LAC,122,126,A,Nikola Jokić,28,14
2024-12-01,DEN,LAC,122,126,A,Norman Powell,28,0
2024-12-01,DEN,LAC,122,126,A,Jamal Murray,18,0
2024-12-01,DEN,LAC,122,126,A,Julian Strawther,15,2
2024-12-01,DEN,LAC,122,126,A,Michael Porter,18,7
2024-12-01,DEN,LAC,122,126,A,Terance Mann,15,3
2024-12-01,DEN,LAC,122,126,A,Peyton Watson,13,5
2024-12-01,DEN,LAC,122,126,A,Russell Westbrook,9,3
2024-12-01,DEN,LAC,122,126,A,Christian Braun,11,7
2024-12-01,DEN,LAC,122,126,A,Aaron Gordon,10,1
2024-12-01,DEN,LAC,122,126,A,Amir Coffey,13,5
2024-12-01,DEN,LAC,122,126,A,Kris Dunn,4,3
2024-12-01,DEN,LAC,122,126,A,Mohamed Bamba,6,5
2024-12-01,DEN,LAC,122,126,A,Jordan Miller,8,2
2024-12-01,DEN,LAC,122,126,A,Nicolas Batum,3,3
2024-12-01,DEN,LAC,122,126,A,Ivica Zubac,6,8
2024-12-01,DEN,LAC,122,126,A,Derrick Jones,4,4
2024-12-01,MIA,TOR,116,119,A,RJ Barrett,37,7
2024-12-01,MIA,TOR,116,119,A,Tyler Herro,31,4
2024-12-01,MIA,TOR,116,119,A,Scottie Barnes,23,10
2024-12-01,MIA,TOR,116,119,A,Jimmy Butler,17,5
2024-12-01,MIA,TOR,116,119,A,Jakob Poeltl,17,11
2024-12-01,MIA,TOR,116,119,A,Bam Adebayo,13,20
2024-12-01,MIA,TOR,116,119,A,Terry Rozier,17,1
2024-12-01,MIA,TOR,116,119,A,Haywood Highsmith,7,4
2024-12-01,MIA,TOR,116,119,A,Ochai Agbaji,7,5
2024-12-01,MIA,TOR,116,119,A,Ja'Kobe Walter,12,3
2024-12-01,MIA,TOR,116,119,A,Chris Boucher,8,2
2024-12-01,MIA,TOR,116,119,A,Jonathan Mogbo,3,7
2024-12-01,MIA,TOR,116,119,A,Alec Burks,4,1
2024-12-01,MIA,TOR,116,119,A,Jaime Jaquez,6,3
2024-12-01,MIA,TOR,116,119,A,Pelle Larsson,8,1
2024-12-01,MIA,TOR,116,119,A,Kevin Love,5,5
2024-12-01,MIA,TOR,116,119,A,Davion Mitchell,7,0
2024-12-01,MIA,TOR,116,119,A,Jamison Battle,3,2
2024-12-01,MIA,TOR,116,119,A,Jamal Shead,2,0
2024-12-01,MIA,TOR,116,119,A,Duncan Robinson,8,1
2024-12-01,HOU,OKC,119,116,H,Fred VanVleet,38,2
2024-12-01,HOU,OKC,119,116,H,Shai Gilgeous-Alexander,32,8
2024-12-01,HOU,OKC,119,116,H,Alperen Sengun,20,14
2024-12-01,HOU,OKC,119,116,H,Isaiah Hartenstein,19,13
2024-12-01,HOU,OKC,119,116,H,Jalen Williams,22,5
2024-12-01,HOU,OKC,119,116,H,Dillon Brooks,16,7
2024-12-01,HOU,OKC,119,116,H,Cason Wallace,14,9
2024-12-01,HOU,OKC,119,116,H,Jabari Smith,15,14
2024-12-01,HOU,OKC,119,116,H,Aaron Wiggins,13,3
2024-12-01,HOU,OKC,119,116,H,Luguentz Dort,6,3
2024-12-01,HOU,OKC,119,116,H,Dillon Jones,5,2
2024-12-01,HOU,OKC,119,116,H,Tari Eason,6,5
2024-12-01,HOU,OKC,119,116,H,Amen Thompson,9,6
2024-12-01,HOU,OKC,119,116,H,Jalen Green,9,2
2024-12-01,HOU,OKC,119,116,H,Reed Sheppard,5,0
2024-12-01,HOU,OKC,119,116,H,Kenrich Williams,5,2
2024-12-01,HOU,OKC,119,116,H,Steven Adams,1,1
2024-12-01,HOU,OKC,119,116,H,Isaiah Joe,0,0
2024-12-01,HOU,OKC,119,116,H,Ajay Mitchell,0,1
2024-12-01,BOS,CLE,111,115,A,Donovan Mitchell,35,7
2024-12-01,BOS,CLE,111,115,A,Jayson Tatum,33,8
2024-12-01,BOS,CLE,111,115,A,Darius Garland,22,5
2024-12-01,BOS,CLE,111,115,A,Payton Pritchard,24,7
2024-12-01,BOS,CLE,111,115,A,Kristaps Porziņģis,21,8
2024-12-01,BOS,CLE,111,115,A,Sam Hauser,13,5
2024-12-01,BOS,CLE,111,115,A,Georges Niang,13,2
2024-12-01,BOS,CLE,111,115,A,Jarrett Allen,8,10
2024-12-01,BOS,CLE,111,115,A,Isaac Okoro,6,2
2024-12-01,BOS,CLE,111,115,A,Al Horford,8,5
2024-12-01,BOS,CLE,111,115,A,Caris LeVert,13,6
2024-12-01,BOS,CLE,111,115,A,Drew Peterson,8,4
2024-12-01,BOS,CLE,111,115,A,Evan Mobley,9,10
2024-12-01,BOS,CLE,111,115,A,Ty Jerome,6,0
2024-12-01,BOS,CLE,111,115,A,Jrue Holiday,4,3
2024-12-01,BOS,CLE,111,115,A,Luke Kornet,0,5
2024-12-01,BOS,CLE,111,115,A,Sam Merrill,3,1
2024-12-01,BOS,CLE,111,115,A,Jaden Springer,0,1
2024-12-01,BOS,CLE,111,115,A,Jaylon Tyson,0,1
2024-12-01,LAL,UTA,105,104,H,Anthony Davis,33,11
2024-12-01,LAL,UTA,105,104,H,LeBron James,27,5
2024-12-01,LAL,UTA,105,104,H,John Collins,21,9
2024-12-01,LAL,UTA,105,104,H,Lauri Markkanen,22,7
2024-12-01,LAL,UTA,105,104,H,Walker Kessler,13,11
2024-12-01,LAL,UTA,105,104,H,Rui Hachimura,13,7
2024-12-01,LAL,UTA,105,104,H,Max Christie,12,5
2024-12-01,LAL,UTA,105,104,H,Gabe Vincent,10,3
2024-12-01,LAL,UTA,105,104,H,Collin Sexton,15,3
2024-12-01,LAL,UTA,105,104,H,Johnny Juzang,11,4
2024-12-01,LAL,UTA,105,104,H,Keyonte George,14,4
2024-12-01,LAL,UTA,105,104,H,Jalen Hood-Schifino,4,1
2024-12-01,LAL,UTA,105,104,H,Brice Sensabaugh,6,2
2024-12-01,LAL,UTA,105,104,H,Dalton Knecht,6,7
2024-12-01,LAL,UTA,105,104,H,Isaiah Collier,0,1
2024-12-01,LAL,UTA,105,104,H,Drew Eubanks,2,1
2024-12-01,LAL,UTA,105,104,H,Christian Koloko,0,1
2024-12-01,LAL,UTA,105,104,H,Armel Traoré,0,2
2024-12-01,LAL,UTA,105,104,H,Micah Potter,0,2
2024-12-01,NOP,NYK,85,118,A,Mikal Bridges,31,4
2024-12-01,NOP,NYK,85,118,A,Karl-Anthony Towns,14,19
2024-12-01,NOP,NYK,85,118,A,Josh Hart,12,6
2024-12-01,NOP,NYK,85,118,A,Jalen Brunson,16,2
2024-12-01,NOP,NYK,85,118,A,Brandon Boston,13,3
2024-12-01,NOP,NYK,85,118,A,Yves Missi,11,8
2024-12-01,NOP,NYK,85,118,A,Jamal Cain,10,1
2024-12-01,NOP,NYK,85,118,A,Cameron Payne,8,3
2024-12-01,NOP,NYK,85,118,A,Miles McBride,13,2
2024-12-01,NOP,NYK,85,118,A,Jericho Sims,4,13
2024-12-01,NOP,NYK,85,118,A,CJ McCollum,13,3
2024-12-01,NOP,NYK,85,118,A,Elfrid Payton,6,1
2024-12-01,NOP,NYK,85,118,A,OG Anunoby,7,4
2024-12-01,NOP,NYK,85,118,A,Dejounte Murray,10,8
2024-12-01,NOP,NYK,85,118,A,Trey Murphy,11,4
2024-12-01,NOP,NYK,85,118,A,Javonte Green,5,4
2024-12-01,NOP,NYK,85,118,A,Matt Ryan,8,1
2024-12-01,NOP,NYK,85,118,A,Ariel Hukporti,3,3
2024-12-01,NOP,NYK,85,118,A,Tyler Kolek,2,2
2024-12-01,NOP,NYK,85,118,A,Karlo Matković,0,1
2024-12-01,NOP,NYK,85,118,A,Daniel Theis,2,0
2024-12-01,NOP,NYK,85,118,A,Jeremiah Robinson-Earl,2,4
2024-12-01,NOP,NYK,85,118,A,Trey Jemison,0,3
2024-12-01,NOP,NYK,85,118,A,Jacob Toppin,0,1
2024-12-01,NOP,NYK,85,118,A,Antonio Reeves,2,2
2024-12-01,IND,MEM,121,136,A,Jaren Jackson,25,8
2024-12-01,IND,MEM,121,136,A,Ja Morant,19,2
2024-12-01,IND,MEM,121,136,A,Santi Aldama,15,4
2024-12-01,IND,MEM,121,136,A,Bennedict Mathurin,19,9
2024-12-01,IND,MEM,121,136,A,T.J. McConnell,15,4
2024-12-01,IND,MEM,121,136,A,Andrew Nembhard,14,2
2024-12-01,IND,MEM,121,136,A,Marcus Smart,16,1
2024-12-01,IND,MEM,121,136,A,Desmond Bane,16,6
2024-12-01,IND,MEM,121,136,A,Obi Toppin,16,8
2024-12-01,IND,MEM,121,136,A,Jake LaRavia,11,3
2024-12-01,IND,MEM,121,136,A,Jarace Walker,9,7
2024-12-01,IND,MEM,121,136,A,Pascal Siakam,17,2
2024-12-01,IND,MEM,121,136,A,Jaylen Wells,13,6
2024-12-01,IND,MEM,121,136,A,Brandon Clarke,8,4
2024-12-01,IND,MEM,121,136,A,Tyrese Haliburton,8,2
2024-12-01,IND,MEM,121,136,A,Luke Kennard,6,3
2024-12-01,IND,MEM,121,136,A,Myles Turner,12,6
2024-12-01,IND,MEM,121,136,A,Johnny Furphy,6,1
2024-12-01,IND,MEM,121,136,A,John Konchar,3,0
2024-12-01,IND,MEM,121,136,A,Quenton Jackson,5,0
2024-12-01,IND,MEM,121,136,A,Moses Brown,0,0
2024-12-01,IND,MEM,121,136,A,Tristen Newton,0,0
2024-12-01,IND,MEM,121,136,A,Yuki Kawamura,0,0
2024-12-01,IND,MEM,121,136,A,Scotty Pippen ,4,1
2024-12-01,IND,MEM,121,136,A,Enrique Freeman,0,0
2024-12-01,IND,MEM,121,136,A,Jay Huff,0,2
2024-12-01,BRK,ORL,92,100,A,Cameron Johnson,26,4
2024-12-01,BRK,ORL,92,100,A,Goga Bitadze,12,13
2024-12-01,BRK,ORL,92,100,A,Wendell Carter,14,7
2024-12-01,BRK,ORL,92,100,A,Franz Wagner,20,9
2024-12-01,BRK,ORL,92,100,A,Kentavious Caldwell-Pope,16,1
2024-12-01,BRK,ORL,92,100,A,Moritz Wagner,12,8
2024-12-01,BRK,ORL,92,100,A,Dennis Schröder,20,2
2024-12-01,BRK,ORL,92,100,A,Trendon Watford,13,3
2024-12-01,BRK,ORL,92,100,A,Keon Johnson,12,4
2024-12-01,BRK,ORL,92,100,A,Jalen Suggs,12,3
2024-12-01,BRK,ORL,92,100,A,Anthony Black,5,4
2024-12-01,BRK,ORL,92,100,A,Nic Claxton,9,7
2024-12-01,BRK,ORL,92,100,A,Jalen Wilson,5,3
2024-12-01,BRK,ORL,92,100,A,Ben Simmons,0,2
2024-12-01,BRK,ORL,92,100,A,Shake Milton,6,2
2024-12-01,BRK,ORL,92,100,A,Tristan Da Silva,4,4
2024-12-01,BRK,ORL,92,100,A,Tyrese Martin,0,1
2024-12-01,BRK,ORL,92,100,A,Cole Anthony,3,2
2024-12-01,BRK,ORL,92,100,A,Ziaire Williams,1,5
2024-12-01,BRK,ORL,92,100,A,Yongxi Cui,0,0
2024-12-01,BRK,ORL,92,100,A,Dariq Miller-Whitehead,0,0
2024-12-01,BRK,ORL,92,100,A,Jonathan Isaac,2,1
2024-12-01,BRK,ORL,92,100,A,Jett Howard,0,0
2024-12-02,BOS,MIA,108,89,H,Payton Pritchard,25,5
2024-12-02,BOS,MIA,108,89,H,Jaylen Brown,29,7
2024-12-02,BOS,MIA,108,89,H,Jaime Jaquez,19,10
2024-12-02,BOS,MIA,108,89,H,Derrick White,19,6
2024-12-02,BOS,MIA,108,89,H,Luke Kornet,6,4
2024-12-02,BOS,MIA,108,89,H,Haywood Highsmith,10,4
2024-12-02,BOS,MIA,108,89,H,Dru Smith,8,4
2024-12-02,BOS,MIA,108,89,H,Tyler Herro,19,5
2024-12-02,BOS,MIA,108,89,H,Bam Adebayo,15,8
2024-12-02,BOS,MIA,108,89,H,Drew Peterson,7,7
2024-12-02,BOS,MIA,108,89,H,Jayson Tatum,18,11
2024-12-02,BOS,MIA,108,89,H,Pelle Larsson,5,5
2024-12-02,BOS,MIA,108,89,H,Neemias Queta,4,7
2024-12-02,BOS,MIA,108,89,H,Duncan Robinson,5,3
2024-12-02,BOS,MIA,108,89,H,Terry Rozier,4,3
2024-12-02,BOS,MIA,108,89,H,Keshad Johnson,2,0
2024-12-02,BOS,MIA,108,89,H,Thomas Bryant,2,2
2024-12-02,BOS,MIA,108,89,H,JD Davison,0,1
2024-12-02,BOS,MIA,108,89,H,Jaden Springer,0,0
2024-12-02,BOS,MIA,108,89,H,Xavier Tillman,0,2
2024-12-02,BOS,MIA,108,89,H,Baylor Scheierman,0,1
2024-12-02,BOS,MIA,108,89,H,Alec Burks,0,0
2024-12-02,BOS,MIA,108,89,H,Jordan Walsh,0,3
2024-12-02,BRK,CHI,102,128,A,Nikola Vučević,21,10
2024-12-02,BRK,CHI,102,128,A,Matas Buzelis,20,5
2024-12-02,BRK,CHI,102,128,A,Josh Giddey,20,13
2024-12-02,BRK,CHI,102,128,A,Zach LaVine,18,0
2024-12-02,BRK,CHI,102,128,A,Dariq Miller-Whitehead,18,2
2024-12-02,BRK,CHI,102,128,A,Ayo Dosunmu,16,2
2024-12-02,BRK,CHI,102,128,A,Dennis Schröder,16,2
2024-12-02,BRK,CHI,102,128,A,Tyrese Martin,15,5
2024-12-02,BRK,CHI,102,128,A,Shake Milton,14,6
2024-12-02,BRK,CHI,102,128,A,Nic Claxton,11,8
2024-12-02,BRK,CHI,102,128,A,Trendon Watford,12,5
2024-12-02,BRK,CHI,102,128,A,Talen Horton-Tucker,11,4
2024-12-02,BRK,CHI,102,128,A,Jalen Smith,8,5
2024-12-02,BRK,CHI,102,128,A,Lonzo Ball,5,3
2024-12-02,BRK,CHI,102,128,A,Keon Johnson,8,3
2024-12-02,BRK,CHI,102,128,A,Julian Phillips,5,5
2024-12-02,BRK,CHI,102,128,A,Day'Ron Sharpe,4,2
2024-12-02,BRK,CHI,102,128,A,E.J. Liddell,2,1
2024-12-02,BRK,CHI,102,128,A,Chris Duarte,0,4
2024-12-02,BRK,CHI,102,128,A,Dalen Terry,2,1
2024-12-02,BRK,CHI,102,128,A,Yongxi Cui,2,2
2024-12-02,BRK,CHI,102,128,A,Jevon Carter,0,1
2024-12-02,BRK,CHI,102,128,A,Jalen Wilson,2,6
2024-12-02,ATL,NOP,124,112,H,Yves Missi,23,12
2024-12-02,ATL,NOP,124,112,H,Dyson Daniels,19,6
2024-12-02,ATL,NOP,124,112,H,CJ McCollum,29,6
2024-12-02,ATL,NOP,124,112,H,Clint Capela,9,17
2024-12-02,ATL,NOP,124,112,H,Jalen Johnson,19,7
2024-12-02,ATL,NOP,124,112,H,De'Andre Hunter,22,2
2024-12-02,ATL,NOP,124,112,H,Onyeka Okongwu,12,4
2024-12-02,ATL,NOP,124,112,H,Brandon Boston,19,4
2024-12-02,ATL,NOP,124,112,H,Trey Murphy,14,1
2024-12-02,ATL,NOP,124,112,H,Trae Young,12,8
2024-12-02,ATL,NOP,124,112,H,Javonte Green,10,6
2024-12-02,ATL,NOP,124,112,H,Kobe Bufkin,10,2
2024-12-02,ATL,NOP,124,112,H,Dejounte Murray,7,5
2024-12-02,ATL,NOP,124,112,H,Zaccharie Risacher,13,1
2024-12-02,ATL,NOP,124,112,H,Jeremiah Robinson-Earl,7,3
2024-12-02,ATL,NOP,124,112,H,Bogdan Bogdanović,8,4
2024-12-02,ATL,NOP,124,112,H,Daniel Theis,3,4
2024-12-02,ATL,NOP,124,112,H,Elfrid Payton,0,0
2024-12-02,LAL,MIN,80,109,A,Rudy Gobert,17,12
2024-12-02,LAL,MIN,80,109,A,D'Angelo Russell,20,3
2024-12-02,LAL,MIN,80,109,A,Donte DiVincenzo,11,5
2024-12-02,LAL,MIN,80,109,A,Julius Randle,18,5
2024-12-02,LAL,MIN,80,109,A,Naz Reid,15,2
2024-12-02,LAL,MIN,80,109,A,Nickeil Alexander-Walker,15,0
2024-12-02,LAL,MIN,80,109,A,Rui Hachimura,10,4
2024-12-02,LAL,MIN,80,109,A,Anthony Davis,12,11
2024-12-02,LAL,MIN,80,109,A,Mike Conley,9,3
2024-12-02,LAL,MIN,80,109,A,Luka Garza,6,0
2024-12-02,LAL,MIN,80,109,A,Maxwell Lewis,4,1
2024-12-02,LAL,MIN,80,109,A,Gabe Vincent,5,1
2024-12-02,LAL,MIN,80,109,A,Terrence Shannon,5,1
2024-12-02,LAL,MIN,80,109,A,Josh Minott,2,2
2024-12-02,LAL,MIN,80,109,A,Anthony Edwards,8,7
2024-12-02,LAL,MIN,80,109,A,Cam Reddish,2,1
2024-12-02,LAL,MIN,80,109,A,Armel Traoré,4,3
2024-12-02,LAL,MIN,80,109,A,Jaden McDaniels,3,2
2024-12-02,LAL,MIN,80,109,A,Dalton Knecht,6,3
2024-12-02,LAL,MIN,80,109,A,Christian Koloko,2,2
2024-12-02,LAL,MIN,80,109,A,Daishen Nix,0,2
2024-12-02,LAL,MIN,80,109,A,PJ Dozier,0,2
2024-12-02,LAL,MIN,80,109,A,LeBron James,10,8
2024-12-02,LAL,MIN,80,109,A,Max Christie,5,2
2024-12-03,DEN,GSW,119,115,H,Nikola Jokić,38,10
2024-12-03,DEN,GSW,119,115,H,Michael Porter,22,7
2024-12-03,DEN,GSW,119,115,H,Stephen Curry,24,7
2024-12-03,DEN,GSW,119,115,H,Aaron Gordon,15,9
2024-12-03,DEN,GSW,119,115,H,Andrew Wiggins,13,3
2024-12-03,DEN,GSW,119,115,H,Jonathan Kuminga,19,5
2024-12-03,DEN,GSW,119,115,H,Jamal Murray,12,3
2024-12-03,DEN,GSW,119,115,H,Gary Payton,11,1
2024-12-03,DEN,GSW,119,115,H,Brandin Podziemski,13,4
2024-12-03,DEN,GSW,119,115,H,Trayce Jackson-Davis,7,6
2024-12-03,DEN,GSW,119,115,H,Moses Moody,13,2
2024-12-03,DEN,GSW,119,115,H,Kyle Anderson,4,6
2024-12-03,DEN,GSW,119,115,H,Kevon Looney,5,11
2024-12-03,DEN,GSW,119,115,H,Peyton Watson,7,1
2024-12-03,DEN,GSW,119,115,H,Christian Braun,11,6
2024-12-03,DEN,GSW,119,115,H,Russell Westbrook,7,1
2024-12-03,DEN,GSW,119,115,H,Julian Strawther,5,1
2024-12-03,DEN,GSW,119,115,H,Zeke Nnaji,2,0
2024-12-03,DEN,GSW,119,115,H,Buddy Hield,6,3
2024-12-03,DAL,MEM,121,116,H,Luka Dončić,37,12
2024-12-03,DAL,MEM,121,116,H,Ja Morant,31,2
2024-12-03,DAL,MEM,121,116,H,Santi Aldama,15,8
2024-12-03,DAL,MEM,121,116,H,P.J. Washington,18,8
2024-12-03,DAL,MEM,121,116,H,Dereck Lively,17,11
2024-12-03,DAL,MEM,121,116,H,Desmond Bane,19,3
2024-12-03,DAL,MEM,121,116,H,Daniel Gafford,11,4
2024-12-03,DAL,MEM,121,116,H,Spencer Dinwiddie,16,1
2024-12-03,DAL,MEM,121,116,H,Jaylen Wells,10,3
2024-12-03,DAL,MEM,121,116,H,Brandon Clarke,8,6
2024-12-03,DAL,MEM,121,116,H,Jaren Jackson,16,7
2024-12-03,DAL,MEM,121,116,H,Jay Huff,8,1
2024-12-03,DAL,MEM,121,116,H,Scotty Pippen ,5,4
2024-12-03,DAL,MEM,121,116,H,Quentin Grimes,8,2
2024-12-03,DAL,MEM,121,116,H,Klay Thompson,4,2
2024-12-03,DAL,MEM,121,116,H,Kyrie Irving,10,6
2024-12-03,DAL,MEM,121,116,H,Jake LaRavia,4,2
2024-12-03,DAL,MEM,121,116,H,Marcus Smart,0,2
2024-12-03,DAL,MEM,121,116,H,Luke Kennard,0,1
2024-12-03,DAL,MEM,121,116,H,Maxi Kleber,0,3
2024-12-03,DAL,MEM,121,116,H,Jaden Hardy,0,0
2024-12-03,CHO,PHI,104,110,A,Paul George,29,2
2024-12-03,CHO,PHI,104,110,A,Nick Richards,22,14
2024-12-03,CHO,PHI,104,110,A,Brandon Miller,34,3
2024-12-03,CHO,PHI,104,110,A,Tyrese Maxey,21,3
2024-12-03,CHO,PHI,104,110,A,Jared McCain,17,1
2024-12-03,CHO,PHI,104,110,A,KJ Simpson,8,6
2024-12-03,CHO,PHI,104,110,A,Kelly Oubre,14,2
2024-12-03,CHO,PHI,104,110,A,Tidjane Salaün ,10,10
2024-12-03,CHO,PHI,104,110,A,Cody Martin,12,2
2024-12-03,CHO,PHI,104,110,A,Nick Smith,7,2
2024-12-03,CHO,PHI,104,110,A,Guerschon Yabusele,7,12
2024-12-03,CHO,PHI,104,110,A,KJ Martin,9,2
2024-12-03,CHO,PHI,104,110,A,Adem Bona,6,1
2024-12-03,CHO,PHI,104,110,A,Mark Williams,4,3
2024-12-03,CHO,PHI,104,110,A,Ricky Council,2,1
2024-12-03,CHO,PHI,104,110,A,Seth Curry,2,0
2024-12-03,CHO,PHI,104,110,A,Caleb Martin,5,4
2024-12-03,CHO,PHI,104,110,A,Moussa Diabaté,0,1
2024-12-03,CHO,PHI,104,110,A,Vasilije Micić,5,2
2024-12-03,CHO,PHI,104,110,A,Josh Green,0,4
2024-12-03,CHO,PHI,104,110,A,Kyle Lowry,0,3
2024-12-03,IND,TOR,111,122,A,Scottie Barnes,35,6
2024-12-03,IND,TOR,111,122,A,Tyrese Haliburton,30,4
2024-12-03,IND,TOR,111,122,A,RJ Barrett,29,9
2024-12-03,IND,TOR,111,122,A,Jakob Poeltl,17,10
2024-12-03,IND,TOR,111,122,A,Myles Turner,16,7
2024-12-03,IND,TOR,111,122,A,Ochai Agbaji,13,3
2024-12-03,IND,TOR,111,122,A,Obi Toppin,15,9
2024-12-03,IND,TOR,111,122,A,Bennedict Mathurin,17,3
2024-12-03,IND,TOR,111,122,A,T.J. McConnell,14,2
2024-12-03,IND,TOR,111,122,A,Pascal Siakam,13,6
2024-12-03,IND,TOR,111,122,A,Jonathan Mogbo,3,5
2024-12-03,IND,TOR,111,122,A,Davion Mitchell,8,3
2024-12-03,IND,TOR,111,122,A,Andrew Nembhard,6,0
2024-12-03,IND,TOR,111,122,A,Jamal Shead,6,1
2024-12-03,IND,TOR,111,122,A,Jamison Battle,3,2
2024-12-03,IND,TOR,111,122,A,Chris Boucher,6,2
2024-12-03,IND,TOR,111,122,A,Enrique Freeman,0,1
2024-12-03,IND,TOR,111,122,A,Moses Brown,0,0
2024-12-03,IND,TOR,111,122,A,Ja'Kobe Walter,2,1
2024-12-03,IND,TOR,111,122,A,Jarace Walker,0,2
2024-12-03,OKC,UTA,133,106,H,Jalen Williams,28,2
2024-12-03,OKC,UTA,133,106,H,Shai Gilgeous-Alexander,26,6
2024-12-03,OKC,UTA,133,106,H,Walker Kessler,17,11
2024-12-03,OKC,UTA,133,106,H,Isaiah Joe,19,2
2024-12-03,OKC,UTA,133,106,H,Aaron Wiggins,16,4
2024-12-03,OKC,UTA,133,106,H,Collin Sexton,17,3
2024-12-03,OKC,UTA,133,106,H,Cason Wallace,12,0
2024-12-03,OKC,UTA,133,106,H,Lauri Markkanen,13,6
2024-12-03,OKC,UTA,133,106,H,Keyonte George,16,4
2024-12-03,OKC,UTA,133,106,H,Dillon Jones,8,4
2024-12-03,OKC,UTA,133,106,H,John Collins,15,5
2024-12-03,OKC,UTA,133,106,H,Drew Eubanks,2,4
2024-12-03,OKC,UTA,133,106,H,Johnny Juzang,13,0
2024-12-03,OKC,UTA,133,106,H,Kenrich Williams,5,5
2024-12-03,OKC,UTA,133,106,H,Isaiah Hartenstein,4,5
2024-12-03,OKC,UTA,133,106,H,Ajay Mitchell,5,2
2024-12-03,OKC,UTA,133,106,H,Luguentz Dort,5,2
2024-12-03,OKC,UTA,133,106,H,Svi Mykhailiuk,4,0
2024-12-03,OKC,UTA,133,106,H,Adam Flagler,3,0
2024-12-03,OKC,UTA,133,106,H,Branden Carlson,2,2
2024-12-03,OKC,UTA,133,106,H,Isaiah Collier,3,1
2024-12-03,OKC,UTA,133,106,H,Brice Sensabaugh,6,2
2024-12-03,LAC,POR,127,105,H,Norman Powell,30,4
2024-12-03,LAC,POR,127,105,H,Amir Coffey,19,2
2024-12-03,LAC,POR,127,105,H,James Harden,23,1
2024-12-03,LAC,POR,127,105,H,Derrick Jones,15,4
2024-12-03,LAC,POR,127,105,H,Jordan Miller,14,4
2024-12-03,LAC,POR,127,105,H,Deandre Ayton,16,3
2024-12-03,LAC,POR,127,105,H,Deni Avdija,15,3
2024-12-03,LAC,POR,127,105,H,Jerami Grant,12,4
2024-12-03,LAC,POR,127,105,H,Shaedon Sharpe,15,4
2024-12-03,LAC,POR,127,105,H,Dalano Banton,14,2
2024-12-03,LAC,POR,127,105,H,Ivica Zubac,8,10
2024-12-03,LAC,POR,127,105,H,Kris Dunn,7,2
2024-12-03,LAC,POR,127,105,H,Toumani Camara,9,4
2024-12-03,LAC,POR,127,105,H,Mohamed Bamba,3,3
2024-12-03,LAC,POR,127,105,H,Jabari Walker,6,5
2024-12-03,LAC,POR,127,105,H,Rayan Rupert,3,2
2024-12-03,LAC,POR,127,105,H,Duop Reath,6,0
2024-12-03,LAC,POR,127,105,H,Terance Mann,5,0
2024-12-03,LAC,POR,127,105,H,Bones Hyland,3,1
2024-12-03,LAC,POR,127,105,H,Anfernee Simons,7,2
2024-12-03,LAC,POR,127,105,H,Nicolas Batum,0,4
2024-12-03,LAC,POR,127,105,H,Kris Murray,2,0
2024-12-03,LAC,POR,127,105,H,Kai Jones,0,0
2024-12-03,DET,MIL,107,128,A,Giannis Antetokounmpo,28,7
2024-12-03,DET,MIL,107,128,A,Damian Lillard,27,4
2024-12-03,DET,MIL,107,128,A,Tobias Harris,16,5
2024-12-03,DET,MIL,107,128,A,Cade Cunningham,23,5
2024-12-03,DET,MIL,107,128,A,Taurean Prince,14,2
2024-12-03,DET,MIL,107,128,A,Gary Trent,16,3
2024-12-03,DET,MIL,107,128,A,Jalen Duren,11,6
2024-12-03,DET,MIL,107,128,A,Tim Hardaway,15,3
2024-12-03,DET,MIL,107,128,A,Bobby Portis,14,4
2024-12-03,DET,MIL,107,128,A,A.J. Green,11,3
2024-12-03,DET,MIL,107,128,A,Brook Lopez,5,6
2024-12-03,DET,MIL,107,128,A,Jaden Ivey,8,3
2024-12-03,DET,MIL,107,128,A,Ausar Thompson,8,5
2024-12-03,DET,MIL,107,128,A,Andre Jackson,8,0
2024-12-03,DET,MIL,107,128,A,Isaiah Stewart,9,6
2024-12-03,DET,MIL,107,128,A,Paul Reed,6,1
2024-12-03,DET,MIL,107,128,A,Simone Fontecchio,5,2
2024-12-03,DET,MIL,107,128,A,AJ Johnson,5,1
2024-12-03,DET,MIL,107,128,A,Delon Wright,0,4
2024-12-03,DET,MIL,107,128,A,Ron Holland,2,1
2024-12-03,DET,MIL,107,128,A,Chris Livingston,0,0
2024-12-03,DET,MIL,107,128,A,Wendell Moore,0,1
2024-12-03,DET,MIL,107,128,A,Tyler Smith,0,2
2024-12-03,DET,MIL,107,128,A,Ryan Rollins,0,0
2024-12-03,DET,MIL,107,128,A,Malik Beasley,4,3
2024-12-03,DET,MIL,107,128,A,Marcus Sasser,0,0
2024-12-03,NYK,ORL,121,106,H,Franz Wagner,30,3
2024-12-03,NYK,ORL,121,106,H,Moritz Wagner,20,12
2024-12-03,NYK,ORL,121,106,H,Josh Hart,11,13
2024-12-03,NYK,ORL,121,106,H,Mikal Bridges,19,2
2024-12-03,NYK,ORL,121,106,H,OG Anunoby,18,2
2024-12-03,NYK,ORL,121,106,H,Miles McBride,18,3
2024-12-03,NYK,ORL,121,106,H,Karl-Anthony Towns,23,15
2024-12-03,NYK,ORL,121,106,H,Jalen Brunson,21,2
2024-12-03,NYK,ORL,121,106,H,Jalen Suggs,14,3
2024-12-03,NYK,ORL,121,106,H,Cole Anthony,10,3
2024-12-03,NYK,ORL,121,106,H,Wendell Carter,2,7
2024-12-03,NYK,ORL,121,106,H,Tristan Da Silva,8,2
2024-12-03,NYK,ORL,121,106,H,Cameron Payne,7,0
2024-12-03,NYK,ORL,121,106,H,Jericho Sims,4,2
2024-12-03,NYK,ORL,121,106,H,Caleb Houstan,3,0
2024-12-03,NYK,ORL,121,106,H,Kentavious Caldwell-Pope,9,3
2024-12-03,NYK,ORL,121,106,H,Jonathan Isaac,4,1
2024-12-03,NYK,ORL,121,106,H,Anthony Black,6,1
2024-12-03,NYK,ORL,121,106,H,Pacome Dadiet,0,0
2024-12-03,NYK,ORL,121,106,H,Ariel Hukporti,0,0
2024-12-03,NYK,ORL,121,106,H,Matt Ryan,0,0
2024-12-03,NYK,ORL,121,106,H,Jett Howard,0,3
2024-12-03,NYK,ORL,121,106,H,Tyler Kolek,0,0
2024-12-03,HOU,SAC,111,120,A,Jalen Green,28,7
2024-12-03,HOU,SAC,111,120,A,Malik Monk,17,2
2024-12-03,HOU,SAC,111,120,A,Domantas Sabonis,27,7
2024-12-03,HOU,SAC,111,120,A,De'Aaron Fox,22,6
2024-12-03,HOU,SAC,111,120,A,Alperen Sengun,24,8
2024-12-03,HOU,SAC,111,120,A,Tari Eason,16,12
2024-12-03,HOU,SAC,111,120,A,Keegan Murray,13,7
2024-12-03,HOU,SAC,111,120,A,DeMar DeRozan,16,5
2024-12-03,HOU,SAC,111,120,A,Kevin Huerter,13,2
2024-12-03,HOU,SAC,111,120,A,Isaac Jones,12,2
2024-12-03,HOU,SAC,111,120,A,Aaron Holiday,6,2
2024-12-03,HOU,SAC,111,120,A,Reed Sheppard,6,0
2024-12-03,HOU,SAC,111,120,A,Fred VanVleet,13,2
2024-12-03,HOU,SAC,111,120,A,Jabari Smith,6,7
2024-12-03,HOU,SAC,111,120,A,Jae Crowder,0,1
2024-12-03,HOU,SAC,111,120,A,Steven Adams,1,6
2024-12-03,HOU,SAC,111,120,A,Doug McDermott,0,1
2024-12-03,HOU,SAC,111,120,A,Jae'Sean Tate,0,0
2024-12-03,HOU,SAC,111,120,A,Dillon Brooks,8,3
2024-12-03,HOU,SAC,111,120,A,Alex Len,0,1
2024-12-03,HOU,SAC,111,120,A,Colby Jones,0,0
2024-12-03,HOU,SAC,111,120,A,Amen Thompson,3,6
2024-12-03,HOU,SAC,111,120,A,Jordan McLaughlin,0,0
2024-12-03,PHO,SAS,104,93,H,Devin Vassell,25,2
2024-12-03,PHO,SAS,104,93,H,Devin Booker,29,9
2024-12-03,PHO,SAS,104,93,H,Jeremy Sochan,14,12
2024-12-03,PHO,SAS,104,93,H,Tyus Jones,16,0
2024-12-03,PHO,SAS,104,93,H,Victor Wembanyama,15,13
2024-12-03,PHO,SAS,104,93,H,Mason Plumlee,6,6
2024-12-03,PHO,SAS,104,93,H,Kevin Durant,13,4
2024-12-03,PHO,SAS,104,93,H,Grayson Allen,8,3
2024-12-03,PHO,SAS,104,93,H,Oso Ighodaro,7,3
2024-12-03,PHO,SAS,104,93,H,Keldon Johnson,10,7
2024-12-03,PHO,SAS,104,93,H,Bradley Beal,10,9
2024-12-03,PHO,SAS,104,93,H,Stephon Castle,16,1
2024-12-03,PHO,SAS,104,93,H,Royce O'Neale,10,6
2024-12-03,PHO,SAS,104,93,H,Chris Paul,2,8
2024-12-03,PHO,SAS,104,93,H,Monte Morris,2,0
2024-12-03,PHO,SAS,104,93,H,Julian Champagnie,9,6
2024-12-03,PHO,SAS,104,93,H,Ryan Dunn,3,4
2024-12-03,PHO,SAS,104,93,H,Zach Collins,0,2
2024-12-03,PHO,SAS,104,93,H,Harrison Barnes,2,2
2024-12-03,CLE,WAS,118,87,H,Donovan Mitchell,19,5
2024-12-03,CLE,WAS,118,87,H,Sam Merrill,14,3
2024-12-03,CLE,WAS,118,87,H,Evan Mobley,19,10
2024-12-03,CLE,WAS,118,87,H,Jonas Valančiūnas,13,11
2024-12-03,CLE,WAS,118,87,H,Georges Niang,14,6
2024-12-03,CLE,WAS,118,87,H,Jarrett Allen,11,3
2024-12-03,CLE,WAS,118,87,H,Isaac Okoro,9,5
2024-12-03,CLE,WAS,118,87,H,Darius Garland,12,0
2024-12-03,CLE,WAS,118,87,H,Alex Sarr,10,9
2024-12-03,CLE,WAS,118,87,H,Bilal Coulibaly,6,7
2024-12-03,CLE,WAS,118,87,H,Jared Butler,10,0
2024-12-03,CLE,WAS,118,87,H,Tristan Thompson,6,3
2024-12-03,CLE,WAS,118,87,H,Caris LeVert,10,2
2024-12-03,CLE,WAS,118,87,H,Richaun Holmes,6,3
2024-12-03,CLE,WAS,118,87,H,Carlton Carrington,13,7
2024-12-03,CLE,WAS,118,87,H,Corey Kispert,4,2
2024-12-03,CLE,WAS,118,87,H,Craig Porter,2,0
2024-12-03,CLE,WAS,118,87,H,Jordan Poole,13,1
2024-12-03,CLE,WAS,118,87,H,Kyshawn George,0,6
2024-12-03,CLE,WAS,118,87,H,Anthony Gill,4,2
2024-12-03,CLE,WAS,118,87,H,Jaylon Tyson,2,2
2024-12-03,CLE,WAS,118,87,H,Johnny Davis,2,2
2024-12-03,CLE,WAS,118,87,H,Malcolm Brogdon,6,2
2024-12-03,CLE,WAS,118,87,H,Dean Wade,0,6
2024-12-03,CLE,WAS,118,87,H,Marvin Bagley,0,0
2024-12-04,ATL,MIL,119,104,H,Giannis Antetokounmpo,31,11
2024-12-04,ATL,MIL,119,104,H,Jalen Johnson,23,13
2024-12-04,ATL,MIL,119,104,H,De'Andre Hunter,20,5
2024-12-04,ATL,MIL,119,104,H,Damian Lillard,25,4
2024-12-04,ATL,MIL,119,104,H,Bogdan Bogdanović,15,2
2024-12-04,ATL,MIL,119,104,H,Onyeka Okongwu,13,6
2024-12-04,ATL,MIL,119,104,H,Dyson Daniels,9,2
2024-12-04,ATL,MIL,119,104,H,Clint Capela,8,17
2024-12-04,ATL,MIL,119,104,H,Brook Lopez,5,6
2024-12-04,ATL,MIL,119,104,H,Taurean Prince,10,4
2024-12-04,ATL,MIL,119,104,H,Zaccharie Risacher,12,5
2024-12-04,ATL,MIL,119,104,H,Trae Young,17,4
2024-12-04,ATL,MIL,119,104,H,Gary Trent,11,3
2024-12-04,ATL,MIL,119,104,H,Bobby Portis,6,5
2024-12-04,ATL,MIL,119,104,H,Delon Wright,6,2
2024-12-04,ATL,MIL,119,104,H,A.J. Green,6,4
2024-12-04,ATL,MIL,119,104,H,Ryan Rollins,2,0
2024-12-04,ATL,MIL,119,104,H,Kobe Bufkin,2,1
2024-12-04,ATL,MIL,119,104,H,Pat Connaughton,0,0
2024-12-04,ATL,MIL,119,104,H,Liam Robbins,0,0
2024-12-04,ATL,MIL,119,104,H,Stanley Umude,0,0
2024-12-04,ATL,MIL,119,104,H,Andre Jackson,2,1
2024-12-04,LAL,MIA,93,134,A,LeBron James,29,5
2024-12-04,LAL,MIA,93,134,A,Tyler Herro,31,5
2024-12-04,LAL,MIA,93,134,A,Jimmy Butler,17,9
2024-12-04,LAL,MIA,93,134,A,Bam Adebayo,14,10
2024-12-04,LAL,MIA,93,134,A,Max Christie,11,7
2024-12-04,LAL,MIA,93,134,A,Haywood Highsmith,14,2
2024-12-04,LAL,MIA,93,134,A,Rui Hachimura,14,3
2024-12-04,LAL,MIA,93,134,A,Kevin Love,10,4
2024-12-04,LAL,MIA,93,134,A,Terry Rozier,16,2
2024-12-04,LAL,MIA,93,134,A,Duncan Robinson,7,3
2024-12-04,LAL,MIA,93,134,A,Jaime Jaquez,9,4
2024-12-04,LAL,MIA,93,134,A,Pelle Larsson,5,4
2024-12-04,LAL,MIA,93,134,A,Thomas Bryant,8,4
2024-12-04,LAL,MIA,93,134,A,Gabe Vincent,9,2
2024-12-04,LAL,MIA,93,134,A,D'Angelo Russell,12,1
2024-12-04,LAL,MIA,93,134,A,Anthony Davis,8,7
2024-12-04,LAL,MIA,93,134,A,Christian Koloko,4,4
2024-12-04,LAL,MIA,93,134,A,Dru Smith,3,3
2024-12-04,LAL,MIA,93,134,A,Armel Traoré,4,5
2024-12-04,LAL,MIA,93,134,A,Dalton Knecht,2,2
2024-12-04,LAL,MIA,93,134,A,Keshad Johnson,0,2
2024-12-04,LAL,MIA,93,134,A,Cam Reddish,0,0
2024-12-04,LAL,MIA,93,134,A,Maxwell Lewis,0,0
2024-12-04,ORL,PHI,106,102,H,Franz Wagner,35,7
2024-12-04,ORL,PHI,106,102,H,Jonathan Isaac,14,4
2024-12-04,ORL,PHI,106,102,H,Guerschon Yabusele,15,7
2024-12-04,ORL,PHI,106,102,H,Kelly Oubre,15,4
2024-12-04,ORL,PHI,106,102,H,Jared McCain,24,7
2024-12-04,ORL,PHI,106,102,H,Jalen Suggs,17,2
2024-12-04,ORL,PHI,106,102,H,Anthony Black,10,5
2024-12-04,ORL,PHI,106,102,H,KJ Martin,11,4
2024-12-04,ORL,PHI,106,102,H,Goga Bitadze,6,6
2024-12-04,ORL,PHI,106,102,H,Tyrese Maxey,16,4
2024-12-04,ORL,PHI,106,102,H,Moritz Wagner,10,6
2024-12-04,ORL,PHI,106,102,H,Caleb Martin,9,5
2024-12-04,ORL,PHI,106,102,H,Kentavious Caldwell-Pope,7,2
2024-12-04,ORL,PHI,106,102,H,Ricky Council,9,0
2024-12-04,ORL,PHI,106,102,H,Tristan Da Silva,5,4
2024-12-04,ORL,PHI,106,102,H,Reggie Jackson,3,1
2024-12-04,ORL,PHI,106,102,H,Wendell Carter,2,6
2024-12-04,ORL,PHI,106,102,H,Adem Bona,0,3
2024-12-04,BOS,DET,130,120,H,Tobias Harris,27,3
2024-12-04,BOS,DET,130,120,H,Jaylen Brown,28,6
2024-12-04,BOS,DET,130,120,H,Cade Cunningham,27,9
2024-12-04,BOS,DET,130,120,H,Kristaps Porziņģis,26,9
2024-12-04,BOS,DET,130,120,H,Malik Beasley,23,4
2024-12-04,BOS,DET,130,120,H,Derrick White,14,4
2024-12-04,BOS,DET,130,120,H,Sam Hauser,20,3
2024-12-04,BOS,DET,130,120,H,Luke Kornet,9,8
2024-12-04,BOS,DET,130,120,H,Payton Pritchard,19,5
2024-12-04,BOS,DET,130,120,H,Marcus Sasser,12,2
2024-12-04,BOS,DET,130,120,H,Al Horford,14,4
2024-12-04,BOS,DET,130,120,H,Jaden Ivey,11,2
2024-12-04,BOS,DET,130,120,H,Ron Holland,7,2
2024-12-04,BOS,DET,130,120,H,Isaiah Stewart,2,2
2024-12-04,BOS,DET,130,120,H,Simone Fontecchio,4,2
2024-12-04,BOS,DET,130,120,H,Xavier Tillman,0,2
2024-12-04,BOS,DET,130,120,H,Tim Hardaway,2,3
2024-12-04,BOS,DET,130,120,H,Drew Peterson,0,1
2024-12-04,BOS,DET,130,120,H,Jalen Duren,5,5
2024-12-04,BOS,DET,130,120,H,Jordan Walsh,0,1
2024-12-04,LAC,MIN,80,108,A,Rudy Gobert,8,9
2024-12-04,LAC,MIN,80,108,A,Julius Randle,20,4
2024-12-04,LAC,MIN,80,108,A,Josh Minott,13,8
2024-12-04,LAC,MIN,80,108,A,Anthony Edwards,16,6
2024-12-04,LAC,MIN,80,108,A,Luka Garza,10,3
2024-12-04,LAC,MIN,80,108,A,Amir Coffey,12,4
2024-12-04,LAC,MIN,80,108,A,Derrick Jones,14,2
2024-12-04,LAC,MIN,80,108,A,Mike Conley,11,3
2024-12-04,LAC,MIN,80,108,A,Bones Hyland,18,4
2024-12-04,LAC,MIN,80,108,A,Jaden McDaniels,11,5
2024-12-04,LAC,MIN,80,108,A,Kai Jones,3,5
2024-12-04,LAC,MIN,80,108,A,Ivica Zubac,4,10
2024-12-04,LAC,MIN,80,108,A,Jordan Miller,8,4
2024-12-04,LAC,MIN,80,108,A,Trentyn Flowers,9,4
2024-12-04,LAC,MIN,80,108,A,Naz Reid,4,4
2024-12-04,LAC,MIN,80,108,A,Cam Christie,5,3
2024-12-04,LAC,MIN,80,108,A,Nickeil Alexander-Walker,8,3
2024-12-04,LAC,MIN,80,108,A,Donte DiVincenzo,3,3
2024-12-04,LAC,MIN,80,108,A,PJ Dozier,3,0
2024-12-04,LAC,MIN,80,108,A,Terrence Shannon,0,0
2024-12-04,LAC,MIN,80,108,A,Mohamed Bamba,0,1
2024-12-04,LAC,MIN,80,108,A,Daishen Nix,1,2
2024-12-04,LAC,MIN,80,108,A,Nicolas Batum,0,0
2024-12-04,LAC,MIN,80,108,A,Kris Dunn,2,6
2024-12-04,LAC,MIN,80,108,A,James Harden,5,3
2024-12-04,BRK,IND,99,90,H,Ben Simmons,7,7
2024-12-04,BRK,IND,99,90,H,Cameron Johnson,26,7
2024-12-04,BRK,IND,99,90,H,Tyrese Haliburton,17,3
2024-12-04,BRK,IND,99,90,H,Nic Claxton,16,8
2024-12-04,BRK,IND,99,90,H,Shake Milton,15,3
2024-12-04,BRK,IND,99,90,H,Obi Toppin,13,5
2024-12-04,BRK,IND,99,90,H,T.J. McConnell,14,2
2024-12-04,BRK,IND,99,90,H,Myles Turner,11,7
2024-12-04,BRK,IND,99,90,H,Jalen Wilson,11,3
2024-12-04,BRK,IND,99,90,H,Pascal Siakam,14,6
2024-12-04,BRK,IND,99,90,H,Johnny Furphy,12,7
2024-12-04,BRK,IND,99,90,H,Day'Ron Sharpe,7,6
2024-12-04,BRK,IND,99,90,H,Keon Johnson,4,5
2024-12-04,BRK,IND,99,90,H,Trendon Watford,9,3
2024-12-04,BRK,IND,99,90,H,Jarace Walker,1,3
2024-12-04,BRK,IND,99,90,H,Moses Brown,0,0
2024-12-04,BRK,IND,99,90,H,Tristen Newton,0,0
2024-12-04,BRK,IND,99,90,H,Bennedict Mathurin,8,4
2024-12-04,BRK,IND,99,90,H,Enrique Freeman,0,0
2024-12-04,BRK,IND,99,90,H,Quenton Jackson,0,2
2024-12-04,BRK,IND,99,90,H,Dennis Schröder,4,1
2024-12-05,CHI,SAS,139,124,H,Ayo Dosunmu,27,10
2024-12-05,CHI,SAS,139,124,H,Nikola Vučević,39,8
2024-12-05,CHI,SAS,139,124,H,Keldon Johnson,28,5
2024-12-05,CHI,SAS,139,124,H,Jeremy Sochan,16,14
2024-12-05,CHI,SAS,139,124,H,Chris Paul,12,4
2024-12-05,CHI,SAS,139,124,H,Devin Vassell,17,3
2024-12-05,CHI,SAS,139,124,H,Stephon Castle,12,2
2024-12-05,CHI,SAS,139,124,H,Zach Collins,9,4
2024-12-05,CHI,SAS,139,124,H,Talen Horton-Tucker,13,3
2024-12-05,CHI,SAS,139,124,H,Matas Buzelis,11,7
2024-12-05,CHI,SAS,139,124,H,Julian Phillips,9,3
2024-12-05,CHI,SAS,139,124,H,Julian Champagnie,12,3
2024-12-05,CHI,SAS,139,124,H,Zach LaVine,11,9
2024-12-05,CHI,SAS,139,124,H,Dalen Terry,12,2
2024-12-05,CHI,SAS,139,124,H,Jalen Smith,9,3
2024-12-05,CHI,SAS,139,124,H,Josh Giddey,8,4
2024-12-05,CHI,SAS,139,124,H,Charles Bassey,5,3
2024-12-05,CHI,SAS,139,124,H,Harrison Barnes,8,3
2024-12-05,CHI,SAS,139,124,H,Sandro Mamukelashvili,4,0
2024-12-05,CHI,SAS,139,124,H,Jevon Carter,0,1
2024-12-05,CHI,SAS,139,124,H,Sidy Cissoko,0,0
2024-12-05,CHI,SAS,139,124,H,Blake Wesley,1,0
2024-12-05,CHI,SAS,139,124,H,Malaki Branham,0,0
2024-12-05,CHI,SAS,139,124,H,Chris Duarte,0,0
2024-12-05,CLE,DEN,126,114,H,Nikola Jokić,27,20
2024-12-05,CLE,DEN,126,114,H,Evan Mobley,20,9
2024-12-05,CLE,DEN,126,114,H,Michael Porter,24,7
2024-12-05,CLE,DEN,126,114,H,Caris LeVert,21,3
2024-12-05,CLE,DEN,126,114,H,Donovan Mitchell,28,3
2024-12-05,CLE,DEN,126,114,H,Jamal Murray,19,4
2024-12-05,CLE,DEN,126,114,H,Jarrett Allen,8,15
2024-12-05,CLE,DEN,126,114,H,Darius Garland,24,0
2024-12-05,CLE,DEN,126,114,H,Aaron Gordon,18,7
2024-12-05,CLE,DEN,126,114,H,Russell Westbrook,10,3
2024-12-05,CLE,DEN,126,114,H,Christian Braun,10,4
2024-12-05,CLE,DEN,126,114,H,Sam Merrill,8,5
2024-12-05,CLE,DEN,126,114,H,Peyton Watson,4,4
2024-12-05,CLE,DEN,126,114,H,Dean Wade,5,6
2024-12-05,CLE,DEN,126,114,H,Isaac Okoro,3,0
2024-12-05,CLE,DEN,126,114,H,Georges Niang,5,4
2024-12-05,CLE,DEN,126,114,H,Ty Jerome,4,2
2024-12-05,CLE,DEN,126,114,H,Zeke Nnaji,0,0
2024-12-05,CLE,DEN,126,114,H,Julian Strawther,2,0
2024-12-05,CHO,NYK,101,125,A,Jalen Brunson,24,1
2024-12-05,CHO,NYK,101,125,A,Karl-Anthony Towns,27,16
2024-12-05,CHO,NYK,101,125,A,OG Anunoby,25,6
2024-12-05,CHO,NYK,101,125,A,Josh Hart,18,10
2024-12-05,CHO,NYK,101,125,A,Brandon Miller,26,6
2024-12-05,CHO,NYK,101,125,A,Seth Curry,18,3
2024-12-05,CHO,NYK,101,125,A,Mikal Bridges,19,3
2024-12-05,CHO,NYK,101,125,A,Vasilije Micić,14,1
2024-12-05,CHO,NYK,101,125,A,Miles McBride,10,1
2024-12-05,CHO,NYK,101,125,A,Mark Williams,6,5
2024-12-05,CHO,NYK,101,125,A,DaQuan Jeffries,8,1
2024-12-05,CHO,NYK,101,125,A,Nick Richards,6,8
2024-12-05,CHO,NYK,101,125,A,Tidjane Salaün ,4,1
2024-12-05,CHO,NYK,101,125,A,Moussa Diabaté,4,3
2024-12-05,CHO,NYK,101,125,A,Josh Green,5,4
2024-12-05,CHO,NYK,101,125,A,Nick Smith,6,3
2024-12-05,CHO,NYK,101,125,A,Cody Martin,4,3
2024-12-05,CHO,NYK,101,125,A,Ariel Hukporti,0,1
2024-12-05,CHO,NYK,101,125,A,Tyler Kolek,0,0
2024-12-05,CHO,NYK,101,125,A,Jacob Toppin,0,0
2024-12-05,CHO,NYK,101,125,A,Matt Ryan,0,0
2024-12-05,CHO,NYK,101,125,A,Precious Achiuwa,2,4
2024-12-05,CHO,NYK,101,125,A,Jericho Sims,0,1
2024-12-05,CHO,NYK,101,125,A,KJ Simpson,0,2
2024-12-05,OKC,TOR,129,92,H,Shai Gilgeous-Alexander,30,4
2024-12-05,OKC,TOR,129,92,H,Jalen Williams,20,7
2024-12-05,OKC,TOR,129,92,H,Kenrich Williams,13,7
2024-12-05,OKC,TOR,129,92,H,Isaiah Joe,16,4
2024-12-05,OKC,TOR,129,92,H,Scottie Barnes,12,12
2024-12-05,OKC,TOR,129,92,H,Jonathan Mogbo,17,1
2024-12-05,OKC,TOR,129,92,H,Ajay Mitchell,13,0
2024-12-05,OKC,TOR,129,92,H,RJ Barrett,17,11
2024-12-05,OKC,TOR,129,92,H,Gradey Dick,15,1
2024-12-05,OKC,TOR,129,92,H,Cason Wallace,9,1
2024-12-05,OKC,TOR,129,92,H,Isaiah Hartenstein,2,16
2024-12-05,OKC,TOR,129,92,H,Aaron Wiggins,12,3
2024-12-05,OKC,TOR,129,92,H,Alex Caruso,8,4
2024-12-05,OKC,TOR,129,92,H,Bruno Fernando,4,7
2024-12-05,OKC,TOR,129,92,H,Jamison Battle,6,3
2024-12-05,OKC,TOR,129,92,H,Luguentz Dort,6,6
2024-12-05,OKC,TOR,129,92,H,Chris Boucher,10,6
2024-12-05,OKC,TOR,129,92,H,Ochai Agbaji,5,0
2024-12-05,OKC,TOR,129,92,H,Ja'Kobe Walter,6,6
2024-12-05,OKC,TOR,129,92,H,Branden Carlson,0,2
2024-12-05,OKC,TOR,129,92,H,Adam Flagler,0,1
2024-12-05,OKC,TOR,129,92,H,Davion Mitchell,0,3
2024-12-05,OKC,TOR,129,92,H,Garrett Temple,0,0
2024-12-05,OKC,TOR,129,92,H,Jamal Shead,0,1
2024-12-05,GSW,HOU,99,93,H,Jonathan Kuminga,33,7
2024-12-05,GSW,HOU,99,93,H,Andrew Wiggins,23,9
2024-12-05,GSW,HOU,99,93,H,Alperen Sengun,16,8
2024-12-05,GSW,HOU,99,93,H,Amen Thompson,14,8
2024-12-05,GSW,HOU,99,93,H,Steven Adams,6,6
2024-12-05,GSW,HOU,99,93,H,Jalen Green,14,4
2024-12-05,GSW,HOU,99,93,H,Fred VanVleet,13,4
2024-12-05,GSW,HOU,99,93,H,Dillon Brooks,15,3
2024-12-05,GSW,HOU,99,93,H,Kevon Looney,4,11
2024-12-05,GSW,HOU,99,93,H,Kyle Anderson,8,2
2024-12-05,GSW,HOU,99,93,H,Trayce Jackson-Davis,6,0
2024-12-05,GSW,HOU,99,93,H,Brandin Podziemski,8,11
2024-12-05,GSW,HOU,99,93,H,Reed Sheppard,7,3
2024-12-05,GSW,HOU,99,93,H,Gary Payton,6,6
2024-12-05,GSW,HOU,99,93,H,Aaron Holiday,3,2
2024-12-05,GSW,HOU,99,93,H,Jabari Smith,5,7
2024-12-05,GSW,HOU,99,93,H,Buddy Hield,5,5
2024-12-05,GSW,HOU,99,93,H,Moses Moody,6,1
2024-12-05,GSW,HOU,99,93,H,Pat Spencer,0,2
2024-12-05,NOP,PHO,126,124,H,Brandon Ingram,29,7
2024-12-05,NOP,PHO,126,124,H,CJ McCollum,25,3
2024-12-05,NOP,PHO,126,124,H,Grayson Allen,13,6
2024-12-05,NOP,PHO,126,124,H,Royce O'Neale,19,7
2024-12-05,NOP,PHO,126,124,H,Devin Booker,28,4
2024-12-05,NOP,PHO,126,124,H,Tyus Jones,13,5
2024-12-05,NOP,PHO,126,124,H,Bradley Beal,24,4
2024-12-05,NOP,PHO,126,124,H,Herbert Jones,12,7
2024-12-05,NOP,PHO,126,124,H,Dejounte Murray,17,5
2024-12-05,NOP,PHO,126,124,H,Trey Murphy,19,2
2024-12-05,NOP,PHO,126,124,H,Brandon Boston,11,2
2024-12-05,NOP,PHO,126,124,H,Mason Plumlee,4,10
2024-12-05,NOP,PHO,126,124,H,Yves Missi,9,12
2024-12-05,NOP,PHO,126,124,H,Josh Okogie,6,2
2024-12-05,NOP,PHO,126,124,H,Monte Morris,7,2
2024-12-05,NOP,PHO,126,124,H,Bol Bol,6,4
2024-12-05,NOP,PHO,126,124,H,Jeremiah Robinson-Earl,2,5
2024-12-05,NOP,PHO,126,124,H,Javonte Green,2,1
2024-12-05,NOP,PHO,126,124,H,Oso Ighodaro,4,2
2024-12-05,DAL,WAS,137,101,H,Kyrie Irving,25,4
2024-12-05,DAL,WAS,137,101,H,Luka Dončić,21,10
2024-12-05,DAL,WAS,137,101,H,Daniel Gafford,16,7
2024-12-05,DAL,WAS,137,101,H,Marvin Bagley,16,8
2024-12-05,DAL,WAS,137,101,H,Spencer Dinwiddie,12,4
2024-12-05,DAL,WAS,137,101,H,P.J. Washington,10,7
2024-12-05,DAL,WAS,137,101,H,Alex Sarr,11,8
2024-12-05,DAL,WAS,137,101,H,Jaden Hardy,13,1
2024-12-05,DAL,WAS,137,101,H,Malcolm Brogdon,16,5
2024-12-05,DAL,WAS,137,101,H,Dereck Lively,6,11
2024-12-05,DAL,WAS,137,101,H,Quentin Grimes,14,5
2024-12-05,DAL,WAS,137,101,H,Klay Thompson,11,2
2024-12-05,DAL,WAS,137,101,H,Jordan Poole,11,1
2024-12-05,DAL,WAS,137,101,H,Justin Champagnie,9,5
2024-12-05,DAL,WAS,137,101,H,Jonas Valančiūnas,9,5
2024-12-05,DAL,WAS,137,101,H,Carlton Carrington,15,2
2024-12-05,DAL,WAS,137,101,H,Dwight Powell,3,3
2024-12-05,DAL,WAS,137,101,H,Johnny Davis,2,1
2024-12-05,DAL,WAS,137,101,H,Anthony Gill,3,0
2024-12-05,DAL,WAS,137,101,H,Olivier-Maxence Prosper,3,3
2024-12-05,DAL,WAS,137,101,H,Jared Butler,5,0
2024-12-05,DAL,WAS,137,101,H,Maxi Kleber,0,0
2024-12-05,DAL,WAS,137,101,H,Markieff Morris,3,1
2024-12-05,DAL,WAS,137,101,H,Bilal Coulibaly,4,4
2024-12-05,MEM,SAC,115,110,H,Desmond Bane,18,8
2024-12-05,MEM,SAC,115,110,H,Santi Aldama,15,10
2024-12-05,MEM,SAC,115,110,H,Domantas Sabonis,17,13
2024-12-05,MEM,SAC,115,110,H,Malik Monk,23,1
2024-12-05,MEM,SAC,115,110,H,DeMar DeRozan,26,3
2024-12-05,MEM,SAC,115,110,H,Marcus Smart,18,4
2024-12-05,MEM,SAC,115,110,H,Jake LaRavia,12,8
2024-12-05,MEM,SAC,115,110,H,De'Aaron Fox,18,6
2024-12-05,MEM,SAC,115,110,H,Keegan Murray,11,11
2024-12-05,MEM,SAC,115,110,H,Jaren Jackson,15,2
2024-12-05,MEM,SAC,115,110,H,Jay Huff,11,4
2024-12-05,MEM,SAC,115,110,H,Isaac Jones,9,3
2024-12-05,MEM,SAC,115,110,H,Brandon Clarke,4,3
2024-12-05,MEM,SAC,115,110,H,Ja Morant,8,3
2024-12-05,MEM,SAC,115,110,H,Jaylen Wells,10,6
2024-12-05,MEM,SAC,115,110,H,Kevin Huerter,6,6
2024-12-05,MEM,SAC,115,110,H,Jordan McLaughlin,0,0
2024-12-05,MEM,SAC,115,110,H,Keon Ellis,0,0
2024-12-05,MEM,SAC,115,110,H,Scotty Pippen ,4,1
2024-12-05,MEM,SAC,115,110,H,Jae Crowder,0,3
2024-12-06,ATL,LAL,134,132,H,LeBron James,39,10
2024-12-06,ATL,LAL,134,132,H,Trae Young,31,4
2024-12-06,ATL,LAL,134,132,H,Anthony Davis,38,10
2024-12-06,ATL,LAL,134,132,H,De'Andre Hunter,26,3
2024-12-06,ATL,LAL,134,132,H,Rui Hachimura,12,9
2024-12-06,ATL,LAL,134,132,H,Dyson Daniels,11,4
2024-12-06,ATL,LAL,134,132,H,Bogdan Bogdanović,20,6
2024-12-06,ATL,LAL,134,132,H,Gabe Vincent,12,1
2024-12-06,ATL,LAL,134,132,H,Dalton Knecht,14,3
2024-12-06,ATL,LAL,134,132,H,Onyeka Okongwu,15,6
2024-12-06,ATL,LAL,134,132,H,Jalen Johnson,12,10
2024-12-06,ATL,LAL,134,132,H,Max Christie,9,2
2024-12-06,ATL,LAL,134,132,H,Clint Capela,4,4
2024-12-06,ATL,LAL,134,132,H,Zaccharie Risacher,11,4
2024-12-06,ATL,LAL,134,132,H,Vit Krejci,4,7
2024-12-06,ATL,LAL,134,132,H,D'Angelo Russell,8,3
2024-12-06,ATL,LAL,134,132,H,Cam Reddish,0,0
2024-12-06,ATL,LAL,134,132,H,Armel Traoré,0,2
2024-12-06,BOS,MIL,111,105,H,Jayson Tatum,34,10
2024-12-06,BOS,MIL,111,105,H,Damian Lillard,31,5
2024-12-06,BOS,MIL,111,105,H,Giannis Antetokounmpo,30,11
2024-12-06,BOS,MIL,111,105,H,Jrue Holiday,20,5
2024-12-06,BOS,MIL,111,105,H,Jaylen Brown,25,3
2024-12-06,BOS,MIL,111,105,H,Sam Hauser,16,3
2024-12-06,BOS,MIL,111,105,H,Khris Middleton,11,3
2024-12-06,BOS,MIL,111,105,H,Gary Trent,11,4
2024-12-06,BOS,MIL,111,105,H,Bobby Portis,9,18
2024-12-06,BOS,MIL,111,105,H,Derrick White,6,6
2024-12-06,BOS,MIL,111,105,H,Al Horford,8,9
2024-12-06,BOS,MIL,111,105,H,A.J. Green,6,2
2024-12-06,BOS,MIL,111,105,H,Neemias Queta,2,2
2024-12-06,BOS,MIL,111,105,H,Brook Lopez,5,5
2024-12-06,BOS,MIL,111,105,H,Taurean Prince,0,2
2024-12-06,BOS,MIL,111,105,H,Andre Jackson,2,1
2024-12-06,BOS,MIL,111,105,H,Payton Pritchard,0,3
2024-12-06,GSW,MIN,90,107,A,Anthony Edwards,30,4
2024-12-06,GSW,MIN,90,107,A,Stephen Curry,23,2
2024-12-06,GSW,MIN,90,107,A,Julius Randle,16,9
2024-12-06,GSW,MIN,90,107,A,Rudy Gobert,17,11
2024-12-06,GSW,MIN,90,107,A,Naz Reid,9,10
2024-12-06,GSW,MIN,90,107,A,Draymond Green,10,9
2024-12-06,GSW,MIN,90,107,A,Mike Conley,13,4
2024-12-06,GSW,MIN,90,107,A,Brandin Podziemski,8,6
2024-12-06,GSW,MIN,90,107,A,Jaden McDaniels,10,3
2024-12-06,GSW,MIN,90,107,A,Donte DiVincenzo,5,4
2024-12-06,GSW,MIN,90,107,A,Kevon Looney,2,5
2024-12-06,GSW,MIN,90,107,A,Andrew Wiggins,11,2
2024-12-06,GSW,MIN,90,107,A,Jonathan Kuminga,13,2
2024-12-06,GSW,MIN,90,107,A,Kyle Anderson,4,1
2024-12-06,GSW,MIN,90,107,A,Nickeil Alexander-Walker,5,2
2024-12-06,GSW,MIN,90,107,A,Trayce Jackson-Davis,3,4
2024-12-06,GSW,MIN,90,107,A,Luka Garza,2,1
2024-12-06,GSW,MIN,90,107,A,Moses Moody,3,1
2024-12-06,GSW,MIN,90,107,A,Gary Payton,1,6
2024-12-06,GSW,MIN,90,107,A,Pat Spencer,2,0
2024-12-06,GSW,MIN,90,107,A,Lindy Waters,6,0
2024-12-06,GSW,MIN,90,107,A,PJ Dozier,0,0
2024-12-06,GSW,MIN,90,107,A,Buddy Hield,4,3
2024-12-06,GSW,MIN,90,107,A,Josh Minott,0,0
2024-12-06,GSW,MIN,90,107,A,Terrence Shannon,0,0
2024-12-06,GSW,MIN,90,107,A,Daishen Nix,0,0
2024-12-06,SAC,SAS,140,113,H,Domantas Sabonis,22,16
2024-12-06,SAC,SAS,140,113,H,Julian Champagnie,30,3
2024-12-06,SAC,SAS,140,113,H,Malik Monk,22,9
2024-12-06,SAC,SAS,140,113,H,De'Aaron Fox,22,4
2024-12-06,SAC,SAS,140,113,H,Chris Paul,11,8
2024-12-06,SAC,SAS,140,113,H,DeMar DeRozan,23,3
2024-12-06,SAC,SAS,140,113,H,Kevin Huerter,16,3
2024-12-06,SAC,SAS,140,113,H,Keegan Murray,17,6
2024-12-06,SAC,SAS,140,113,H,Stephon Castle,15,3
2024-12-06,SAC,SAS,140,113,H,Keldon Johnson,14,5
2024-12-06,SAC,SAS,140,113,H,Jeremy Sochan,14,5
2024-12-06,SAC,SAS,140,113,H,Sandro Mamukelashvili,8,6
2024-12-06,SAC,SAS,140,113,H,Keon Ellis,3,1
2024-12-06,SAC,SAS,140,113,H,Orlando Robinson,5,1
2024-12-06,SAC,SAS,140,113,H,Charles Bassey,7,7
2024-12-06,SAC,SAS,140,113,H,Colby Jones,5,0
2024-12-06,SAC,SAS,140,113,H,Harrison Barnes,7,1
2024-12-06,SAC,SAS,140,113,H,Doug McDermott,3,0
2024-12-06,SAC,SAS,140,113,H,Jordan McLaughlin,0,1
2024-12-06,SAC,SAS,140,113,H,Alex Len,2,0
2024-12-06,SAC,SAS,140,113,H,Zach Collins,2,2
2024-12-06,SAC,SAS,140,113,H,Malaki Branham,5,0
2024-12-06,SAC,SAS,140,113,H,Blake Wesley,0,0
2024-12-06,SAC,SAS,140,113,H,Sidy Cissoko,0,2
2024-12-06,SAC,SAS,140,113,H,Isaac Jones,0,0
2024-12-06,CHI,IND,123,132,A,Tyrese Haliburton,23,4
2024-12-06,CHI,IND,123,132,A,Zach LaVine,32,3
2024-12-06,CHI,IND,123,132,A,Obi Toppin,17,7
2024-12-06,CHI,IND,123,132,A,Myles Turner,15,7
2024-12-06,CHI,IND,123,132,A,Ayo Dosunmu,15,2
2024-12-06,CHI,IND,123,132,A,Pascal Siakam,21,7
2024-12-06,CHI,IND,123,132,A,Coby White,19,4
2024-12-06,CHI,IND,123,132,A,T.J. McConnell,17,2
2024-12-06,CHI,IND,123,132,A,Nikola Vučević,13,9
2024-12-06,CHI,IND,123,132,A,Andrew Nembhard,8,6
2024-12-06,CHI,IND,123,132,A,Bennedict Mathurin,19,6
2024-12-06,CHI,IND,123,132,A,Lonzo Ball,9,2
2024-12-06,CHI,IND,123,132,A,Jalen Smith,10,7
2024-12-06,CHI,IND,123,132,A,Jarace Walker,7,5
2024-12-06,CHI,IND,123,132,A,Matas Buzelis,8,2
2024-12-06,CHI,IND,123,132,A,Josh Giddey,10,5
2024-12-06,CHI,IND,123,132,A,Johnny Furphy,5,2
2024-12-06,CHI,IND,123,132,A,Dalen Terry,3,2
2024-12-06,CHI,IND,123,132,A,Julian Phillips,2,1
2024-12-06,CHI,IND,123,132,A,Talen Horton-Tucker,2,1
2024-12-06,ORL,PHI,94,102,A,Franz Wagner,30,5
2024-12-06,ORL,PHI,94,102,A,KJ Martin,20,3
2024-12-06,ORL,PHI,94,102,A,Paul George,21,4
2024-12-06,ORL,PHI,94,102,A,Jalen Suggs,22,1
2024-12-06,ORL,PHI,94,102,A,Guerschon Yabusele,16,3
2024-12-06,ORL,PHI,94,102,A,Moritz Wagner,12,9
2024-12-06,ORL,PHI,94,102,A,Kelly Oubre,13,10
2024-12-06,ORL,PHI,94,102,A,Wendell Carter,8,9
2024-12-06,ORL,PHI,94,102,A,Tyrese Maxey,16,2
2024-12-06,ORL,PHI,94,102,A,Andre Drummond,7,11
2024-12-06,ORL,PHI,94,102,A,Goga Bitadze,9,4
2024-12-06,ORL,PHI,94,102,A,Cole Anthony,6,1
2024-12-06,ORL,PHI,94,102,A,Caleb Martin,2,2
2024-12-06,ORL,PHI,94,102,A,Jett Howard,5,1
2024-12-06,ORL,PHI,94,102,A,Kyle Lowry,0,0
2024-12-06,ORL,PHI,94,102,A,Kentavious Caldwell-Pope,2,3
2024-12-06,ORL,PHI,94,102,A,Jared McCain,7,2
2024-12-06,ORL,PHI,94,102,A,Caleb Houstan,0,0
2024-12-06,ORL,PHI,94,102,A,Tristan Da Silva,0,3
2024-12-06,ORL,PHI,94,102,A,Anthony Black,0,2
2024-12-06,POR,UTA,99,141,A,Walker Kessler,13,17
2024-12-06,POR,UTA,99,141,A,John Collins,20,3
2024-12-06,POR,UTA,99,141,A,Drew Eubanks,12,9
2024-12-06,POR,UTA,99,141,A,Jerami Grant,19,3
2024-12-06,POR,UTA,99,141,A,Johnny Juzang,22,2
2024-12-06,POR,UTA,99,141,A,Collin Sexton,16,2
2024-12-06,POR,UTA,99,141,A,Keyonte George,17,5
2024-12-06,POR,UTA,99,141,A,Svi Mykhailiuk,13,8
2024-12-06,POR,UTA,99,141,A,Kris Murray,14,2
2024-12-06,POR,UTA,99,141,A,Dalano Banton,19,3
2024-12-06,POR,UTA,99,141,A,Brice Sensabaugh,11,1
2024-12-06,POR,UTA,99,141,A,Isaiah Collier,12,4
2024-12-06,POR,UTA,99,141,A,Anfernee Simons,14,5
2024-12-06,POR,UTA,99,141,A,Duop Reath,8,5
2024-12-06,POR,UTA,99,141,A,Micah Potter,5,10
2024-12-06,POR,UTA,99,141,A,Shaedon Sharpe,10,2
2024-12-06,POR,UTA,99,141,A,Deandre Ayton,6,4
2024-12-06,POR,UTA,99,141,A,Deni Avdija,6,5
2024-12-06,POR,UTA,99,141,A,Rayan Rupert,2,2
2024-12-06,POR,UTA,99,141,A,Jabari Walker,1,3
2024-12-06,POR,UTA,99,141,A,Toumani Camara,0,0
2024-12-07,DEN,WAS,113,122,A,Nikola Jokić,56,16
2024-12-07,DEN,WAS,113,122,A,Jordan Poole,39,5
2024-12-07,DEN,WAS,113,122,A,Justin Champagnie,23,8
2024-12-07,DEN,WAS,113,122,A,Jonas Valančiūnas,20,12
2024-12-07,DEN,WAS,113,122,A,Julian Strawther,18,3
2024-12-07,DEN,WAS,113,122,A,Russell Westbrook,7,10
2024-12-07,DEN,WAS,113,122,A,Bilal Coulibaly,6,6
2024-12-07,DEN,WAS,113,122,A,Jared Butler,12,2
2024-12-07,DEN,WAS,113,122,A,Johnny Davis,7,3
2024-12-07,DEN,WAS,113,122,A,Michael Porter,11,5
2024-12-07,DEN,WAS,113,122,A,Carlton Carrington,10,4
2024-12-07,DEN,WAS,113,122,A,Christian Braun,14,2
2024-12-07,DEN,WAS,113,122,A,Anthony Gill,5,4
2024-12-07,DEN,WAS,113,122,A,Peyton Watson,4,2
2024-12-07,DEN,WAS,113,122,A,Hunter Tyson,2,4
2024-12-07,DEN,WAS,113,122,A,Jalen Pickett,0,3
2024-12-07,DEN,WAS,113,122,A,Marvin Bagley,0,2
2024-12-07,DEN,WAS,113,122,A,DeAndre Jordan,1,3
2024-12-07,CHO,CLE,102,116,A,Evan Mobley,41,10
2024-12-07,CHO,CLE,102,116,A,Donovan Mitchell,18,8
2024-12-07,CHO,CLE,102,116,A,Jarrett Allen,11,10
2024-12-07,CHO,CLE,102,116,A,Josh Green,16,2
2024-12-07,CHO,CLE,102,116,A,DaQuan Jeffries,17,6
2024-12-07,CHO,CLE,102,116,A,Mark Williams,12,5
2024-12-07,CHO,CLE,102,116,A,Brandon Miller,25,4
2024-12-07,CHO,CLE,102,116,A,Vasilije Micić,13,5
2024-12-07,CHO,CLE,102,116,A,Darius Garland,18,2
2024-12-07,CHO,CLE,102,116,A,Dean Wade,7,4
2024-12-07,CHO,CLE,102,116,A,Caris LeVert,7,3
2024-12-07,CHO,CLE,102,116,A,Isaiah Wong,9,2
2024-12-07,CHO,CLE,102,116,A,Georges Niang,3,6
2024-12-07,CHO,CLE,102,116,A,Ty Jerome,5,3
2024-12-07,CHO,CLE,102,116,A,Cody Martin,4,9
2024-12-07,CHO,CLE,102,116,A,Sam Merrill,6,1
2024-12-07,CHO,CLE,102,116,A,Taj Gibson,0,1
2024-12-07,CHO,CLE,102,116,A,Nick Smith,4,0
2024-12-07,CHO,CLE,102,116,A,Seth Curry,0,2
2024-12-07,CHO,CLE,102,116,A,KJ Simpson,2,1
2024-12-07,CHO,CLE,102,116,A,Jaylon Tyson,0,0
2024-12-07,DET,NYK,120,111,H,Cade Cunningham,29,10
2024-12-07,DET,NYK,120,111,H,Jalen Brunson,31,4
2024-12-07,DET,NYK,120,111,H,Malik Beasley,23,4
2024-12-07,DET,NYK,120,111,H,Mikal Bridges,20,3
2024-12-07,DET,NYK,120,111,H,Josh Hart,17,6
2024-12-07,DET,NYK,120,111,H,OG Anunoby,17,4
2024-12-07,DET,NYK,120,111,H,Tobias Harris,13,9
2024-12-07,DET,NYK,120,111,H,Precious Achiuwa,6,10
2024-12-07,DET,NYK,120,111,H,Jalen Duren,12,3
2024-12-07,DET,NYK,120,111,H,Ariel Hukporti,9,2
2024-12-07,DET,NYK,120,111,H,Isaiah Stewart,6,5
2024-12-07,DET,NYK,120,111,H,Tim Hardaway,11,3
2024-12-07,DET,NYK,120,111,H,Simone Fontecchio,6,2
2024-12-07,DET,NYK,120,111,H,Jaden Ivey,16,4
2024-12-07,DET,NYK,120,111,H,Miles McBride,8,2
2024-12-07,DET,NYK,120,111,H,Tyler Kolek,3,0
2024-12-07,DET,NYK,120,111,H,Ron Holland,4,3
2024-12-07,DET,NYK,120,111,H,Jericho Sims,0,0
2024-12-07,DAL,TOR,125,118,H,Luka Dončić,30,13
2024-12-07,DAL,TOR,125,118,H,Kyrie Irving,29,6
2024-12-07,DAL,TOR,125,118,H,Scottie Barnes,19,8
2024-12-07,DAL,TOR,125,118,H,Jakob Poeltl,20,7
2024-12-07,DAL,TOR,125,118,H,Gradey Dick,27,4
2024-12-07,DAL,TOR,125,118,H,Kelly Olynyk,13,4
2024-12-07,DAL,TOR,125,118,H,RJ Barrett,18,4
2024-12-07,DAL,TOR,125,118,H,Klay Thompson,20,5
2024-12-07,DAL,TOR,125,118,H,Jonathan Mogbo,8,7
2024-12-07,DAL,TOR,125,118,H,Daniel Gafford,10,6
2024-12-07,DAL,TOR,125,118,H,Dereck Lively,7,6
2024-12-07,DAL,TOR,125,118,H,Olivier-Maxence Prosper,5,6
2024-12-07,DAL,TOR,125,118,H,P.J. Washington,13,5
2024-12-07,DAL,TOR,125,118,H,Spencer Dinwiddie,11,2
2024-12-07,DAL,TOR,125,118,H,Ja'Kobe Walter,8,0
2024-12-07,DAL,TOR,125,118,H,Davion Mitchell,1,3
2024-12-07,DAL,TOR,125,118,H,Dwight Powell,0,1
2024-12-07,DAL,TOR,125,118,H,Jamison Battle,0,0
2024-12-07,DAL,TOR,125,118,H,Ochai Agbaji,4,2
2024-12-07,DAL,TOR,125,118,H,Quentin Grimes,0,2
2024-12-07,BOS,MEM,121,127,A,Ja Morant,32,9
2024-12-07,BOS,MEM,121,127,A,Jaren Jackson,27,9
2024-12-07,BOS,MEM,121,127,A,Brandon Clarke,18,8
2024-12-07,BOS,MEM,121,127,A,Payton Pritchard,22,6
2024-12-07,BOS,MEM,121,127,A,Jaylen Brown,22,3
2024-12-07,BOS,MEM,121,127,A,Kristaps Porziņģis,19,8
2024-12-07,BOS,MEM,121,127,A,Jayson Tatum,17,13
2024-12-07,BOS,MEM,121,127,A,Jrue Holiday,23,4
2024-12-07,BOS,MEM,121,127,A,Jay Huff,10,9
2024-12-07,BOS,MEM,121,127,A,Derrick White,10,6
2024-12-07,BOS,MEM,121,127,A,Desmond Bane,14,2
2024-12-07,BOS,MEM,121,127,A,Santi Aldama,9,6
2024-12-07,BOS,MEM,121,127,A,Neemias Queta,5,7
2024-12-07,BOS,MEM,121,127,A,Jake LaRavia,5,4
2024-12-07,BOS,MEM,121,127,A,Jaylen Wells,7,1
2024-12-07,BOS,MEM,121,127,A,Luke Kornet,3,3
2024-12-07,BOS,MEM,121,127,A,Scotty Pippen ,2,2
2024-12-07,BOS,MEM,121,127,A,Sam Hauser,0,1
2024-12-07,BOS,MEM,121,127,A,Marcus Smart,3,2
2024-12-07,MIA,PHO,121,111,H,Jimmy Butler,24,7
2024-12-07,MIA,PHO,121,111,H,Bam Adebayo,25,12
2024-12-07,MIA,PHO,121,111,H,Royce O'Neale,23,8
2024-12-07,MIA,PHO,121,111,H,Tyler Herro,17,8
2024-12-07,MIA,PHO,121,111,H,Duncan Robinson,19,2
2024-12-07,MIA,PHO,121,111,H,Grayson Allen,16,2
2024-12-07,MIA,PHO,121,111,H,Tyus Jones,13,1
2024-12-07,MIA,PHO,121,111,H,Haywood Highsmith,14,3
2024-12-07,MIA,PHO,121,111,H,Devin Booker,21,4
2024-12-07,MIA,PHO,121,111,H,Monte Morris,12,4
2024-12-07,MIA,PHO,121,111,H,Josh Okogie,7,0
2024-12-07,MIA,PHO,121,111,H,Kevin Love,11,4
2024-12-07,MIA,PHO,121,111,H,Dru Smith,7,4
2024-12-07,MIA,PHO,121,111,H,Bradley Beal,15,5
2024-12-07,MIA,PHO,121,111,H,Mason Plumlee,2,11
2024-12-07,MIA,PHO,121,111,H,Oso Ighodaro,2,6
2024-12-07,MIA,PHO,121,111,H,Terry Rozier,0,1
2024-12-07,MIA,PHO,121,111,H,Jaime Jaquez,4,0
2024-12-07,NOP,OKC,109,119,A,Dejounte Murray,26,9
2024-12-07,NOP,OKC,109,119,A,Jalen Williams,27,6
2024-12-07,NOP,OKC,109,119,A,Shai Gilgeous-Alexander,31,2
2024-12-07,NOP,OKC,109,119,A,Herbert Jones,24,4
2024-12-07,NOP,OKC,109,119,A,Trey Murphy,16,3
2024-12-07,NOP,OKC,109,119,A,Isaiah Hartenstein,12,12
2024-12-07,NOP,OKC,109,119,A,Alex Caruso,14,2
2024-12-07,NOP,OKC,109,119,A,Luguentz Dort,14,5
2024-12-07,NOP,OKC,109,119,A,Yves Missi,8,7
2024-12-07,NOP,OKC,109,119,A,Ajay Mitchell,10,3
2024-12-07,NOP,OKC,109,119,A,CJ McCollum,11,5
2024-12-07,NOP,OKC,109,119,A,Jeremiah Robinson-Earl,6,3
2024-12-07,NOP,OKC,109,119,A,Brandon Boston,11,2
2024-12-07,NOP,OKC,109,119,A,Cason Wallace,5,7
2024-12-07,NOP,OKC,109,119,A,Brandon Ingram,5,1
2024-12-07,NOP,OKC,109,119,A,Kenrich Williams,4,2
2024-12-07,NOP,OKC,109,119,A,Aaron Wiggins,2,3
2024-12-07,NOP,OKC,109,119,A,Javonte Green,2,1
2024-12-07,NOP,OKC,109,119,A,Isaiah Joe,0,3
2024-12-08,ATL,DEN,111,141,A,Nikola Jokić,48,14
2024-12-08,ATL,DEN,111,141,A,Michael Porter,26,7
2024-12-08,ATL,DEN,111,141,A,Christian Braun,17,8
2024-12-08,ATL,DEN,111,141,A,Dyson Daniels,18,4
2024-12-08,ATL,DEN,111,141,A,Larry Nance,16,4
2024-12-08,ATL,DEN,111,141,A,Trae Young,15,4
2024-12-08,ATL,DEN,111,141,A,Onyeka Okongwu,14,9
2024-12-08,ATL,DEN,111,141,A,Russell Westbrook,9,1
2024-12-08,ATL,DEN,111,141,A,De'Andre Hunter,20,3
2024-12-08,ATL,DEN,111,141,A,Clint Capela,9,10
2024-12-08,ATL,DEN,111,141,A,Julian Strawther,13,2
2024-12-08,ATL,DEN,111,141,A,Jalen Pickett,5,2
2024-12-08,ATL,DEN,111,141,A,DeAndre Jordan,4,4
2024-12-08,ATL,DEN,111,141,A,Hunter Tyson,5,1
2024-12-08,ATL,DEN,111,141,A,Aaron Gordon,6,2
2024-12-08,ATL,DEN,111,141,A,Zaccharie Risacher,10,4
2024-12-08,ATL,DEN,111,141,A,Peyton Watson,2,1
2024-12-08,ATL,DEN,111,141,A,Kobe Bufkin,4,2
2024-12-08,ATL,DEN,111,141,A,PJ Hall,2,1
2024-12-08,ATL,DEN,111,141,A,Trey Alexander,2,0
2024-12-08,ATL,DEN,111,141,A,Zeke Nnaji,2,0
2024-12-08,ATL,DEN,111,141,A,David Roddy,0,1
2024-12-08,ATL,DEN,111,141,A,Vit Krejci,3,2
2024-12-08,ATL,DEN,111,141,A,Garrison Mathews,2,2
2024-12-08,BRK,MIL,113,118,A,Dennis Schröder,34,3
2024-12-08,BRK,MIL,113,118,A,Giannis Antetokounmpo,34,11
2024-12-08,BRK,MIL,113,118,A,Nic Claxton,21,10
2024-12-08,BRK,MIL,113,118,A,Bobby Portis,23,5
2024-12-08,BRK,MIL,113,118,A,Cameron Johnson,26,3
2024-12-08,BRK,MIL,113,118,A,Gary Trent,20,0
2024-12-08,BRK,MIL,113,118,A,Damian Lillard,15,6
2024-12-08,BRK,MIL,113,118,A,Khris Middleton,11,2
2024-12-08,BRK,MIL,113,118,A,Andre Jackson,6,0
2024-12-08,BRK,MIL,113,118,A,Dorian Finney-Smith,9,4
2024-12-08,BRK,MIL,113,118,A,A.J. Green,6,1
2024-12-08,BRK,MIL,113,118,A,Day'Ron Sharpe,4,1
2024-12-08,BRK,MIL,113,118,A,Trendon Watford,4,3
2024-12-08,BRK,MIL,113,118,A,Shake Milton,6,1
2024-12-08,BRK,MIL,113,118,A,Keon Johnson,6,0
2024-12-08,BRK,MIL,113,118,A,Jalen Wilson,3,2
2024-12-08,BRK,MIL,113,118,A,Ben Simmons,0,3
2024-12-08,BRK,MIL,113,118,A,Taurean Prince,0,3
2024-12-08,BRK,MIL,113,118,A,Brook Lopez,3,3
2024-12-08,CHO,IND,113,109,H,T.J. McConnell,30,1
2024-12-08,CHO,IND,113,109,H,Brandon Miller,26,6
2024-12-08,CHO,IND,113,109,H,Vasilije Micić,18,2
2024-12-08,CHO,IND,113,109,H,Cody Martin,14,6
2024-12-08,CHO,IND,113,109,H,Jarace Walker,15,3
2024-12-08,CHO,IND,113,109,H,DaQuan Jeffries,8,4
2024-12-08,CHO,IND,113,109,H,Tyrese Haliburton,9,2
2024-12-08,CHO,IND,113,109,H,Andrew Nembhard,10,4
2024-12-08,CHO,IND,113,109,H,Pascal Siakam,9,11
2024-12-08,CHO,IND,113,109,H,Isaiah Wong,9,3
2024-12-08,CHO,IND,113,109,H,Josh Green,10,4
2024-12-08,CHO,IND,113,109,H,Obi Toppin,11,3
2024-12-08,CHO,IND,113,109,H,Taj Gibson,6,4
2024-12-08,CHO,IND,113,109,H,Seth Curry,9,0
2024-12-08,CHO,IND,113,109,H,Nick Richards,9,14
2024-12-08,CHO,IND,113,109,H,Bennedict Mathurin,11,3
2024-12-08,CHO,IND,113,109,H,KJ Simpson,4,0
2024-12-08,CHO,IND,113,109,H,Johnny Furphy,2,0
2024-12-08,CHO,IND,113,109,H,Enrique Freeman,2,1
2024-12-08,CHO,IND,113,109,H,Myles Turner,10,1
2024-12-08,CHO,IND,113,109,H,Nick Smith,0,2
2024-12-08,CLE,MIA,113,122,A,Tyler Herro,34,6
2024-12-08,CLE,MIA,113,122,A,Duncan Robinson,23,3
2024-12-08,CLE,MIA,113,122,A,Jimmy Butler,18,3
2024-12-08,CLE,MIA,113,122,A,Bam Adebayo,16,13
2024-12-08,CLE,MIA,113,122,A,Darius Garland,23,5
2024-12-08,CLE,MIA,113,122,A,Georges Niang,15,6
2024-12-08,CLE,MIA,113,122,A,Ty Jerome,14,4
2024-12-08,CLE,MIA,113,122,A,Terry Rozier,14,9
2024-12-08,CLE,MIA,113,122,A,Caris LeVert,13,2
2024-12-08,CLE,MIA,113,122,A,Dean Wade,11,8
2024-12-08,CLE,MIA,113,122,A,Dru Smith,11,4
2024-12-08,CLE,MIA,113,122,A,Sam Merrill,10,0
2024-12-08,CLE,MIA,113,122,A,Donovan Mitchell,12,1
2024-12-08,CLE,MIA,113,122,A,JT Thor,5,0
2024-12-08,CLE,MIA,113,122,A,Jarrett Allen,6,7
2024-12-08,CLE,MIA,113,122,A,Thomas Bryant,2,1
2024-12-08,CLE,MIA,113,122,A,Evan Mobley,4,3
2024-12-08,CLE,MIA,113,122,A,Jaime Jaquez,4,3
2024-12-08,CLE,MIA,113,122,A,Luke Travers,0,0
2024-12-08,CLE,MIA,113,122,A,Jaylon Tyson,0,0
2024-12-08,CLE,MIA,113,122,A,Kevin Love,0,0
2024-12-08,CLE,MIA,113,122,A,Haywood Highsmith,0,5
2024-12-08,LAL,POR,107,98,H,Anthony Davis,30,11
2024-12-08,LAL,POR,107,98,H,D'Angelo Russell,28,5
2024-12-08,LAL,POR,107,98,H,Rui Hachimura,23,5
2024-12-08,LAL,POR,107,98,H,Deandre Ayton,14,19
2024-12-08,LAL,POR,107,98,H,Shaedon Sharpe,19,6
2024-12-08,LAL,POR,107,98,H,Deni Avdija,13,4
2024-12-08,LAL,POR,107,98,H,Cam Reddish,6,0
2024-12-08,LAL,POR,107,98,H,Scoot Henderson,13,2
2024-12-08,LAL,POR,107,98,H,Anfernee Simons,14,1
2024-12-08,LAL,POR,107,98,H,Dalano Banton,6,1
2024-12-08,LAL,POR,107,98,H,Toumani Camara,8,6
2024-12-08,LAL,POR,107,98,H,Christian Koloko,2,6
2024-12-08,LAL,POR,107,98,H,Rayan Rupert,2,1
2024-12-08,LAL,POR,107,98,H,Jabari Walker,4,3
2024-12-08,LAL,POR,107,98,H,Dalton Knecht,6,8
2024-12-08,LAL,POR,107,98,H,Max Christie,4,4
2024-12-08,LAL,POR,107,98,H,Bryce McGowens,2,0
2024-12-08,LAL,POR,107,98,H,Kris Murray,0,2
2024-12-08,LAL,POR,107,98,H,Armel Traoré,2,0
2024-12-08,LAL,POR,107,98,H,Gabe Vincent,3,1
2024-12-08,LAL,POR,107,98,H,Quincy Olivari,3,0
2024-12-08,LAL,POR,107,98,H,Bronny James,0,0
2024-12-08,LAL,POR,107,98,H,Maxwell Lewis,0,0
2024-12-08,LAL,POR,107,98,H,Jerami Grant,3,4
2024-12-08,SAC,UTA,141,97,H,Kevin Huerter,26,5
2024-12-08,SAC,UTA,141,97,H,Keyonte George,25,5
2024-12-08,SAC,UTA,141,97,H,Domantas Sabonis,19,12
2024-12-08,SAC,UTA,141,97,H,De'Aaron Fox,21,4
2024-12-08,SAC,UTA,141,97,H,John Collins,19,7
2024-12-08,SAC,UTA,141,97,H,DeMar DeRozan,18,1
2024-12-08,SAC,UTA,141,97,H,Doug McDermott,18,0
2024-12-08,SAC,UTA,141,97,H,Walker Kessler,8,14
2024-12-08,SAC,UTA,141,97,H,Malik Monk,16,2
2024-12-08,SAC,UTA,141,97,H,Keon Ellis,5,3
2024-12-08,SAC,UTA,141,97,H,Collin Sexton,15,2
2024-12-08,SAC,UTA,141,97,H,Brice Sensabaugh,9,1
2024-12-08,SAC,UTA,141,97,H,Keegan Murray,7,4
2024-12-08,SAC,UTA,141,97,H,Drew Eubanks,5,1
2024-12-08,SAC,UTA,141,97,H,Jordan McLaughlin,6,1
2024-12-08,SAC,UTA,141,97,H,Colby Jones,3,5
2024-12-08,SAC,UTA,141,97,H,Alex Len,0,1
2024-12-08,SAC,UTA,141,97,H,Orlando Robinson,2,4
2024-12-08,SAC,UTA,141,97,H,Lauri Markkanen,8,2
2024-12-08,SAC,UTA,141,97,H,Isiah Crawford,0,1
2024-12-08,SAC,UTA,141,97,H,Kyle Filipowski,3,1
2024-12-08,SAC,UTA,141,97,H,Johnny Juzang,5,1
2024-12-08,SAC,UTA,141,97,H,Micah Potter,0,2
2024-12-08,SAC,UTA,141,97,H,Svi Mykhailiuk,0,1
2024-12-08,SAC,UTA,141,97,H,Isaiah Collier,0,1
2024-12-08,GSW,MIN,114,106,H,Stephen Curry,30,4
2024-12-08,GSW,MIN,114,106,H,Buddy Hield,27,4
2024-12-08,GSW,MIN,114,106,H,Anthony Edwards,27,5
2024-12-08,GSW,MIN,114,106,H,Nickeil Alexander-Walker,19,1
2024-12-08,GSW,MIN,114,106,H,Jonathan Kuminga,20,7
2024-12-08,GSW,MIN,114,106,H,Kevon Looney,12,9
2024-12-08,GSW,MIN,114,106,H,Julius Randle,14,11
2024-12-08,GSW,MIN,114,106,H,Mike Conley,12,2
2024-12-08,GSW,MIN,114,106,H,Gary Payton,8,5
2024-12-08,GSW,MIN,114,106,H,Jaden McDaniels,9,4
2024-12-08,GSW,MIN,114,106,H,Naz Reid,10,6
2024-12-08,GSW,MIN,114,106,H,Brandin Podziemski,6,3
2024-12-08,GSW,MIN,114,106,H,Draymond Green,6,6
2024-12-08,GSW,MIN,114,106,H,Rudy Gobert,4,9
2024-12-08,GSW,MIN,114,106,H,Donte DiVincenzo,8,1
2024-12-08,GSW,MIN,114,106,H,Josh Minott,3,0
2024-12-08,GSW,MIN,114,106,H,Kyle Anderson,3,2
2024-12-08,GSW,MIN,114,106,H,Moses Moody,2,1
2024-12-08,GSW,MIN,114,106,H,Lindy Waters,0,4
2024-12-08,CHI,PHI,100,108,A,Tyrese Maxey,25,11
2024-12-08,CHI,PHI,100,108,A,Joel Embiid,31,12
2024-12-08,CHI,PHI,100,108,A,Zach LaVine,30,4
2024-12-08,CHI,PHI,100,108,A,Kelly Oubre,12,10
2024-12-08,CHI,PHI,100,108,A,Nikola Vučević,13,8
2024-12-08,CHI,PHI,100,108,A,Josh Giddey,9,7
2024-12-08,CHI,PHI,100,108,A,Jared McCain,11,0
2024-12-08,CHI,PHI,100,108,A,Jalen Smith,11,4
2024-12-08,CHI,PHI,100,108,A,Paul George,12,7
2024-12-08,CHI,PHI,100,108,A,Ayo Dosunmu,10,3
2024-12-08,CHI,PHI,100,108,A,Coby White,13,4
2024-12-08,CHI,PHI,100,108,A,KJ Martin,6,3
2024-12-08,CHI,PHI,100,108,A,Andre Drummond,4,7
2024-12-08,CHI,PHI,100,108,A,Guerschon Yabusele,4,3
2024-12-08,CHI,PHI,100,108,A,Matas Buzelis,5,3
2024-12-08,CHI,PHI,100,108,A,Talen Horton-Tucker,3,0
2024-12-08,CHI,PHI,100,108,A,Lonzo Ball,3,2
2024-12-08,CHI,PHI,100,108,A,Dalen Terry,0,0
2024-12-08,CHI,PHI,100,108,A,Julian Phillips,3,0
2024-12-08,CHI,PHI,100,108,A,Kyle Lowry,3,1
2024-12-08,CHI,PHI,100,108,A,Caleb Martin,0,2
2024-12-08,ORL,PHO,115,110,H,Goga Bitadze,21,16
2024-12-08,ORL,PHO,115,110,H,Devin Booker,25,4
2024-12-08,ORL,PHO,115,110,H,Tyus Jones,21,1
2024-12-08,ORL,PHO,115,110,H,Jalen Suggs,26,4
2024-12-08,ORL,PHO,115,110,H,Grayson Allen,13,4
2024-12-08,ORL,PHO,115,110,H,Royce O'Neale,16,7
2024-12-08,ORL,PHO,115,110,H,Moritz Wagner,10,6
2024-12-08,ORL,PHO,115,110,H,Bradley Beal,18,4
2024-12-08,ORL,PHO,115,110,H,Cole Anthony,14,2
2024-12-08,ORL,PHO,115,110,H,Caleb Houstan,8,2
2024-12-08,ORL,PHO,115,110,H,Kentavious Caldwell-Pope,8,0
2024-12-08,ORL,PHO,115,110,H,Mason Plumlee,7,6
2024-12-08,ORL,PHO,115,110,H,Jett Howard,6,1
2024-12-08,ORL,PHO,115,110,H,Oso Ighodaro,4,5
2024-12-08,ORL,PHO,115,110,H,Wendell Carter,6,5
2024-12-08,ORL,PHO,115,110,H,Anthony Black,8,3
2024-12-08,ORL,PHO,115,110,H,Tristan Da Silva,8,5
2024-12-08,ORL,PHO,115,110,H,Bol Bol,2,2
2024-12-08,ORL,PHO,115,110,H,Josh Okogie,0,5
2024-12-08,ORL,PHO,115,110,H,Monte Morris,4,1
2024-12-08,NOP,SAS,116,121,A,Trey Murphy,25,6
2024-12-08,NOP,SAS,116,121,A,Victor Wembanyama,25,10
2024-12-08,NOP,SAS,116,121,A,Yves Missi,18,14
2024-12-08,NOP,SAS,116,121,A,Harrison Barnes,16,1
2024-12-08,NOP,SAS,116,121,A,Charles Bassey,16,12
2024-12-08,NOP,SAS,116,121,A,Stephon Castle,22,5
2024-12-08,NOP,SAS,116,121,A,Dejounte Murray,18,6
2024-12-08,NOP,SAS,116,121,A,Brandon Boston,17,3
2024-12-08,NOP,SAS,116,121,A,CJ McCollum,19,4
2024-12-08,NOP,SAS,116,121,A,Chris Paul,6,7
2024-12-08,NOP,SAS,116,121,A,Herbert Jones,12,3
2024-12-08,NOP,SAS,116,121,A,Keldon Johnson,8,2
2024-12-08,NOP,SAS,116,121,A,Jeremy Sochan,7,5
2024-12-08,NOP,SAS,116,121,A,Julian Champagnie,12,6
2024-12-08,NOP,SAS,116,121,A,Jeremiah Robinson-Earl,5,5
2024-12-08,NOP,SAS,116,121,A,Devin Vassell,7,4
2024-12-08,NOP,SAS,116,121,A,Jamal Cain,2,1
2024-12-08,NOP,SAS,116,121,A,Zach Collins,2,3
2024-12-08,NOP,SAS,116,121,A,Antonio Reeves,0,0
2024-12-08,NOP,SAS,116,121,A,Trey Jemison,0,1
2024-12-08,MEM,WAS,140,112,H,Santi Aldama,19,7
2024-12-08,MEM,WAS,140,112,H,Marvin Bagley,20,7
2024-12-08,MEM,WAS,140,112,H,Jonas Valančiūnas,20,14
2024-12-08,MEM,WAS,140,112,H,Jaren Jackson,21,4
2024-12-08,MEM,WAS,140,112,H,Scotty Pippen ,14,3
2024-12-08,MEM,WAS,140,112,H,Cam Spencer,14,4
2024-12-08,MEM,WAS,140,112,H,Justin Champagnie,14,8
2024-12-08,MEM,WAS,140,112,H,John Konchar,7,8
2024-12-08,MEM,WAS,140,112,H,Brandon Clarke,12,7
2024-12-08,MEM,WAS,140,112,H,Bilal Coulibaly,17,5
2024-12-08,MEM,WAS,140,112,H,Jay Huff,17,3
2024-12-08,MEM,WAS,140,112,H,Jared Butler,14,5
2024-12-08,MEM,WAS,140,112,H,Marcus Smart,13,3
2024-12-08,MEM,WAS,140,112,H,Jake LaRavia,9,3
2024-12-08,MEM,WAS,140,112,H,Johnny Davis,9,3
2024-12-08,MEM,WAS,140,112,H,Colin Castleton,6,2
2024-12-08,MEM,WAS,140,112,H,Jordan Poole,9,1
2024-12-08,MEM,WAS,140,112,H,Yuki Kawamura,4,0
2024-12-08,MEM,WAS,140,112,H,Jaylen Wells,4,2
2024-12-08,MEM,WAS,140,112,H,Carlton Carrington,7,5
2024-12-08,MEM,WAS,140,112,H,Anthony Gill,2,4
2024-12-08,HOU,LAC,117,106,H,Jalen Green,31,4
2024-12-08,HOU,LAC,117,106,H,Amen Thompson,22,8
2024-12-08,HOU,LAC,117,106,H,Ivica Zubac,21,12
2024-12-08,HOU,LAC,117,106,H,Bones Hyland,22,3
2024-12-08,HOU,LAC,117,106,H,Dillon Brooks,19,7
2024-12-08,HOU,LAC,117,106,H,Kevin Porter,19,2
2024-12-08,HOU,LAC,117,106,H,Jabari Smith,13,12
2024-12-08,HOU,LAC,117,106,H,Norman Powell,17,4
2024-12-08,HOU,LAC,117,106,H,Alperen Sengun,11,10
2024-12-08,HOU,LAC,117,106,H,Jordan Miller,12,6
2024-12-08,HOU,LAC,117,106,H,Aaron Holiday,11,1
2024-12-08,HOU,LAC,117,106,H,Kris Dunn,9,1
2024-12-08,HOU,LAC,117,106,H,Jae'Sean Tate,6,4
2024-12-08,HOU,LAC,117,106,H,Steven Adams,4,4
2024-12-08,HOU,LAC,117,106,H,Kai Jones,4,1
2024-12-08,HOU,LAC,117,106,H,Derrick Jones,2,0
2024-12-08,HOU,LAC,117,106,H,Nicolas Batum,0,4
2024-12-08,HOU,LAC,117,106,H,Reed Sheppard,0,0
2024-12-09,NYK,TOR,113,108,H,Karl-Anthony Towns,24,15
2024-12-09,NYK,TOR,113,108,H,RJ Barrett,30,8
2024-12-09,NYK,TOR,113,108,H,Mikal Bridges,23,3
2024-12-09,NYK,TOR,113,108,H,Jalen Brunson,20,4
2024-12-09,NYK,TOR,113,108,H,Jakob Poeltl,10,12
2024-12-09,NYK,TOR,113,108,H,Ja'Kobe Walter,19,1
2024-12-09,NYK,TOR,113,108,H,OG Anunoby,14,4
2024-12-09,NYK,TOR,113,108,H,Scottie Barnes,15,5
2024-12-09,NYK,TOR,113,108,H,Miles McBride,8,3
2024-12-09,NYK,TOR,113,108,H,Josh Hart,10,4
2024-12-09,NYK,TOR,113,108,H,Davion Mitchell,8,3
2024-12-09,NYK,TOR,113,108,H,Precious Achiuwa,7,6
2024-12-09,NYK,TOR,113,108,H,Ochai Agbaji,7,5
2024-12-09,NYK,TOR,113,108,H,Jonathan Mogbo,6,7
2024-12-09,NYK,TOR,113,108,H,Cameron Payne,7,1
2024-12-09,NYK,TOR,113,108,H,Kelly Olynyk,6,4
2024-12-09,NYK,TOR,113,108,H,Gradey Dick,7,6
2024-12-10,DAL,OKC,104,118,A,Shai Gilgeous-Alexander,39,8
2024-12-10,DAL,OKC,104,118,A,Naji Marshall,19,4
2024-12-10,DAL,OKC,104,118,A,Cason Wallace,11,8
2024-12-10,DAL,OKC,104,118,A,Kyrie Irving,17,2
2024-12-10,DAL,OKC,104,118,A,Klay Thompson,19,4
2024-12-10,DAL,OKC,104,118,A,Kenrich Williams,9,2
2024-12-10,DAL,OKC,104,118,A,Luka Dončić,16,11
2024-12-10,DAL,OKC,104,118,A,Luguentz Dort,11,6
2024-12-10,DAL,OKC,104,118,A,Dereck Lively,5,13
2024-12-10,DAL,OKC,104,118,A,Isaiah Hartenstein,10,13
2024-12-10,DAL,OKC,104,118,A,Daniel Gafford,9,2
2024-12-10,DAL,OKC,104,118,A,Jalen Williams,18,7
2024-12-10,DAL,OKC,104,118,A,Alex Caruso,6,4
2024-12-10,DAL,OKC,104,118,A,Isaiah Joe,9,3
2024-12-10,DAL,OKC,104,118,A,Spencer Dinwiddie,9,3
2024-12-10,DAL,OKC,104,118,A,Olivier-Maxence Prosper,6,2
2024-12-10,DAL,OKC,104,118,A,Ajay Mitchell,2,1
2024-12-10,DAL,OKC,104,118,A,Aaron Wiggins,3,0
2024-12-10,DAL,OKC,104,118,A,Quentin Grimes,4,3
2024-12-10,DAL,OKC,104,118,A,Branden Carlson,0,0
2024-12-10,DAL,OKC,104,118,A,Kessler Edwards,0,0
2024-12-10,DAL,OKC,104,118,A,Jazian Gortman,0,0
2024-12-10,DAL,OKC,104,118,A,Dwight Powell,0,0
2024-12-10,DAL,OKC,104,118,A,Dillon Jones,0,0
2024-12-10,MIL,ORL,114,109,H,Giannis Antetokounmpo,37,7
2024-12-10,MIL,ORL,114,109,H,Bobby Portis,22,10
2024-12-10,MIL,ORL,114,109,H,Damian Lillard,28,2
2024-12-10,MIL,ORL,114,109,H,Jalen Suggs,32,9
2024-12-10,MIL,ORL,114,109,H,Goga Bitadze,12,14
2024-12-10,MIL,ORL,114,109,H,Anthony Black,17,6
2024-12-10,MIL,ORL,114,109,H,Moritz Wagner,13,3
2024-12-10,MIL,ORL,114,109,H,Wendell Carter,8,11
2024-12-10,MIL,ORL,114,109,H,Jett Howard,10,0
2024-12-10,MIL,ORL,114,109,H,Khris Middleton,0,4
2024-12-10,MIL,ORL,114,109,H,Gary Trent,6,0
2024-12-10,MIL,ORL,114,109,H,A.J. Green,9,4
2024-12-10,MIL,ORL,114,109,H,Kentavious Caldwell-Pope,7,1
2024-12-10,MIL,ORL,114,109,H,Andre Jackson,5,2
2024-12-10,MIL,ORL,114,109,H,Brook Lopez,7,6
2024-12-10,MIL,ORL,114,109,H,Taurean Prince,0,2
2024-12-10,MIL,ORL,114,109,H,Caleb Houstan,0,0
2024-12-10,MIL,ORL,114,109,H,Tristan Da Silva,6,2
2024-12-10,MIL,ORL,114,109,H,Cole Anthony,4,0
2024-12-11,GSW,HOU,90,91,A,Alperen Sengun,26,11
2024-12-11,GSW,HOU,90,91,A,Stephen Curry,19,3
2024-12-11,GSW,HOU,90,91,A,Amen Thompson,10,6
2024-12-11,GSW,HOU,90,91,A,Buddy Hield,15,4
2024-12-11,GSW,HOU,90,91,A,Jonathan Kuminga,20,7
2024-12-11,GSW,HOU,90,91,A,Jabari Smith,15,1
2024-12-11,GSW,HOU,90,91,A,Tari Eason,9,7
2024-12-11,GSW,HOU,90,91,A,Brandin Podziemski,8,2
2024-12-11,GSW,HOU,90,91,A,Dillon Brooks,9,4
2024-12-11,GSW,HOU,90,91,A,Gary Payton,4,7
2024-12-11,GSW,HOU,90,91,A,Trayce Jackson-Davis,4,1
2024-12-11,GSW,HOU,90,91,A,Lindy Waters,8,5
2024-12-11,GSW,HOU,90,91,A,Jalen Green,12,4
2024-12-11,GSW,HOU,90,91,A,Pat Spencer,2,0
2024-12-11,GSW,HOU,90,91,A,Draymond Green,8,3
2024-12-11,GSW,HOU,90,91,A,Kevon Looney,2,7
2024-12-11,GSW,HOU,90,91,A,Aaron Holiday,2,1
2024-12-11,GSW,HOU,90,91,A,Fred VanVleet,8,2
2024-12-11,GSW,HOU,90,91,A,Kyle Anderson,0,0
2024-12-11,ATL,NYK,108,100,H,Josh Hart,21,8
2024-12-11,ATL,NYK,108,100,H,Jalen Johnson,21,15
2024-12-11,ATL,NYK,108,100,H,Karl-Anthony Towns,19,19
2024-12-11,ATL,NYK,108,100,H,Trae Young,22,5
2024-12-11,ATL,NYK,108,100,H,De'Andre Hunter,24,1
2024-12-11,ATL,NYK,108,100,H,Clint Capela,11,13
2024-12-11,ATL,NYK,108,100,H,Onyeka Okongwu,12,11
2024-12-11,ATL,NYK,108,100,H,Mikal Bridges,19,4
2024-12-11,ATL,NYK,108,100,H,Jalen Brunson,14,4
2024-12-11,ATL,NYK,108,100,H,Dyson Daniels,9,7
2024-12-11,ATL,NYK,108,100,H,OG Anunoby,13,6
2024-12-11,ATL,NYK,108,100,H,Precious Achiuwa,2,5
2024-12-11,ATL,NYK,108,100,H,Cameron Payne,7,1
2024-12-11,ATL,NYK,108,100,H,Bogdan Bogdanović,7,2
2024-12-11,ATL,NYK,108,100,H,Miles McBride,5,2
2024-12-11,ATL,NYK,108,100,H,Vit Krejci,0,3
2024-12-11,ATL,NYK,108,100,H,Jericho Sims,0,0
2024-12-11,ATL,NYK,108,100,H,Zaccharie Risacher,2,1
2024-12-12,NOP,SAC,109,111,A,Domantas Sabonis,32,20
2024-12-12,NOP,SAC,109,111,A,CJ McCollum,36,3
2024-12-12,NOP,SAC,109,111,A,DeMar DeRozan,29,3
2024-12-12,NOP,SAC,109,111,A,Keegan Murray,18,9
2024-12-12,NOP,SAC,109,111,A,Trey Murphy,21,4
2024-12-12,NOP,SAC,109,111,A,Dejounte Murray,20,7
2024-12-12,NOP,SAC,109,111,A,De'Aaron Fox,18,7
2024-12-12,NOP,SAC,109,111,A,Yves Missi,7,11
2024-12-12,NOP,SAC,109,111,A,Brandon Boston,9,4
2024-12-12,NOP,SAC,109,111,A,Daniel Theis,7,2
2024-12-12,NOP,SAC,109,111,A,Kevin Huerter,7,3
2024-12-12,NOP,SAC,109,111,A,Herbert Jones,7,7
2024-12-12,NOP,SAC,109,111,A,Malik Monk,5,3
2024-12-12,NOP,SAC,109,111,A,Trey Jemison,1,0
2024-12-12,NOP,SAC,109,111,A,Keon Ellis,2,4
2024-12-12,NOP,SAC,109,111,A,Antonio Reeves,0,1
2024-12-12,NOP,SAC,109,111,A,Jamal Cain,1,4
2024-12-12,NOP,SAC,109,111,A,Alex Len,0,1
2024-12-12,NOP,SAC,109,111,A,Orlando Robinson,0,0
2024-12-12,NOP,SAC,109,111,A,Colby Jones,0,0
2024-12-12,NOP,SAC,109,111,A,Isaac Jones,0,0
2024-12-12,BOS,DET,123,99,H,Payton Pritchard,27,4
2024-12-12,BOS,DET,123,99,H,Derrick White,23,2
2024-12-12,BOS,DET,123,99,H,Ron Holland,26,3
2024-12-12,BOS,DET,123,99,H,Kristaps Porziņģis,19,8
2024-12-12,BOS,DET,123,99,H,Jrue Holiday,12,7
2024-12-12,BOS,DET,123,99,H,Luke Kornet,12,7
2024-12-12,BOS,DET,123,99,H,Jaylen Brown,14,9
2024-12-12,BOS,DET,123,99,H,Cade Cunningham,18,8
2024-12-12,BOS,DET,123,99,H,Marcus Sasser,9,1
2024-12-12,BOS,DET,123,99,H,Tobias Harris,9,8
2024-12-12,BOS,DET,123,99,H,Tim Hardaway,6,6
2024-12-12,BOS,DET,123,99,H,Paul Reed,4,0
2024-12-12,BOS,DET,123,99,H,Jaden Ivey,10,3
2024-12-12,BOS,DET,123,99,H,Drew Peterson,5,3
2024-12-12,BOS,DET,123,99,H,Isaiah Stewart,2,5
2024-12-12,BOS,DET,123,99,H,Malik Beasley,5,4
2024-12-12,BOS,DET,123,99,H,Jordan Walsh,2,3
2024-12-12,BOS,DET,123,99,H,Simone Fontecchio,6,1
2024-12-12,BOS,DET,123,99,H,Neemias Queta,4,2
2024-12-12,BOS,DET,123,99,H,Al Horford,2,6
2024-12-12,BOS,DET,123,99,H,Wendell Moore,0,1
2024-12-12,BOS,DET,123,99,H,JD Davison,3,0
2024-12-12,BOS,DET,123,99,H,Ausar Thompson,4,3
2024-12-12,BOS,DET,123,99,H,Xavier Tillman,0,0
2024-12-12,MIA,TOR,114,104,H,Bam Adebayo,21,16
2024-12-12,MIA,TOR,114,104,H,Tyler Herro,23,4
2024-12-12,MIA,TOR,114,104,H,Nikola Jović,14,4
2024-12-12,MIA,TOR,114,104,H,Jakob Poeltl,16,4
2024-12-12,MIA,TOR,114,104,H,Gradey Dick,22,4
2024-12-12,MIA,TOR,114,104,H,Davion Mitchell,12,2
2024-12-12,MIA,TOR,114,104,H,Ochai Agbaji,13,3
2024-12-12,MIA,TOR,114,104,H,Dru Smith,11,3
2024-12-12,MIA,TOR,114,104,H,Jimmy Butler,11,5
2024-12-12,MIA,TOR,114,104,H,Jamison Battle,8,2
2024-12-12,MIA,TOR,114,104,H,RJ Barrett,13,11
2024-12-12,MIA,TOR,114,104,H,Jonathan Mogbo,4,10
2024-12-12,MIA,TOR,114,104,H,Ja'Kobe Walter,9,2
2024-12-12,MIA,TOR,114,104,H,Terry Rozier,5,8
2024-12-12,MIA,TOR,114,104,H,Kevin Love,6,3
2024-12-12,MIA,TOR,114,104,H,Duncan Robinson,8,3
2024-12-12,MIA,TOR,114,104,H,Jaime Jaquez,6,3
2024-12-12,MIA,TOR,114,104,H,Bruno Fernando,2,0
2024-12-12,MIA,TOR,114,104,H,Haywood Highsmith,9,3
2024-12-12,MIA,TOR,114,104,H,Jamal Shead,5,0
2024-12-12,MIA,TOR,114,104,H,Kelly Olynyk,0,4
2024-12-13,POR,SAS,116,118,A,Anfernee Simons,30,3
2024-12-13,POR,SAS,116,118,A,Victor Wembanyama,28,7
2024-12-13,POR,SAS,116,118,A,Jerami Grant,32,4
2024-12-13,POR,SAS,116,118,A,Deni Avdija,19,5
2024-12-13,POR,SAS,116,118,A,Jeremy Sochan,15,5
2024-12-13,POR,SAS,116,118,A,Devin Vassell,23,6
2024-12-13,POR,SAS,116,118,A,Julian Champagnie,19,5
2024-12-13,POR,SAS,116,118,A,Blake Wesley,8,2
2024-12-13,POR,SAS,116,118,A,Toumani Camara,8,6
2024-12-13,POR,SAS,116,118,A,Harrison Barnes,10,3
2024-12-13,POR,SAS,116,118,A,Charles Bassey,8,4
2024-12-13,POR,SAS,116,118,A,Chris Paul,5,3
2024-12-13,POR,SAS,116,118,A,Shaedon Sharpe,11,4
2024-12-13,POR,SAS,116,118,A,Jabari Walker,5,5
2024-12-13,POR,SAS,116,118,A,Donovan Clingan,6,7
2024-12-13,POR,SAS,116,118,A,Scoot Henderson,4,2
2024-12-13,POR,SAS,116,118,A,Sandro Mamukelashvili,0,5
2024-12-13,POR,SAS,116,118,A,Dalano Banton,1,0
2024-12-13,POR,SAS,116,118,A,Malaki Branham,2,1
2024-12-13,IND,PHI,121,107,H,Tyrese Haliburton,32,3
2024-12-13,IND,PHI,121,107,H,Pascal Siakam,23,8
2024-12-13,IND,PHI,121,107,H,Obi Toppin,20,8
2024-12-13,IND,PHI,121,107,H,Paul George,15,5
2024-12-13,IND,PHI,121,107,H,Ricky Council,14,9
2024-12-13,IND,PHI,121,107,H,Kelly Oubre,12,13
2024-12-13,IND,PHI,121,107,H,Joel Embiid,12,4
2024-12-13,IND,PHI,121,107,H,Tyrese Maxey,22,3
2024-12-13,IND,PHI,121,107,H,KJ Martin,13,3
2024-12-13,IND,PHI,121,107,H,Bennedict Mathurin,13,7
2024-12-13,IND,PHI,121,107,H,T.J. McConnell,11,2
2024-12-13,IND,PHI,121,107,H,Andre Drummond,7,8
2024-12-13,IND,PHI,121,107,H,Andrew Nembhard,5,4
2024-12-13,IND,PHI,121,107,H,Johnny Furphy,3,1
2024-12-13,IND,PHI,121,107,H,Myles Turner,7,6
2024-12-13,IND,PHI,121,107,H,Reggie Jackson,3,0
2024-12-13,IND,PHI,121,107,H,Enrique Freeman,2,0
2024-12-13,IND,PHI,121,107,H,Quenton Jackson,2,0
2024-12-13,IND,PHI,121,107,H,Guerschon Yabusele,4,1
2024-12-13,IND,PHI,121,107,H,Jared McCain,5,1
2024-12-13,IND,PHI,121,107,H,Jarace Walker,3,2
2024-12-13,PHO,UTA,134,126,H,Devin Booker,34,2
2024-12-13,PHO,UTA,134,126,H,Kevin Durant,30,3
2024-12-13,PHO,UTA,134,126,H,John Collins,22,6
2024-12-13,PHO,UTA,134,126,H,Tyus Jones,19,3
2024-12-13,PHO,UTA,134,126,H,Keyonte George,18,6
2024-12-13,PHO,UTA,134,126,H,Jordan Clarkson,23,2
2024-12-13,PHO,UTA,134,126,H,Lauri Markkanen,19,6
2024-12-13,PHO,UTA,134,126,H,Royce O'Neale,17,4
2024-12-13,PHO,UTA,134,126,H,Walker Kessler,17,5
2024-12-13,PHO,UTA,134,126,H,Jusuf Nurkić,12,7
2024-12-13,PHO,UTA,134,126,H,Ryan Dunn,13,1
2024-12-13,PHO,UTA,134,126,H,Grayson Allen,8,4
2024-12-13,PHO,UTA,134,126,H,Kyle Filipowski,7,2
2024-12-13,PHO,UTA,134,126,H,Brice Sensabaugh,9,1
2024-12-13,PHO,UTA,134,126,H,Isaiah Collier,2,2
2024-12-13,PHO,UTA,134,126,H,Mason Plumlee,0,9
2024-12-13,PHO,UTA,134,126,H,Josh Okogie,0,2
2024-12-13,PHO,UTA,134,126,H,Johnny Juzang,3,1
2024-12-13,PHO,UTA,134,126,H,Oso Ighodaro,0,1
2024-12-13,PHO,UTA,134,126,H,Monte Morris,1,1
2024-12-13,PHO,UTA,134,126,H,Collin Sexton,6,3
2024-12-13,BRK,MEM,119,135,A,Ja Morant,28,7
2024-12-13,BRK,MEM,119,135,A,Desmond Bane,21,4
2024-12-13,BRK,MEM,119,135,A,Dorian Finney-Smith,19,5
2024-12-13,BRK,MEM,119,135,A,Jaren Jackson,20,7
2024-12-13,BRK,MEM,119,135,A,Santi Aldama,20,6
2024-12-13,BRK,MEM,119,135,A,Shake Milton,12,4
2024-12-13,BRK,MEM,119,135,A,Dennis Schröder,15,3
2024-12-13,BRK,MEM,119,135,A,Jaylen Wells,12,5
2024-12-13,BRK,MEM,119,135,A,Jalen Wilson,15,2
2024-12-13,BRK,MEM,119,135,A,Cameron Johnson,12,7
2024-12-13,BRK,MEM,119,135,A,Day'Ron Sharpe,12,3
2024-12-13,BRK,MEM,119,135,A,Brandon Clarke,14,8
2024-12-13,BRK,MEM,119,135,A,Scotty Pippen ,7,5
2024-12-13,BRK,MEM,119,135,A,Keon Johnson,12,2
2024-12-13,BRK,MEM,119,135,A,Noah Clowney,12,4
2024-12-13,BRK,MEM,119,135,A,Ben Simmons,2,4
2024-12-13,BRK,MEM,119,135,A,Nic Claxton,8,7
2024-12-13,BRK,MEM,119,135,A,Jay Huff,6,4
2024-12-13,BRK,MEM,119,135,A,Marcus Smart,5,1
2024-12-13,BRK,MEM,119,135,A,Jake LaRavia,2,2
2024-12-13,BRK,MEM,119,135,A,Yuki Kawamura,0,0
2024-12-13,BRK,MEM,119,135,A,Colin Castleton,0,0
2024-12-13,BRK,MEM,119,135,A,John Konchar,0,0
2024-12-13,BRK,MEM,119,135,A,Trendon Watford,0,0
2024-12-13,CLE,WAS,115,105,H,Jarrett Allen,21,11
2024-12-13,CLE,WAS,115,105,H,Bilal Coulibaly,27,6
2024-12-13,CLE,WAS,115,105,H,Darius Garland,24,5
2024-12-13,CLE,WAS,115,105,H,Donovan Mitchell,20,6
2024-12-13,CLE,WAS,115,105,H,Justin Champagnie,16,8
2024-12-13,CLE,WAS,115,105,H,Caris LeVert,14,5
2024-12-13,CLE,WAS,115,105,H,Alex Sarr,14,7
2024-12-13,CLE,WAS,115,105,H,Jordan Poole,17,5
2024-12-13,CLE,WAS,115,105,H,Isaac Okoro,13,2
2024-12-13,CLE,WAS,115,105,H,Johnny Davis,8,5
2024-12-13,CLE,WAS,115,105,H,Georges Niang,10,5
2024-12-13,CLE,WAS,115,105,H,Sam Merrill,9,6
2024-12-13,CLE,WAS,115,105,H,Marvin Bagley,6,0
2024-12-13,CLE,WAS,115,105,H,Jared Butler,7,1
2024-12-13,CLE,WAS,115,105,H,Jonas Valančiūnas,8,4
2024-12-13,CLE,WAS,115,105,H,Ty Jerome,2,0
2024-12-13,CLE,WAS,115,105,H,Carlton Carrington,2,7
2024-12-13,CLE,WAS,115,105,H,Dean Wade,2,7
2024-12-13,CLE,WAS,115,105,H,Tristan Thompson,0,3
2024-12-13,CLE,WAS,115,105,H,Anthony Gill,0,1
2024-12-13,LAL,MIN,87,97,A,Jaden McDaniels,18,9
2024-12-13,LAL,MIN,87,97,A,Rudy Gobert,12,13
2024-12-13,LAL,MIN,87,97,A,Anthony Davis,23,11
2024-12-13,LAL,MIN,87,97,A,Julius Randle,21,5
2024-12-13,LAL,MIN,87,97,A,Anthony Edwards,23,6
2024-12-13,LAL,MIN,87,97,A,Austin Reaves,18,6
2024-12-13,LAL,MIN,87,97,A,Max Christie,15,5
2024-12-13,LAL,MIN,87,97,A,Cam Reddish,5,3
2024-12-13,LAL,MIN,87,97,A,Dalton Knecht,6,9
2024-12-13,LAL,MIN,87,97,A,Rob Dillingham,6,0
2024-12-13,LAL,MIN,87,97,A,Rui Hachimura,9,7
2024-12-13,LAL,MIN,87,97,A,Mike Conley,2,4
2024-12-13,LAL,MIN,87,97,A,Naz Reid,10,5
2024-12-13,LAL,MIN,87,97,A,Donte DiVincenzo,3,3
2024-12-13,LAL,MIN,87,97,A,Christian Koloko,0,6
2024-12-13,LAL,MIN,87,97,A,Gabe Vincent,6,2
2024-12-13,LAL,MIN,87,97,A,Nickeil Alexander-Walker,2,3
2024-12-13,LAL,MIN,87,97,A,D'Angelo Russell,5,4
2024-12-13,CHI,CHO,109,95,H,Josh Giddey,17,9
2024-12-13,CHI,CHO,109,95,H,Ayo Dosunmu,19,3
2024-12-13,CHI,CHO,109,95,H,Mark Williams,15,9
2024-12-13,CHI,CHO,109,95,H,Lonzo Ball,10,7
2024-12-13,CHI,CHO,109,95,H,Jalen Smith,11,11
2024-12-13,CHI,CHO,109,95,H,Miles Bridges,14,9
2024-12-13,CHI,CHO,109,95,H,Coby White,18,2
2024-12-13,CHI,CHO,109,95,H,Isaiah Wong,9,6
2024-12-13,CHI,CHO,109,95,H,Brandon Miller,21,6
2024-12-13,CHI,CHO,109,95,H,Zach LaVine,13,4
2024-12-13,CHI,CHO,109,95,H,Tidjane Salaün ,8,6
2024-12-13,CHI,CHO,109,95,H,Julian Phillips,8,1
2024-12-13,CHI,CHO,109,95,H,Josh Green,9,2
2024-12-13,CHI,CHO,109,95,H,Moussa Diabaté,5,3
2024-12-13,CHI,CHO,109,95,H,Matas Buzelis,5,5
2024-12-13,CHI,CHO,109,95,H,Talen Horton-Tucker,2,4
2024-12-13,CHI,CHO,109,95,H,Adama Sanogo,2,4
2024-12-13,CHI,CHO,109,95,H,Nick Richards,2,5
2024-12-13,CHI,CHO,109,95,H,Vasilije Micić,7,6
2024-12-13,CHI,CHO,109,95,H,Cody Martin,5,2
2024-12-13,CHI,CHO,109,95,H,Taj Gibson,0,0
2024-12-13,CHI,CHO,109,95,H,KJ Simpson,0,0
2024-12-13,CHI,CHO,109,95,H,Patrick Williams,4,2
2024-12-13,CHI,CHO,109,95,H,Seth Curry,0,0
2024-12-13,DEN,LAC,120,98,H,Peyton Watson,14,5
2024-12-13,DEN,LAC,120,98,H,Michael Porter,17,5
2024-12-13,DEN,LAC,120,98,H,Jamal Murray,20,5
2024-12-13,DEN,LAC,120,98,H,Ivica Zubac,13,13
2024-12-13,DEN,LAC,120,98,H,Kevin Porter,16,3
2024-12-13,DEN,LAC,120,98,H,Aaron Gordon,14,6
2024-12-13,DEN,LAC,120,98,H,Nikola Jokić,16,7
2024-12-13,DEN,LAC,120,98,H,Julian Strawther,12,4
2024-12-13,DEN,LAC,120,98,H,Norman Powell,16,3
2024-12-13,DEN,LAC,120,98,H,DeAndre Jordan,4,9
2024-12-13,DEN,LAC,120,98,H,Kris Dunn,7,1
2024-12-13,DEN,LAC,120,98,H,Bones Hyland,13,0
2024-12-13,DEN,LAC,120,98,H,Christian Braun,8,3
2024-12-13,DEN,LAC,120,98,H,James Harden,15,5
2024-12-13,DEN,LAC,120,98,H,Nicolas Batum,6,1
2024-12-13,DEN,LAC,120,98,H,Amir Coffey,8,2
2024-12-13,DEN,LAC,120,98,H,Kai Jones,2,1
2024-12-13,DEN,LAC,120,98,H,Jalen Pickett,3,0
2024-12-13,DEN,LAC,120,98,H,Hunter Tyson,5,1
2024-12-13,DEN,LAC,120,98,H,Zeke Nnaji,2,0
2024-12-13,DEN,LAC,120,98,H,Mohamed Bamba,2,2
2024-12-13,DEN,LAC,120,98,H,Russell Westbrook,5,1
2024-12-13,DEN,LAC,120,98,H,Jordan Miller,0,0
2024-12-14,ATL,MIL,102,110,A,Giannis Antetokounmpo,32,14
2024-12-14,ATL,MIL,102,110,A,Trae Young,35,7
2024-12-14,ATL,MIL,102,110,A,Damian Lillard,25,6
2024-12-14,ATL,MIL,102,110,A,Brook Lopez,16,3
2024-12-14,ATL,MIL,102,110,A,Jalen Johnson,15,10
2024-12-14,ATL,MIL,102,110,A,Bobby Portis,10,9
2024-12-14,ATL,MIL,102,110,A,Dyson Daniels,11,8
2024-12-14,ATL,MIL,102,110,A,Andre Jackson,5,7
2024-12-14,ATL,MIL,102,110,A,Bogdan Bogdanović,10,1
2024-12-14,ATL,MIL,102,110,A,De'Andre Hunter,15,7
2024-12-14,ATL,MIL,102,110,A,Onyeka Okongwu,8,3
2024-12-14,ATL,MIL,102,110,A,Clint Capela,6,8
2024-12-14,ATL,MIL,102,110,A,A.J. Green,9,1
2024-12-14,ATL,MIL,102,110,A,Khris Middleton,6,3
2024-12-14,ATL,MIL,102,110,A,Taurean Prince,6,3
2024-12-14,ATL,MIL,102,110,A,Vit Krejci,0,0
2024-12-14,ATL,MIL,102,110,A,Zaccharie Risacher,2,0
2024-12-14,ATL,MIL,102,110,A,Gary Trent,1,1
2024-12-14,HOU,OKC,96,111,A,Shai Gilgeous-Alexander,32,8
2024-12-14,HOU,OKC,96,111,A,Luguentz Dort,19,9
2024-12-14,HOU,OKC,96,111,A,Isaiah Hartenstein,21,8
2024-12-14,HOU,OKC,96,111,A,Amen Thompson,19,7
2024-12-14,HOU,OKC,96,111,A,Jabari Smith,14,6
2024-12-14,HOU,OKC,96,111,A,Jalen Williams,20,5
2024-12-14,HOU,OKC,96,111,A,Tari Eason,12,2
2024-12-14,HOU,OKC,96,111,A,Alperen Sengun,13,11
2024-12-14,HOU,OKC,96,111,A,Fred VanVleet,8,9
2024-12-14,HOU,OKC,96,111,A,Dillon Brooks,14,5
2024-12-14,HOU,OKC,96,111,A,Isaiah Joe,5,2
2024-12-14,HOU,OKC,96,111,A,Steven Adams,4,6
2024-12-14,HOU,OKC,96,111,A,Cason Wallace,5,6
2024-12-14,HOU,OKC,96,111,A,Kenrich Williams,7,1
2024-12-14,HOU,OKC,96,111,A,Jalen Green,12,3
2024-12-14,HOU,OKC,96,111,A,Ajay Mitchell,2,2
2024-12-14,HOU,OKC,96,111,A,Alex Caruso,0,2
2024-12-14,HOU,OKC,96,111,A,Aaron Wiggins,0,0
2024-12-14,HOU,OKC,96,111,A,Aaron Holiday,0,0
2024-12-15,DAL,GSW,143,133,H,Luka Dončić,45,11
2024-12-15,DAL,GSW,143,133,H,Klay Thompson,29,5
2024-12-15,DAL,GSW,143,133,H,Stephen Curry,26,5
2024-12-15,DAL,GSW,143,133,H,Andrew Wiggins,29,3
2024-12-15,DAL,GSW,143,133,H,Kyrie Irving,21,3
2024-12-15,DAL,GSW,143,133,H,Jonathan Kuminga,20,3
2024-12-15,DAL,GSW,143,133,H,Draymond Green,21,7
2024-12-15,DAL,GSW,143,133,H,Lindy Waters,12,5
2024-12-15,DAL,GSW,143,133,H,P.J. Washington,13,4
2024-12-15,DAL,GSW,143,133,H,Dereck Lively,8,7
2024-12-15,DAL,GSW,143,133,H,Quentin Grimes,14,2
2024-12-15,DAL,GSW,143,133,H,Daniel Gafford,10,9
2024-12-15,DAL,GSW,143,133,H,Kevon Looney,4,3
2024-12-15,DAL,GSW,143,133,H,Trayce Jackson-Davis,5,6
2024-12-15,DAL,GSW,143,133,H,Gary Payton,4,4
2024-12-15,DAL,GSW,143,133,H,Olivier-Maxence Prosper,3,3
2024-12-15,DAL,GSW,143,133,H,Brandin Podziemski,3,1
2024-12-15,DAL,GSW,143,133,H,Buddy Hield,9,0
2024-12-15,DAL,GSW,143,133,H,Spencer Dinwiddie,0,3
2024-12-15,DAL,GSW,143,133,H,Kessler Edwards,0,0
2024-12-15,DAL,GSW,143,133,H,Jazian Gortman,0,0
2024-12-15,DAL,GSW,143,133,H,Dwight Powell,0,0
2024-12-15,DAL,GSW,143,133,H,Pat Spencer,0,0
2024-12-15,LAL,MEM,116,110,H,Anthony Davis,40,16
2024-12-15,LAL,MEM,116,110,H,Jaren Jackson,25,5
2024-12-15,LAL,MEM,116,110,H,Zach Edey,13,10
2024-12-15,LAL,MEM,116,110,H,Austin Reaves,19,2
2024-12-15,LAL,MEM,116,110,H,LeBron James,18,8
2024-12-15,LAL,MEM,116,110,H,Luke Kennard,12,3
2024-12-15,LAL,MEM,116,110,H,Ja Morant,20,7
2024-12-15,LAL,MEM,116,110,H,Desmond Bane,7,7
2024-12-15,LAL,MEM,116,110,H,Cam Reddish,8,2
2024-12-15,LAL,MEM,116,110,H,Max Christie,7,2
2024-12-15,LAL,MEM,116,110,H,Rui Hachimura,8,6
2024-12-15,LAL,MEM,116,110,H,Santi Aldama,6,3
2024-12-15,LAL,MEM,116,110,H,Brandon Clarke,5,5
2024-12-15,LAL,MEM,116,110,H,Gabe Vincent,3,2
2024-12-15,LAL,MEM,116,110,H,D'Angelo Russell,7,3
2024-12-15,LAL,MEM,116,110,H,Marcus Smart,7,3
2024-12-15,LAL,MEM,116,110,H,Jaylen Wells,8,0
2024-12-15,LAL,MEM,116,110,H,Jay Huff,3,3
2024-12-15,LAL,MEM,116,110,H,Dalton Knecht,5,3
2024-12-15,LAL,MEM,116,110,H,Christian Koloko,1,0
2024-12-15,LAL,MEM,116,110,H,Jake LaRavia,2,2
2024-12-15,LAL,MEM,116,110,H,Scotty Pippen ,2,2
2024-12-15,NYK,ORL,100,91,H,Moritz Wagner,32,6
2024-12-15,NYK,ORL,100,91,H,Jalen Brunson,31,3
2024-12-15,NYK,ORL,100,91,H,Karl-Anthony Towns,22,22
2024-12-15,NYK,ORL,100,91,H,Mikal Bridges,17,1
2024-12-15,NYK,ORL,100,91,H,Tristan Da Silva,20,3
2024-12-15,NYK,ORL,100,91,H,Josh Hart,12,5
2024-12-15,NYK,ORL,100,91,H,Goga Bitadze,8,11
2024-12-15,NYK,ORL,100,91,H,Cole Anthony,4,2
2024-12-15,NYK,ORL,100,91,H,Jonathan Isaac,3,3
2024-12-15,NYK,ORL,100,91,H,Precious Achiuwa,4,5
2024-12-15,NYK,ORL,100,91,H,Miles McBride,7,2
2024-12-15,NYK,ORL,100,91,H,Jalen Suggs,9,5
2024-12-15,NYK,ORL,100,91,H,OG Anunoby,7,5
2024-12-15,NYK,ORL,100,91,H,Wendell Carter,2,5
2024-12-15,NYK,ORL,100,91,H,Anthony Black,4,1
2024-12-15,NYK,ORL,100,91,H,Caleb Houstan,3,0
2024-12-15,NYK,ORL,100,91,H,Cory Joseph,2,1
2024-12-15,NYK,ORL,100,91,H,Cameron Payne,0,2
2024-12-15,NYK,ORL,100,91,H,Kentavious Caldwell-Pope,4,2
2024-12-15,NYK,ORL,100,91,H,Trevelin Queen,0,0
2024-12-15,NYK,ORL,100,91,H,Jett Howard,0,0
2024-12-15,PHO,POR,116,109,H,Devin Booker,28,3
2024-12-15,PHO,POR,116,109,H,Anfernee Simons,20,4
2024-12-15,PHO,POR,116,109,H,Tyus Jones,19,4
2024-12-15,PHO,POR,116,109,H,Kevin Durant,20,7
2024-12-15,PHO,POR,116,109,H,Jerami Grant,17,6
2024-12-15,PHO,POR,116,109,H,Deni Avdija,17,7
2024-12-15,PHO,POR,116,109,H,Toumani Camara,14,7
2024-12-15,PHO,POR,116,109,H,Royce O'Neale,13,4
2024-12-15,PHO,POR,116,109,H,Shaedon Sharpe,12,5
2024-12-15,PHO,POR,116,109,H,Donovan Clingan,10,9
2024-12-15,PHO,POR,116,109,H,Jusuf Nurkić,10,14
2024-12-15,PHO,POR,116,109,H,Robert Williams,8,3
2024-12-15,PHO,POR,116,109,H,Grayson Allen,12,2
2024-12-15,PHO,POR,116,109,H,Monte Morris,4,4
2024-12-15,PHO,POR,116,109,H,Oso Ighodaro,4,2
2024-12-15,PHO,POR,116,109,H,Dalano Banton,7,4
2024-12-15,PHO,POR,116,109,H,Mason Plumlee,0,4
2024-12-15,PHO,POR,116,109,H,Josh Okogie,2,0
2024-12-15,PHO,POR,116,109,H,Ryan Dunn,4,2
2024-12-15,PHO,POR,116,109,H,Jabari Walker,2,2
2024-12-15,PHO,POR,116,109,H,Scoot Henderson,2,1
2024-12-15,IND,NOP,119,104,H,Tyrese Haliburton,21,4
2024-12-15,IND,NOP,119,104,H,Pascal Siakam,22,5
2024-12-15,IND,NOP,119,104,H,Myles Turner,14,6
2024-12-15,IND,NOP,119,104,H,Obi Toppin,16,5
2024-12-15,IND,NOP,119,104,H,Herbert Jones,19,5
2024-12-15,IND,NOP,119,104,H,Andrew Nembhard,17,2
2024-12-15,IND,NOP,119,104,H,Yves Missi,9,14
2024-12-15,IND,NOP,119,104,H,Dejounte Murray,19,7
2024-12-15,IND,NOP,119,104,H,Brandon Boston,20,2
2024-12-15,IND,NOP,119,104,H,Trey Murphy,16,6
2024-12-15,IND,NOP,119,104,H,Thomas Bryant,7,2
2024-12-15,IND,NOP,119,104,H,T.J. McConnell,6,3
2024-12-15,IND,NOP,119,104,H,Jarace Walker,8,9
2024-12-15,IND,NOP,119,104,H,CJ McCollum,15,3
2024-12-15,IND,NOP,119,104,H,Bennedict Mathurin,8,6
2024-12-15,IND,NOP,119,104,H,Daniel Theis,0,4
2024-12-15,IND,NOP,119,104,H,Javonte Green,6,4
2024-12-15,IND,NOP,119,104,H,Jamal Cain,0,4
2024-12-15,IND,NOP,119,104,H,Johnny Furphy,0,1
2024-12-15,BOS,WAS,112,98,H,Justin Champagnie,13,14
2024-12-15,BOS,WAS,112,98,H,Derrick White,15,5
2024-12-15,BOS,WAS,112,98,H,Jayson Tatum,28,12
2024-12-15,BOS,WAS,112,98,H,Jordan Poole,21,3
2024-12-15,BOS,WAS,112,98,H,Payton Pritchard,15,11
2024-12-15,BOS,WAS,112,98,H,Sam Hauser,12,7
2024-12-15,BOS,WAS,112,98,H,Luke Kornet,7,11
2024-12-15,BOS,WAS,112,98,H,Kristaps Porziņģis,11,2
2024-12-15,BOS,WAS,112,98,H,Bilal Coulibaly,19,5
2024-12-15,BOS,WAS,112,98,H,Carlton Carrington,11,10
2024-12-15,BOS,WAS,112,98,H,Jrue Holiday,12,1
2024-12-15,BOS,WAS,112,98,H,Jaylen Brown,11,3
2024-12-15,BOS,WAS,112,98,H,Johnny Davis,5,1
2024-12-15,BOS,WAS,112,98,H,Jared Butler,7,3
2024-12-15,BOS,WAS,112,98,H,Alex Sarr,14,6
2024-12-15,BOS,WAS,112,98,H,Marvin Bagley,2,6
2024-12-15,BOS,WAS,112,98,H,Anthony Gill,4,2
2024-12-15,BOS,WAS,112,98,H,Jaden Springer,1,1
2024-12-15,BOS,WAS,112,98,H,Jonas Valančiūnas,2,1
2024-12-15,BOS,WAS,112,98,H,Neemias Queta,0,2
2024-12-15,BOS,WAS,112,98,H,Patrick Baldwin,0,0
2024-12-15,BOS,WAS,112,98,H,Jordan Walsh,0,1
2024-12-15,BOS,WAS,112,98,H,Xavier Tillman,0,0
2024-12-15,MIN,SAS,106,92,H,Jeremy Sochan,17,15
2024-12-15,MIN,SAS,106,92,H,Anthony Edwards,26,5
2024-12-15,MIN,SAS,106,92,H,Victor Wembanyama,20,12
2024-12-15,MIN,SAS,106,92,H,Jaden McDaniels,12,11
2024-12-15,MIN,SAS,106,92,H,Nickeil Alexander-Walker,17,3
2024-12-15,MIN,SAS,106,92,H,Harrison Barnes,17,1
2024-12-15,MIN,SAS,106,92,H,Mike Conley,9,5
2024-12-15,MIN,SAS,106,92,H,Rudy Gobert,10,9
2024-12-15,MIN,SAS,106,92,H,Julius Randle,11,4
2024-12-15,MIN,SAS,106,92,H,Julian Champagnie,11,6
2024-12-15,MIN,SAS,106,92,H,Charles Bassey,8,7
2024-12-15,MIN,SAS,106,92,H,Sidy Cissoko,6,0
2024-12-15,MIN,SAS,106,92,H,Blake Wesley,4,2
2024-12-15,MIN,SAS,106,92,H,Donte DiVincenzo,7,5
2024-12-15,MIN,SAS,106,92,H,Rob Dillingham,3,1
2024-12-15,MIN,SAS,106,92,H,Luka Garza,4,0
2024-12-15,MIN,SAS,106,92,H,Chris Paul,0,4
2024-12-15,MIN,SAS,106,92,H,Sandro Mamukelashvili,3,1
2024-12-15,MIN,SAS,106,92,H,Josh Minott,2,0
2024-12-15,MIN,SAS,106,92,H,Terrence Shannon,2,0
2024-12-15,MIN,SAS,106,92,H,Naz Reid,3,8
2024-12-15,MIN,SAS,106,92,H,Malaki Branham,0,0
2024-12-15,MIN,SAS,106,92,H,PJ Dozier,0,0
2024-12-15,MIN,SAS,106,92,H,Stephon Castle,2,2
2024-12-15,MIN,SAS,106,92,H,Devin Vassell,4,0
2024-12-16,DET,MIA,125,124,H,Jimmy Butler,35,19
2024-12-16,DET,MIA,125,124,H,Cade Cunningham,20,11
2024-12-16,DET,MIA,125,124,H,Malik Beasley,28,3
2024-12-16,DET,MIA,125,124,H,Ausar Thompson,19,9
2024-12-16,DET,MIA,125,124,H,Bam Adebayo,15,8
2024-12-16,DET,MIA,125,124,H,Terry Rozier,11,5
2024-12-16,DET,MIA,125,124,H,Tyler Herro,23,4
2024-12-16,DET,MIA,125,124,H,Dru Smith,7,0
2024-12-16,DET,MIA,125,124,H,Tim Hardaway,16,2
2024-12-16,DET,MIA,125,124,H,Jaime Jaquez,13,1
2024-12-16,DET,MIA,125,124,H,Jalen Duren,9,16
2024-12-16,DET,MIA,125,124,H,Ron Holland,8,4
2024-12-16,DET,MIA,125,124,H,Duncan Robinson,13,0
2024-12-16,DET,MIA,125,124,H,Simone Fontecchio,9,2
2024-12-16,DET,MIA,125,124,H,Marcus Sasser,6,0
2024-12-16,DET,MIA,125,124,H,Paul Reed,6,2
2024-12-16,DET,MIA,125,124,H,Haywood Highsmith,3,2
2024-12-16,DET,MIA,125,124,H,Isaiah Stewart,4,3
2024-12-16,DET,MIA,125,124,H,Kevin Love,4,5
2024-12-16,LAC,UTA,144,107,H,James Harden,41,1
2024-12-16,LAC,UTA,144,107,H,Norman Powell,29,4
2024-12-16,LAC,UTA,144,107,H,Ivica Zubac,19,12
2024-12-16,LAC,UTA,144,107,H,Lauri Markkanen,17,5
2024-12-16,LAC,UTA,144,107,H,Amir Coffey,16,3
2024-12-16,LAC,UTA,144,107,H,Kris Dunn,12,2
2024-12-16,LAC,UTA,144,107,H,Collin Sexton,15,0
2024-12-16,LAC,UTA,144,107,H,John Collins,14,5
2024-12-16,LAC,UTA,144,107,H,Kevin Porter,7,8
2024-12-16,LAC,UTA,144,107,H,Jordan Clarkson,20,0
2024-12-16,LAC,UTA,144,107,H,Bones Hyland,8,0
2024-12-16,LAC,UTA,144,107,H,Johnny Juzang,12,3
2024-12-16,LAC,UTA,144,107,H,Walker Kessler,10,7
2024-12-16,LAC,UTA,144,107,H,Mohamed Bamba,6,7
2024-12-16,LAC,UTA,144,107,H,Nicolas Batum,4,3
2024-12-16,LAC,UTA,144,107,H,Kyle Filipowski,4,6
2024-12-16,LAC,UTA,144,107,H,Brice Sensabaugh,6,5
2024-12-16,LAC,UTA,144,107,H,Keyonte George,9,3
2024-12-16,LAC,UTA,144,107,H,Kai Jones,0,1
2024-12-16,LAC,UTA,144,107,H,Isaiah Collier,0,1
2024-12-16,LAC,UTA,144,107,H,Jordan Miller,2,0
2024-12-16,CHO,PHI,108,121,A,Paul George,33,5
2024-12-16,CHO,PHI,108,121,A,Tyrese Maxey,40,5
2024-12-16,CHO,PHI,108,121,A,Kelly Oubre,19,9
2024-12-16,CHO,PHI,108,121,A,Miles Bridges,24,6
2024-12-16,CHO,PHI,108,121,A,Nick Richards,19,5
2024-12-16,CHO,PHI,108,121,A,LaMelo Ball,15,5
2024-12-16,CHO,PHI,108,121,A,Cody Martin,10,5
2024-12-16,CHO,PHI,108,121,A,Andre Drummond,9,15
2024-12-16,CHO,PHI,108,121,A,Brandon Miller,12,4
2024-12-16,CHO,PHI,108,121,A,Josh Green,10,2
2024-12-16,CHO,PHI,108,121,A,Eric Gordon,9,1
2024-12-16,CHO,PHI,108,121,A,Mark Williams,7,3
2024-12-16,CHO,PHI,108,121,A,Isaiah Wong,7,2
2024-12-16,CHO,PHI,108,121,A,Ricky Council,6,1
2024-12-16,CHO,PHI,108,121,A,Moussa Diabaté,4,3
2024-12-16,CHO,PHI,108,121,A,Kyle Lowry,3,1
2024-12-16,CHO,PHI,108,121,A,Guerschon Yabusele,0,3
2024-12-16,CHO,PHI,108,121,A,KJ Martin,2,2
2024-12-16,CHO,PHI,108,121,A,Tidjane Salaün ,0,2
2024-12-16,CHO,PHI,108,121,A,Vasilije Micić,0,1
2024-12-16,DEN,SAC,130,129,H,Domantas Sabonis,28,14
2024-12-16,DEN,SAC,130,129,H,Malik Monk,25,6
2024-12-16,DEN,SAC,130,129,H,Nikola Jokić,20,14
2024-12-16,DEN,SAC,130,129,H,Russell Westbrook,18,9
2024-12-16,DEN,SAC,130,129,H,Aaron Gordon,24,7
2024-12-16,DEN,SAC,130,129,H,De'Aaron Fox,29,5
2024-12-16,DEN,SAC,130,129,H,Jamal Murray,28,2
2024-12-16,DEN,SAC,130,129,H,Keon Ellis,12,6
2024-12-16,DEN,SAC,130,129,H,Doug McDermott,16,1
2024-12-16,DEN,SAC,130,129,H,Michael Porter,11,10
2024-12-16,DEN,SAC,130,129,H,DeMar DeRozan,17,3
2024-12-16,DEN,SAC,130,129,H,Julian Strawther,13,4
2024-12-16,DEN,SAC,130,129,H,Hunter Tyson,7,3
2024-12-16,DEN,SAC,130,129,H,Peyton Watson,9,4
2024-12-16,DEN,SAC,130,129,H,Isaac Jones,2,1
2024-12-16,DEN,SAC,130,129,H,DeAndre Jordan,0,2
2024-12-16,DEN,SAC,130,129,H,Colby Jones,0,4
2024-12-16,DEN,SAC,130,129,H,Jae Crowder,0,2
2024-12-16,DEN,SAC,130,129,H,Alex Len,0,0
2024-12-16,CHI,TOR,122,121,H,RJ Barrett,32,5
2024-12-16,CHI,TOR,122,121,H,Nikola Vučević,24,5
2024-12-16,CHI,TOR,122,121,H,Gradey Dick,27,6
2024-12-16,CHI,TOR,122,121,H,Josh Giddey,11,9
2024-12-16,CHI,TOR,122,121,H,Jamal Shead,10,4
2024-12-16,CHI,TOR,122,121,H,Jalen Smith,10,5
2024-12-16,CHI,TOR,122,121,H,Ochai Agbaji,15,3
2024-12-16,CHI,TOR,122,121,H,Coby White,19,0
2024-12-16,CHI,TOR,122,121,H,Talen Horton-Tucker,15,3
2024-12-16,CHI,TOR,122,121,H,Chris Boucher,11,10
2024-12-16,CHI,TOR,122,121,H,Ayo Dosunmu,12,5
2024-12-16,CHI,TOR,122,121,H,Patrick Williams,6,4
2024-12-16,CHI,TOR,122,121,H,Lonzo Ball,8,6
2024-12-16,CHI,TOR,122,121,H,Julian Phillips,10,0
2024-12-16,CHI,TOR,122,121,H,Jakob Poeltl,6,5
2024-12-16,CHI,TOR,122,121,H,Matas Buzelis,7,4
2024-12-16,CHI,TOR,122,121,H,Ja'Kobe Walter,6,3
2024-12-16,CHI,TOR,122,121,H,Davion Mitchell,3,1
2024-12-16,CHI,TOR,122,121,H,Kelly Olynyk,7,3
2024-12-16,CHI,TOR,122,121,H,Jonathan Mogbo,4,4
2024-12-16,CHI,TOR,122,121,H,Garrett Temple,0,0
2024-12-16,BRK,CLE,101,130,A,Caris LeVert,19,1
2024-12-16,BRK,CLE,101,130,A,Evan Mobley,21,5
2024-12-16,BRK,CLE,101,130,A,Donovan Mitchell,18,3
2024-12-16,BRK,CLE,101,130,A,Jarrett Allen,12,8
2024-12-16,BRK,CLE,101,130,A,Cameron Johnson,22,1
2024-12-16,BRK,CLE,101,130,A,Georges Niang,17,9
2024-12-16,BRK,CLE,101,130,A,Day'Ron Sharpe,15,7
2024-12-16,BRK,CLE,101,130,A,Isaac Okoro,12,1
2024-12-16,BRK,CLE,101,130,A,Ben Simmons,10,4
2024-12-16,BRK,CLE,101,130,A,Nic Claxton,8,4
2024-12-16,BRK,CLE,101,130,A,Jalen Wilson,13,1
2024-12-16,BRK,CLE,101,130,A,Darius Garland,11,0
2024-12-16,BRK,CLE,101,130,A,Trendon Watford,8,0
2024-12-16,BRK,CLE,101,130,A,Dorian Finney-Smith,10,4
2024-12-16,BRK,CLE,101,130,A,Dean Wade,3,7
2024-12-16,BRK,CLE,101,130,A,Ty Jerome,5,3
2024-12-16,BRK,CLE,101,130,A,Sam Merrill,7,0
2024-12-16,BRK,CLE,101,130,A,JT Thor,4,1
2024-12-16,BRK,CLE,101,130,A,Tyrese Martin,3,3
2024-12-16,BRK,CLE,101,130,A,Keon Johnson,5,4
2024-12-16,BRK,CLE,101,130,A,Shake Milton,5,5
2024-12-16,BRK,CLE,101,130,A,Tristan Thompson,1,4
2024-12-16,BRK,CLE,101,130,A,Noah Clowney,2,2
2024-12-17,MIL,OKC,97,81,H,Giannis Antetokounmpo,26,19
2024-12-17,MIL,OKC,97,81,H,Isaiah Hartenstein,16,12
2024-12-17,MIL,OKC,97,81,H,Damian Lillard,23,4
2024-12-17,MIL,OKC,97,81,H,Jalen Williams,18,4
2024-12-17,MIL,OKC,97,81,H,Brook Lopez,13,9
2024-12-17,MIL,OKC,97,81,H,Gary Trent,13,3
2024-12-17,MIL,OKC,97,81,H,Shai Gilgeous-Alexander,21,4
2024-12-17,MIL,OKC,97,81,H,Cason Wallace,5,1
2024-12-17,MIL,OKC,97,81,H,A.J. Green,9,1
2024-12-17,MIL,OKC,97,81,H,Isaiah Joe,7,3
2024-12-17,MIL,OKC,97,81,H,Taurean Prince,6,2
2024-12-17,MIL,OKC,97,81,H,Ajay Mitchell,5,2
2024-12-17,MIL,OKC,97,81,H,Alex Caruso,2,3
2024-12-17,MIL,OKC,97,81,H,Luguentz Dort,4,8
2024-12-17,MIL,OKC,97,81,H,Bobby Portis,5,9
2024-12-17,MIL,OKC,97,81,H,Branden Carlson,0,1
2024-12-17,MIL,OKC,97,81,H,Chris Livingston,0,1
2024-12-17,MIL,OKC,97,81,H,Aaron Wiggins,0,3
2024-12-17,MIL,OKC,97,81,H,MarJon Beauchamp,0,0
2024-12-17,MIL,OKC,97,81,H,Pat Connaughton,0,0
2024-12-17,MIL,OKC,97,81,H,Tyler Smith,0,0
2024-12-17,MIL,OKC,97,81,H,Kenrich Williams,3,2
2024-12-17,MIL,OKC,97,81,H,AJ Johnson,0,1
2024-12-17,MIL,OKC,97,81,H,Dillon Jones,0,0
2024-12-17,MIL,OKC,97,81,H,Andre Jackson,2,3
2024-12-19,MIN,NYK,107,133,A,Karl-Anthony Towns,32,20
2024-12-19,MIN,NYK,107,133,A,Mikal Bridges,29,6
2024-12-19,MIN,NYK,107,133,A,Miles McBride,16,5
2024-12-19,MIN,NYK,107,133,A,Anthony Edwards,17,5
2024-12-19,MIN,NYK,107,133,A,Precious Achiuwa,13,10
2024-12-19,MIN,NYK,107,133,A,Josh Minott,11,2
2024-12-19,MIN,NYK,107,133,A,Julius Randle,24,5
2024-12-19,MIN,NYK,107,133,A,Donte DiVincenzo,15,6
2024-12-19,MIN,NYK,107,133,A,Nickeil Alexander-Walker,12,3
2024-12-19,MIN,NYK,107,133,A,OG Anunoby,9,3
2024-12-19,MIN,NYK,107,133,A,Cameron Payne,9,1
2024-12-19,MIN,NYK,107,133,A,Jalen Brunson,14,3
2024-12-19,MIN,NYK,107,133,A,Jaden McDaniels,8,6
2024-12-19,MIN,NYK,107,133,A,Luka Garza,5,2
2024-12-19,MIN,NYK,107,133,A,Rudy Gobert,3,4
2024-12-19,MIN,NYK,107,133,A,Mike Conley,3,0
2024-12-19,MIN,NYK,107,133,A,Matt Ryan,4,1
2024-12-19,MIN,NYK,107,133,A,Jericho Sims,6,6
2024-12-19,MIN,NYK,107,133,A,Terrence Shannon,2,1
2024-12-19,MIN,NYK,107,133,A,Rob Dillingham,4,1
2024-12-19,MIN,NYK,107,133,A,Ariel Hukporti,1,2
2024-12-19,MIN,NYK,107,133,A,Tyler Kolek,0,0
2024-12-19,MIN,NYK,107,133,A,Pacome Dadiet,0,0
2024-12-19,MIN,NYK,107,133,A,Naz Reid,3,2
2024-12-19,ATL,SAS,126,133,A,Victor Wembanyama,42,6
2024-12-19,ATL,SAS,126,133,A,Trae Young,23,0
2024-12-19,ATL,SAS,126,133,A,Larry Nance,21,13
2024-12-19,ATL,SAS,126,133,A,Jalen Johnson,22,9
2024-12-19,ATL,SAS,126,133,A,De'Andre Hunter,27,6
2024-12-19,ATL,SAS,126,133,A,Devin Vassell,23,4
2024-12-19,ATL,SAS,126,133,A,Chris Paul,12,7
2024-12-19,ATL,SAS,126,133,A,Jeremy Sochan,20,8
2024-12-19,ATL,SAS,126,133,A,Keldon Johnson,11,5
2024-12-19,ATL,SAS,126,133,A,Clint Capela,10,9
2024-12-19,ATL,SAS,126,133,A,Bogdan Bogdanović,10,4
2024-12-19,ATL,SAS,126,133,A,Julian Champagnie,8,4
2024-12-19,ATL,SAS,126,133,A,Zaccharie Risacher,9,4
2024-12-19,ATL,SAS,126,133,A,Charles Bassey,4,4
2024-12-19,ATL,SAS,126,133,A,Stephon Castle,7,1
2024-12-19,ATL,SAS,126,133,A,Harrison Barnes,6,3
2024-12-19,ATL,SAS,126,133,A,Vit Krejci,0,3
2024-12-19,ATL,SAS,126,133,A,Dyson Daniels,4,5
2024-12-19,ATL,SAS,126,133,A,Tre Jones,0,0
2024-12-19,BRK,TOR,101,94,H,Cameron Johnson,33,10
2024-12-19,BRK,TOR,101,94,H,Ochai Agbaji,20,5
2024-12-19,BRK,TOR,101,94,H,Scottie Barnes,16,3
2024-12-19,BRK,TOR,101,94,H,Gradey Dick,19,6
2024-12-19,BRK,TOR,101,94,H,Dorian Finney-Smith,8,5
2024-12-19,BRK,TOR,101,94,H,Shake Milton,12,3
2024-12-19,BRK,TOR,101,94,H,Ben Simmons,12,5
2024-12-19,BRK,TOR,101,94,H,Kelly Olynyk,8,6
2024-12-19,BRK,TOR,101,94,H,Nic Claxton,7,5
2024-12-19,BRK,TOR,101,94,H,Noah Clowney,11,9
2024-12-19,BRK,TOR,101,94,H,Jonathan Mogbo,8,6
2024-12-19,BRK,TOR,101,94,H,Tyrese Martin,7,4
2024-12-19,BRK,TOR,101,94,H,Jamison Battle,8,0
2024-12-19,BRK,TOR,101,94,H,Chris Boucher,3,3
2024-12-19,BRK,TOR,101,94,H,Ja'Kobe Walter,7,4
2024-12-19,BRK,TOR,101,94,H,Jalen Wilson,6,2
2024-12-19,BRK,TOR,101,94,H,Jamal Shead,5,1
2024-12-19,BRK,TOR,101,94,H,Day'Ron Sharpe,5,9
2024-12-19,BRK,TOR,101,94,H,Reece Beekman,0,0
2024-12-19,BRK,TOR,101,94,H,Keon Johnson,0,1
2024-12-19,DEN,POR,124,126,A,Nikola Jokić,34,6
2024-12-19,DEN,POR,124,126,A,Jamal Murray,24,3
2024-12-19,DEN,POR,124,126,A,Shaedon Sharpe,27,6
2024-12-19,DEN,POR,124,126,A,Anfernee Simons,28,1
2024-12-19,DEN,POR,124,126,A,Russell Westbrook,19,4
2024-12-19,DEN,POR,124,126,A,Deandre Ayton,15,13
2024-12-19,DEN,POR,124,126,A,Deni Avdija,19,2
2024-12-19,DEN,POR,124,126,A,Toumani Camara,14,8
2024-12-19,DEN,POR,124,126,A,Michael Porter,16,6
2024-12-19,DEN,POR,124,126,A,Christian Braun,13,4
2024-12-19,DEN,POR,124,126,A,Jerami Grant,13,5
2024-12-19,DEN,POR,124,126,A,Peyton Watson,8,2
2024-12-19,DEN,POR,124,126,A,Julian Strawther,6,0
2024-12-19,DEN,POR,124,126,A,DeAndre Jordan,2,7
2024-12-19,DEN,POR,124,126,A,Donovan Clingan,3,2
2024-12-19,DEN,POR,124,126,A,Scoot Henderson,7,4
2024-12-19,DEN,POR,124,126,A,Robert Williams,0,4
2024-12-19,DEN,POR,124,126,A,Hunter Tyson,0,2
2024-12-19,DEN,POR,124,126,A,Aaron Gordon,2,6
2024-12-19,BOS,CHI,108,117,A,Zach LaVine,36,6
2024-12-19,BOS,CHI,108,117,A,Jayson Tatum,31,10
2024-12-19,BOS,CHI,108,117,A,Nikola Vučević,16,14
2024-12-19,BOS,CHI,108,117,A,Ayo Dosunmu,17,8
2024-12-19,BOS,CHI,108,117,A,Derrick White,16,8
2024-12-19,BOS,CHI,108,117,A,Kristaps Porziņģis,20,8
2024-12-19,BOS,CHI,108,117,A,Payton Pritchard,14,6
2024-12-19,BOS,CHI,108,117,A,Jaylen Brown,19,3
2024-12-19,BOS,CHI,108,117,A,Coby White,12,6
2024-12-19,BOS,CHI,108,117,A,Julian Phillips,10,5
2024-12-19,BOS,CHI,108,117,A,Jrue Holiday,6,1
2024-12-19,BOS,CHI,108,117,A,Patrick Williams,14,2
2024-12-19,BOS,CHI,108,117,A,Al Horford,2,5
2024-12-19,BOS,CHI,108,117,A,Talen Horton-Tucker,9,3
2024-12-19,BOS,CHI,108,117,A,Jalen Smith,0,6
2024-12-19,BOS,CHI,108,117,A,Luke Kornet,0,0
2024-12-19,BOS,CHI,108,117,A,Neemias Queta,0,0
2024-12-19,BOS,CHI,108,117,A,Lonzo Ball,3,3
2024-12-19,BOS,CHI,108,117,A,Jaden Springer,0,4
2024-12-19,BOS,CHI,108,117,A,Jordan Walsh,0,0
2024-12-19,BOS,CHI,108,117,A,Matas Buzelis,0,3
2024-12-19,OKC,ORL,105,99,H,Shai Gilgeous-Alexander,35,4
2024-12-19,OKC,ORL,105,99,H,Anthony Black,23,1
2024-12-19,OKC,ORL,105,99,H,Isaiah Hartenstein,12,12
2024-12-19,OKC,ORL,105,99,H,Goga Bitadze,15,10
2024-12-19,OKC,ORL,105,99,H,Wendell Carter,10,13
2024-12-19,OKC,ORL,105,99,H,Alex Caruso,11,3
2024-12-19,OKC,ORL,105,99,H,Kentavious Caldwell-Pope,11,1
2024-12-19,OKC,ORL,105,99,H,Aaron Wiggins,11,2
2024-12-19,OKC,ORL,105,99,H,Tristan Da Silva,15,3
2024-12-19,OKC,ORL,105,99,H,Jalen Suggs,9,5
2024-12-19,OKC,ORL,105,99,H,Moritz Wagner,10,0
2024-12-19,OKC,ORL,105,99,H,Kenrich Williams,6,2
2024-12-19,OKC,ORL,105,99,H,Ajay Mitchell,5,1
2024-12-19,OKC,ORL,105,99,H,Cason Wallace,5,1
2024-12-19,OKC,ORL,105,99,H,Jalen Williams,11,1
2024-12-19,OKC,ORL,105,99,H,Isaiah Joe,7,2
2024-12-19,OKC,ORL,105,99,H,Jonathan Isaac,3,3
2024-12-19,OKC,ORL,105,99,H,Cory Joseph,0,1
2024-12-19,OKC,ORL,105,99,H,Luguentz Dort,2,4
2024-12-19,OKC,ORL,105,99,H,Cole Anthony,3,3
2024-12-19,OKC,ORL,105,99,H,Jett Howard,0,0
2024-12-19,CHO,WAS,114,123,A,LaMelo Ball,34,4
2024-12-19,CHO,WAS,114,123,A,Malcolm Brogdon,25,1
2024-12-19,CHO,WAS,114,123,A,Jordan Poole,27,3
2024-12-19,CHO,WAS,114,123,A,Alex Sarr,19,9
2024-12-19,CHO,WAS,114,123,A,Mark Williams,16,8
2024-12-19,CHO,WAS,114,123,A,Justin Champagnie,14,8
2024-12-19,CHO,WAS,114,123,A,Bilal Coulibaly,14,7
2024-12-19,CHO,WAS,114,123,A,Cody Martin,14,2
2024-12-19,CHO,WAS,114,123,A,Corey Kispert,13,4
2024-12-19,CHO,WAS,114,123,A,Miles Bridges,16,8
2024-12-19,CHO,WAS,114,123,A,Moussa Diabaté,4,7
2024-12-19,CHO,WAS,114,123,A,Nick Richards,8,7
2024-12-19,CHO,WAS,114,123,A,Jonas Valančiūnas,6,8
2024-12-19,CHO,WAS,114,123,A,Seth Curry,8,4
2024-12-19,CHO,WAS,114,123,A,Vasilije Micić,4,3
2024-12-19,CHO,WAS,114,123,A,Carlton Carrington,2,9
2024-12-19,CHO,WAS,114,123,A,Tidjane Salaün ,3,4
2024-12-19,CHO,WAS,114,123,A,Josh Green,5,2
2024-12-19,CHO,WAS,114,123,A,Kyshawn George,3,3
2024-12-19,CHO,WAS,114,123,A,Isaiah Wong,2,3
2024-12-19,IND,PHO,120,111,H,Kevin Durant,37,10
2024-12-19,IND,PHO,120,111,H,Pascal Siakam,25,18
2024-12-19,IND,PHO,120,111,H,Devin Booker,17,2
2024-12-19,IND,PHO,120,111,H,Andrew Nembhard,19,1
2024-12-19,IND,PHO,120,111,H,Tyrese Haliburton,13,4
2024-12-19,IND,PHO,120,111,H,Myles Turner,19,6
2024-12-19,IND,PHO,120,111,H,Obi Toppin,13,8
2024-12-19,IND,PHO,120,111,H,Bennedict Mathurin,16,2
2024-12-19,IND,PHO,120,111,H,Jusuf Nurkić,12,10
2024-12-19,IND,PHO,120,111,H,Bradley Beal,16,2
2024-12-19,IND,PHO,120,111,H,T.J. McConnell,11,2
2024-12-19,IND,PHO,120,111,H,Grayson Allen,8,10
2024-12-19,IND,PHO,120,111,H,Royce O'Neale,9,6
2024-12-19,IND,PHO,120,111,H,Tyus Jones,7,2
2024-12-19,IND,PHO,120,111,H,Jarace Walker,2,0
2024-12-19,IND,PHO,120,111,H,Thomas Bryant,0,4
2024-12-19,IND,PHO,120,111,H,Ben Sheppard,2,2
2024-12-19,IND,PHO,120,111,H,Mason Plumlee,0,1
2024-12-19,IND,PHO,120,111,H,Ryan Dunn,2,0
2024-12-19,IND,PHO,120,111,H,Monte Morris,3,0
2024-12-19,IND,PHO,120,111,H,Oso Ighodaro,0,1
2024-12-19,DET,UTA,119,126,A,Lauri Markkanen,27,14
2024-12-19,DET,UTA,119,126,A,Cade Cunningham,33,4
2024-12-19,DET,UTA,119,126,A,Collin Sexton,30,6
2024-12-19,DET,UTA,119,126,A,Keyonte George,28,4
2024-12-19,DET,UTA,119,126,A,Malik Beasley,26,2
2024-12-19,DET,UTA,119,126,A,Paul Reed,12,9
2024-12-19,DET,UTA,119,126,A,Walker Kessler,6,12
2024-12-19,DET,UTA,119,126,A,Jalen Duren,8,7
2024-12-19,DET,UTA,119,126,A,John Collins,16,9
2024-12-19,DET,UTA,119,126,A,Simone Fontecchio,6,2
2024-12-19,DET,UTA,119,126,A,Ausar Thompson,9,2
2024-12-19,DET,UTA,119,126,A,Brice Sensabaugh,5,5
2024-12-19,DET,UTA,119,126,A,Tobias Harris,8,7
2024-12-19,DET,UTA,119,126,A,Ron Holland,4,3
2024-12-19,DET,UTA,119,126,A,Johnny Juzang,5,3
2024-12-19,DET,UTA,119,126,A,Tim Hardaway,8,2
2024-12-19,DET,UTA,119,126,A,Micah Potter,2,4
2024-12-19,DET,UTA,119,126,A,Marcus Sasser,5,1
2024-12-19,DET,UTA,119,126,A,Drew Eubanks,4,4
2024-12-19,DET,UTA,119,126,A,Jordan Clarkson,3,1
2024-12-19,DAL,LAC,95,118,A,Norman Powell,29,7
2024-12-19,DAL,LAC,95,118,A,Ivica Zubac,21,15
2024-12-19,DAL,LAC,95,118,A,Spencer Dinwiddie,19,3
2024-12-19,DAL,LAC,95,118,A,James Harden,24,4
2024-12-19,DAL,LAC,95,118,A,Klay Thompson,22,3
2024-12-19,DAL,LAC,95,118,A,Dereck Lively,13,7
2024-12-19,DAL,LAC,95,118,A,Amir Coffey,16,3
2024-12-19,DAL,LAC,95,118,A,P.J. Washington,14,9
2024-12-19,DAL,LAC,95,118,A,Quentin Grimes,11,5
2024-12-19,DAL,LAC,95,118,A,Derrick Jones,8,1
2024-12-19,DAL,LAC,95,118,A,Kevin Porter,12,4
2024-12-19,DAL,LAC,95,118,A,Naji Marshall,9,5
2024-12-19,DAL,LAC,95,118,A,Mohamed Bamba,2,7
2024-12-19,DAL,LAC,95,118,A,Nicolas Batum,3,4
2024-12-19,DAL,LAC,95,118,A,Kris Dunn,3,1
2024-12-19,DAL,LAC,95,118,A,Jazian Gortman,5,1
2024-12-19,DAL,LAC,95,118,A,Kai Jones,0,1
2024-12-19,DAL,LAC,95,118,A,Jordan Miller,0,0
2024-12-19,DAL,LAC,95,118,A,Maxi Kleber,0,2
2024-12-19,DAL,LAC,95,118,A,Daniel Gafford,2,4
2024-12-19,DAL,LAC,95,118,A,Markieff Morris,0,0
2024-12-19,DAL,LAC,95,118,A,Dwight Powell,0,0
2024-12-19,DAL,LAC,95,118,A,Kessler Edwards,0,1
2024-12-19,DAL,LAC,95,118,A,Olivier-Maxence Prosper,0,0
2024-12-19,LAL,SAC,113,100,H,Anthony Davis,21,18
2024-12-19,LAL,SAC,113,100,H,Austin Reaves,25,6
2024-12-19,LAL,SAC,113,100,H,Domantas Sabonis,18,12
2024-12-19,LAL,SAC,113,100,H,De'Aaron Fox,26,3
2024-12-19,LAL,SAC,113,100,H,Gabe Vincent,12,5
2024-12-19,LAL,SAC,113,100,H,LeBron James,19,6
2024-12-19,LAL,SAC,113,100,H,D'Angelo Russell,16,6
2024-12-19,LAL,SAC,113,100,H,Max Christie,8,4
2024-12-19,LAL,SAC,113,100,H,Keegan Murray,10,7
2024-12-19,LAL,SAC,113,100,H,Malik Monk,17,3
2024-12-19,LAL,SAC,113,100,H,DeMar DeRozan,10,5
2024-12-19,LAL,SAC,113,100,H,Keon Ellis,5,4
2024-12-19,LAL,SAC,113,100,H,Rui Hachimura,10,5
2024-12-19,LAL,SAC,113,100,H,Isaac Jones,2,3
2024-12-19,LAL,SAC,113,100,H,Alex Len,3,1
2024-12-19,LAL,SAC,113,100,H,Kevin Huerter,7,4
2024-12-19,LAL,SAC,113,100,H,Orlando Robinson,2,1
2024-12-19,LAL,SAC,113,100,H,Colby Jones,0,0
2024-12-19,LAL,SAC,113,100,H,Jordan McLaughlin,0,0
2024-12-19,LAL,SAC,113,100,H,Dalton Knecht,2,1
2024-12-19,LAL,SAC,113,100,H,Doug McDermott,0,0
2024-12-19,LAL,SAC,113,100,H,Christian Koloko,0,1
2024-12-19,LAL,SAC,113,100,H,Cam Reddish,0,0
2024-12-19,HOU,NOP,133,113,H,Jalen Green,34,6
2024-12-19,HOU,NOP,133,113,H,Alperen Sengun,23,9
2024-12-19,HOU,NOP,133,113,H,Dillon Brooks,26,7
2024-12-19,HOU,NOP,133,113,H,Trey Murphy,28,1
2024-12-19,HOU,NOP,133,113,H,Fred VanVleet,13,2
2024-12-19,HOU,NOP,133,113,H,Jabari Smith,15,2
2024-12-19,HOU,NOP,133,113,H,Herbert Jones,20,2
2024-12-19,HOU,NOP,133,113,H,CJ McCollum,18,5
2024-12-19,HOU,NOP,133,113,H,Dejounte Murray,14,5
2024-12-19,HOU,NOP,133,113,H,Yves Missi,11,11
2024-12-19,HOU,NOP,133,113,H,Aaron Holiday,10,3
2024-12-19,HOU,NOP,133,113,H,Brandon Boston,7,3
2024-12-19,HOU,NOP,133,113,H,Amen Thompson,4,4
2024-12-19,HOU,NOP,133,113,H,Trey Jemison,3,6
2024-12-19,HOU,NOP,133,113,H,Cam Whitmore,4,1
2024-12-19,HOU,NOP,133,113,H,Javonte Green,4,3
2024-12-19,HOU,NOP,133,113,H,Steven Adams,2,4
2024-12-19,HOU,NOP,133,113,H,Antonio Reeves,3,0
2024-12-19,HOU,NOP,133,113,H,Jordan Hawkins,5,1
2024-12-19,HOU,NOP,133,113,H,Reed Sheppard,2,3
2024-12-19,HOU,NOP,133,113,H,Jock Landale,0,1
2024-12-19,HOU,NOP,133,113,H,Jeremiah Robinson-Earl,0,0
2024-12-19,HOU,NOP,133,113,H,Jae'Sean Tate,0,0
2024-12-19,GSW,MEM,93,144,A,Brandin Podziemski,21,4
2024-12-19,GSW,MEM,93,144,A,Santi Aldama,21,14
2024-12-19,GSW,MEM,93,144,A,Jaren Jackson,17,6
2024-12-19,GSW,MEM,93,144,A,Jake LaRavia,19,6
2024-12-19,GSW,MEM,93,144,A,Desmond Bane,15,4
2024-12-19,GSW,MEM,93,144,A,Jaylen Wells,13,4
2024-12-19,GSW,MEM,93,144,A,Andrew Wiggins,19,1
2024-12-19,GSW,MEM,93,144,A,Brandon Clarke,8,10
2024-12-19,GSW,MEM,93,144,A,Luke Kennard,15,2
2024-12-19,GSW,MEM,93,144,A,Kyle Anderson,11,3
2024-12-19,GSW,MEM,93,144,A,Trayce Jackson-Davis,7,7
2024-12-19,GSW,MEM,93,144,A,Ja Morant,9,3
2024-12-19,GSW,MEM,93,144,A,Buddy Hield,9,4
2024-12-19,GSW,MEM,93,144,A,Zach Edey,8,8
2024-12-19,GSW,MEM,93,144,A,John Konchar,6,2
2024-12-19,GSW,MEM,93,144,A,Cam Spencer,5,1
2024-12-19,GSW,MEM,93,144,A,Scotty Pippen ,8,0
2024-12-19,GSW,MEM,93,144,A,Kevon Looney,2,4
2024-12-19,GSW,MEM,93,144,A,Jonathan Kuminga,11,4
2024-12-19,GSW,MEM,93,144,A,Gary Payton,3,1
2024-12-19,GSW,MEM,93,144,A,Lindy Waters,3,2
2024-12-19,GSW,MEM,93,144,A,Gui Santos,0,1
2024-12-19,GSW,MEM,93,144,A,Stephen Curry,2,3
2024-12-19,GSW,MEM,93,144,A,Dennis Schröder,5,2
2024-12-19,GSW,MEM,93,144,A,Draymond Green,0,0
2024-12-20,CHO,PHI,98,108,A,Joel Embiid,34,5
2024-12-20,CHO,PHI,98,108,A,Kelly Oubre,22,5
2024-12-20,CHO,PHI,98,108,A,Tyrese Maxey,23,4
2024-12-20,CHO,PHI,98,108,A,Vasilije Micić,20,1
2024-12-20,CHO,PHI,98,108,A,Tidjane Salaün ,8,8
2024-12-20,CHO,PHI,98,108,A,DaQuan Jeffries,12,5
2024-12-20,CHO,PHI,98,108,A,Cody Martin,11,5
2024-12-20,CHO,PHI,98,108,A,Ricky Council,11,2
2024-12-20,CHO,PHI,98,108,A,Isaiah Wong,11,1
2024-12-20,CHO,PHI,98,108,A,Miles Bridges,15,7
2024-12-20,CHO,PHI,98,108,A,Nick Richards,10,6
2024-12-20,CHO,PHI,98,108,A,Guerschon Yabusele,9,5
2024-12-20,CHO,PHI,98,108,A,Paul George,5,10
2024-12-20,CHO,PHI,98,108,A,Moussa Diabaté,7,7
2024-12-20,CHO,PHI,98,108,A,Eric Gordon,2,2
2024-12-20,CHO,PHI,98,108,A,KJ Martin,2,3
2024-12-20,CHO,PHI,98,108,A,Kyle Lowry,0,1
2024-12-20,CHO,PHI,98,108,A,Josh Green,4,3
2024-12-20,CHO,PHI,98,108,A,Seth Curry,0,1
2024-12-20,CHO,PHI,98,108,A,Andre Drummond,0,2
2024-12-20,CLE,MIL,124,101,H,Donovan Mitchell,27,4
2024-12-20,CLE,MIL,124,101,H,Giannis Antetokounmpo,33,14
2024-12-20,CLE,MIL,124,101,H,Dean Wade,15,5
2024-12-20,CLE,MIL,124,101,H,Evan Mobley,15,7
2024-12-20,CLE,MIL,124,101,H,Ty Jerome,13,4
2024-12-20,CLE,MIL,124,101,H,Jarrett Allen,10,10
2024-12-20,CLE,MIL,124,101,H,Darius Garland,16,4
2024-12-20,CLE,MIL,124,101,H,Brook Lopez,10,6
2024-12-20,CLE,MIL,124,101,H,Ryan Rollins,9,0
2024-12-20,CLE,MIL,124,101,H,Khris Middleton,14,3
2024-12-20,CLE,MIL,124,101,H,Gary Trent,8,1
2024-12-20,CLE,MIL,124,101,H,Bobby Portis,9,3
2024-12-20,CLE,MIL,124,101,H,Caris LeVert,7,2
2024-12-20,CLE,MIL,124,101,H,Georges Niang,5,2
2024-12-20,CLE,MIL,124,101,H,Max Strus,9,0
2024-12-20,CLE,MIL,124,101,H,MarJon Beauchamp,8,4
2024-12-20,CLE,MIL,124,101,H,Pat Connaughton,3,1
2024-12-20,CLE,MIL,124,101,H,Tristan Thompson,2,6
2024-12-20,CLE,MIL,124,101,H,Delon Wright,2,2
2024-12-20,CLE,MIL,124,101,H,Taurean Prince,5,3
2024-12-20,CLE,MIL,124,101,H,Stanley Umude,0,3
2024-12-20,CLE,MIL,124,101,H,A.J. Green,0,1
2024-12-20,CLE,MIL,124,101,H,Liam Robbins,0,2
2024-12-20,CLE,MIL,124,101,H,Sam Merrill,5,3
2024-12-20,CLE,MIL,124,101,H,Craig Porter,0,1
2024-12-20,CLE,MIL,124,101,H,Andre Jackson,0,2
2024-12-20,CLE,MIL,124,101,H,Jaylon Tyson,0,0
2024-12-20,MIA,OKC,97,104,A,Tyler Herro,28,12
2024-12-20,MIA,OKC,97,104,A,Jalen Williams,33,6
2024-12-20,MIA,OKC,97,104,A,Isaiah Hartenstein,13,18
2024-12-20,MIA,OKC,97,104,A,Shai Gilgeous-Alexander,25,7
2024-12-20,MIA,OKC,97,104,A,Dru Smith,13,0
2024-12-20,MIA,OKC,97,104,A,Luguentz Dort,14,1
2024-12-20,MIA,OKC,97,104,A,Bam Adebayo,17,10
2024-12-20,MIA,OKC,97,104,A,Duncan Robinson,13,3
2024-12-20,MIA,OKC,97,104,A,Alex Caruso,4,3
2024-12-20,MIA,OKC,97,104,A,Kenrich Williams,5,3
2024-12-20,MIA,OKC,97,104,A,Terry Rozier,7,4
2024-12-20,MIA,OKC,97,104,A,Cason Wallace,2,2
2024-12-20,MIA,OKC,97,104,A,Jaime Jaquez,9,6
2024-12-20,MIA,OKC,97,104,A,Aaron Wiggins,3,3
2024-12-20,MIA,OKC,97,104,A,Jimmy Butler,0,0
2024-12-20,MIA,OKC,97,104,A,Haywood Highsmith,3,5
2024-12-20,MIA,OKC,97,104,A,Nikola Jović,7,1
2024-12-20,MIA,OKC,97,104,A,Isaiah Joe,3,2
2024-12-20,MIA,OKC,97,104,A,Ajay Mitchell,2,3
2024-12-20,MIA,OKC,97,104,A,Kevin Love,0,0
2024-12-21,BOS,CHI,123,98,H,Jayson Tatum,43,15
2024-12-21,BOS,CHI,123,98,H,Kristaps Porziņģis,22,7
2024-12-21,BOS,CHI,123,98,H,Nikola Vučević,19,10
2024-12-21,BOS,CHI,123,98,H,Jaylen Brown,19,5
2024-12-21,BOS,CHI,123,98,H,Patrick Williams,14,5
2024-12-21,BOS,CHI,123,98,H,Zach LaVine,14,4
2024-12-21,BOS,CHI,123,98,H,Jrue Holiday,7,6
2024-12-21,BOS,CHI,123,98,H,Ayo Dosunmu,7,4
2024-12-21,BOS,CHI,123,98,H,Payton Pritchard,6,4
2024-12-21,BOS,CHI,123,98,H,Julian Phillips,7,4
2024-12-21,BOS,CHI,123,98,H,Luke Kornet,4,8
2024-12-21,BOS,CHI,123,98,H,Al Horford,8,7
2024-12-21,BOS,CHI,123,98,H,Matas Buzelis,9,1
2024-12-21,BOS,CHI,123,98,H,Jevon Carter,4,1
2024-12-21,BOS,CHI,123,98,H,Jalen Smith,2,8
2024-12-21,BOS,CHI,123,98,H,Coby White,14,0
2024-12-21,BOS,CHI,123,98,H,Jaden Springer,3,1
2024-12-21,BOS,CHI,123,98,H,Jordan Walsh,3,1
2024-12-21,BOS,CHI,123,98,H,Lonzo Ball,2,2
2024-12-21,BOS,CHI,123,98,H,Talen Horton-Tucker,3,3
2024-12-21,BOS,CHI,123,98,H,Derrick White,8,4
2024-12-21,BOS,CHI,123,98,H,Xavier Tillman,0,1
2024-12-21,BOS,CHI,123,98,H,Dalen Terry,3,1
2024-12-21,MIL,WAS,112,101,H,Bobby Portis,34,10
2024-12-21,MIL,WAS,112,101,H,Bilal Coulibaly,20,12
2024-12-21,MIL,WAS,112,101,H,Khris Middleton,18,6
2024-12-21,MIL,WAS,112,101,H,Corey Kispert,16,2
2024-12-21,MIL,WAS,112,101,H,Alex Sarr,11,5
2024-12-21,MIL,WAS,112,101,H,Jordan Poole,26,5
2024-12-21,MIL,WAS,112,101,H,Gary Trent,15,7
2024-12-21,MIL,WAS,112,101,H,A.J. Green,6,4
2024-12-21,MIL,WAS,112,101,H,Ryan Rollins,14,3
2024-12-21,MIL,WAS,112,101,H,Andre Jackson,5,7
2024-12-21,MIL,WAS,112,101,H,Brook Lopez,14,1
2024-12-21,MIL,WAS,112,101,H,Jonas Valančiūnas,6,6
2024-12-21,MIL,WAS,112,101,H,Kyshawn George,7,4
2024-12-21,MIL,WAS,112,101,H,Carlton Carrington,7,2
2024-12-21,MIL,WAS,112,101,H,Justin Champagnie,3,6
2024-12-21,MIL,WAS,112,101,H,Taurean Prince,4,3
2024-12-21,MIL,WAS,112,101,H,Delon Wright,2,3
2024-12-21,MIL,WAS,112,101,H,MarJon Beauchamp,0,0
2024-12-21,MIL,WAS,112,101,H,Malcolm Brogdon,5,5
2024-12-21,NOP,NYK,93,104,A,Jalen Brunson,39,1
2024-12-21,NOP,NYK,93,104,A,Trey Murphy,26,6
2024-12-21,NOP,NYK,93,104,A,Josh Hart,14,8
2024-12-21,NOP,NYK,93,104,A,OG Anunoby,16,5
2024-12-21,NOP,NYK,93,104,A,Dejounte Murray,14,9
2024-12-21,NOP,NYK,93,104,A,CJ McCollum,13,5
2024-12-21,NOP,NYK,93,104,A,Mikal Bridges,18,0
2024-12-21,NOP,NYK,93,104,A,Jordan Hawkins,9,2
2024-12-21,NOP,NYK,93,104,A,Javonte Green,6,5
2024-12-21,NOP,NYK,93,104,A,Karl-Anthony Towns,11,10
2024-12-21,NOP,NYK,93,104,A,Yves Missi,9,8
2024-12-21,NOP,NYK,93,104,A,Jericho Sims,0,8
2024-12-21,NOP,NYK,93,104,A,Jeremiah Robinson-Earl,4,4
2024-12-21,NOP,NYK,93,104,A,Herbert Jones,5,4
2024-12-21,NOP,NYK,93,104,A,Precious Achiuwa,2,7
2024-12-21,NOP,NYK,93,104,A,Brandon Boston,7,2
2024-12-21,NOP,NYK,93,104,A,Cameron Payne,2,1
2024-12-21,NOP,NYK,93,104,A,Miles McBride,2,2
2024-12-21,POR,SAS,94,114,A,Victor Wembanyama,30,7
2024-12-21,POR,SAS,94,114,A,Shaedon Sharpe,25,3
2024-12-21,POR,SAS,94,114,A,Charles Bassey,16,12
2024-12-21,POR,SAS,94,114,A,Deandre Ayton,14,8
2024-12-21,POR,SAS,94,114,A,Jeremy Sochan,10,7
2024-12-21,POR,SAS,94,114,A,Anfernee Simons,18,4
2024-12-21,POR,SAS,94,114,A,Tre Jones,4,3
2024-12-21,POR,SAS,94,114,A,Chris Paul,6,4
2024-12-21,POR,SAS,94,114,A,Donovan Clingan,7,6
2024-12-21,POR,SAS,94,114,A,Devin Vassell,11,4
2024-12-21,POR,SAS,94,114,A,Keldon Johnson,11,2
2024-12-21,POR,SAS,94,114,A,Harrison Barnes,9,3
2024-12-21,POR,SAS,94,114,A,Scoot Henderson,12,4
2024-12-21,POR,SAS,94,114,A,Stephon Castle,8,4
2024-12-21,POR,SAS,94,114,A,Deni Avdija,7,6
2024-12-21,POR,SAS,94,114,A,Jabari Walker,3,1
2024-12-21,POR,SAS,94,114,A,Robert Williams,0,4
2024-12-21,POR,SAS,94,114,A,Duop Reath,3,0
2024-12-21,POR,SAS,94,114,A,Kris Murray,0,1
2024-12-21,POR,SAS,94,114,A,Julian Champagnie,7,3
2024-12-21,POR,SAS,94,114,A,Sidy Cissoko,2,0
2024-12-21,POR,SAS,94,114,A,Toumani Camara,0,7
2024-12-21,POR,SAS,94,114,A,Blake Wesley,0,0
2024-12-21,POR,SAS,94,114,A,Sandro Mamukelashvili,0,0
2024-12-21,POR,SAS,94,114,A,Rayan Rupert,0,0
2024-12-21,POR,SAS,94,114,A,Malaki Branham,0,0
2024-12-21,POR,SAS,94,114,A,Jerami Grant,5,0
2024-12-21,MIA,ORL,114,121,A,Cole Anthony,35,8
2024-12-21,MIA,ORL,114,121,A,Goga Bitadze,18,13
2024-12-21,MIA,ORL,114,121,A,Kentavious Caldwell-Pope,24,2
2024-12-21,MIA,ORL,114,121,A,Terry Rozier,23,5
2024-12-21,MIA,ORL,114,121,A,Bam Adebayo,23,6
2024-12-21,MIA,ORL,114,121,A,Tyler Herro,22,6
2024-12-21,MIA,ORL,114,121,A,Dru Smith,14,4
2024-12-21,MIA,ORL,114,121,A,Kel'el Ware,8,7
2024-12-21,MIA,ORL,114,121,A,Trevelin Queen,7,1
2024-12-21,MIA,ORL,114,121,A,Duncan Robinson,10,4
2024-12-21,MIA,ORL,114,121,A,Tristan Da Silva,8,2
2024-12-21,MIA,ORL,114,121,A,Cory Joseph,5,4
2024-12-21,MIA,ORL,114,121,A,Wendell Carter,5,1
2024-12-21,MIA,ORL,114,121,A,Pelle Larsson,5,2
2024-12-21,MIA,ORL,114,121,A,Jett Howard,9,4
2024-12-21,MIA,ORL,114,121,A,Jaime Jaquez,5,2
2024-12-21,MIA,ORL,114,121,A,Nikola Jović,4,1
2024-12-21,MIA,ORL,114,121,A,Anthony Black,10,1
2024-12-21,MIA,ORL,114,121,A,Haywood Highsmith,0,1
2024-12-21,MIA,ORL,114,121,A,Jonathan Isaac,0,5
2024-12-21,MIA,ORL,114,121,A,Moritz Wagner,0,0
2024-12-21,MIA,ORL,114,121,A,Caleb Houstan,0,0
2024-12-21,DET,PHO,133,125,H,Kevin Durant,43,5
2024-12-21,DET,PHO,133,125,H,Cade Cunningham,28,1
2024-12-21,DET,PHO,133,125,H,Jaden Ivey,20,8
2024-12-21,DET,PHO,133,125,H,Bradley Beal,26,6
2024-12-21,DET,PHO,133,125,H,Jalen Duren,17,11
2024-12-21,DET,PHO,133,125,H,Tyus Jones,19,0
2024-12-21,DET,PHO,133,125,H,Jusuf Nurkić,10,7
2024-12-21,DET,PHO,133,125,H,Tim Hardaway,16,1
2024-12-21,DET,PHO,133,125,H,Malik Beasley,18,2
2024-12-21,DET,PHO,133,125,H,Paul Reed,6,3
2024-12-21,DET,PHO,133,125,H,Mason Plumlee,5,9
2024-12-21,DET,PHO,133,125,H,Tobias Harris,10,3
2024-12-21,DET,PHO,133,125,H,Royce O'Neale,11,3
2024-12-21,DET,PHO,133,125,H,Simone Fontecchio,10,1
2024-12-21,DET,PHO,133,125,H,Ron Holland,4,3
2024-12-21,DET,PHO,133,125,H,Grayson Allen,2,3
2024-12-21,DET,PHO,133,125,H,Ryan Dunn,5,2
2024-12-21,DET,PHO,133,125,H,Monte Morris,4,0
2024-12-21,DET,PHO,133,125,H,Ausar Thompson,4,2
2024-12-21,GSW,MIN,113,103,H,Stephen Curry,31,3
2024-12-21,GSW,MIN,113,103,H,Rudy Gobert,18,12
2024-12-21,GSW,MIN,113,103,H,Donte DiVincenzo,19,4
2024-12-21,GSW,MIN,113,103,H,Trayce Jackson-Davis,15,9
2024-12-21,GSW,MIN,113,103,H,Brandin Podziemski,12,7
2024-12-21,GSW,MIN,113,103,H,Julius Randle,16,7
2024-12-21,GSW,MIN,113,103,H,Anthony Edwards,19,7
2024-12-21,GSW,MIN,113,103,H,Naz Reid,16,4
2024-12-21,GSW,MIN,113,103,H,Gary Payton,7,5
2024-12-21,GSW,MIN,113,103,H,Buddy Hield,11,3
2024-12-21,GSW,MIN,113,103,H,Jaden McDaniels,10,7
2024-12-21,GSW,MIN,113,103,H,Andrew Wiggins,9,2
2024-12-21,GSW,MIN,113,103,H,Jonathan Kuminga,11,4
2024-12-21,GSW,MIN,113,103,H,Kevon Looney,5,8
2024-12-21,GSW,MIN,113,103,H,Dennis Schröder,9,2
2024-12-21,GSW,MIN,113,103,H,Kyle Anderson,3,2
2024-12-21,GSW,MIN,113,103,H,Mike Conley,3,2
2024-12-21,GSW,MIN,113,103,H,Josh Minott,0,0
2024-12-21,GSW,MIN,113,103,H,Nickeil Alexander-Walker,2,2
2024-12-21,LAL,SAC,103,99,H,De'Aaron Fox,31,5
2024-12-21,LAL,SAC,103,99,H,LeBron James,32,7
2024-12-21,LAL,SAC,103,99,H,Domantas Sabonis,19,19
2024-12-21,LAL,SAC,103,99,H,D'Angelo Russell,20,4
2024-12-21,LAL,SAC,103,99,H,Rui Hachimura,9,11
2024-12-21,LAL,SAC,103,99,H,Austin Reaves,16,4
2024-12-21,LAL,SAC,103,99,H,DeMar DeRozan,12,4
2024-12-21,LAL,SAC,103,99,H,Anthony Davis,10,15
2024-12-21,LAL,SAC,103,99,H,Max Christie,5,3
2024-12-21,LAL,SAC,103,99,H,Cam Reddish,5,4
2024-12-21,LAL,SAC,103,99,H,Kevin Huerter,9,2
2024-12-21,LAL,SAC,103,99,H,Gabe Vincent,6,0
2024-12-21,LAL,SAC,103,99,H,Keegan Murray,10,4
2024-12-21,LAL,SAC,103,99,H,Keon Ellis,5,2
2024-12-21,LAL,SAC,103,99,H,Isaac Jones,3,3
2024-12-21,LAL,SAC,103,99,H,Trey Lyles,3,3
2024-12-21,LAL,SAC,103,99,H,Malik Monk,7,4
2024-12-21,LAL,SAC,103,99,H,Alex Len,0,0
2024-12-21,LAL,SAC,103,99,H,Dalton Knecht,0,0
2024-12-21,LAL,SAC,103,99,H,Christian Koloko,0,0
2024-12-21,CLE,PHI,126,99,H,Evan Mobley,22,13
2024-12-21,CLE,PHI,126,99,H,Darius Garland,26,5
2024-12-21,CLE,PHI,126,99,H,Tyrese Maxey,27,1
2024-12-21,CLE,PHI,126,99,H,Donovan Mitchell,19,4
2024-12-21,CLE,PHI,126,99,H,Georges Niang,13,5
2024-12-21,CLE,PHI,126,99,H,Ricky Council,11,5
2024-12-21,CLE,PHI,126,99,H,Dean Wade,6,4
2024-12-21,CLE,PHI,126,99,H,Jeff Dowtin,9,0
2024-12-21,CLE,PHI,126,99,H,Ty Jerome,11,4
2024-12-21,CLE,PHI,126,99,H,Caris LeVert,12,1
2024-12-21,CLE,PHI,126,99,H,Jaylon Tyson,8,3
2024-12-21,CLE,PHI,126,99,H,Eric Gordon,7,0
2024-12-21,CLE,PHI,126,99,H,Jarrett Allen,6,6
2024-12-21,CLE,PHI,126,99,H,Guerschon Yabusele,7,3
2024-12-21,CLE,PHI,126,99,H,Paul George,11,5
2024-12-21,CLE,PHI,126,99,H,Adem Bona,3,3
2024-12-21,CLE,PHI,126,99,H,KJ Martin,7,7
2024-12-21,CLE,PHI,126,99,H,Kelly Oubre,9,5
2024-12-21,CLE,PHI,126,99,H,Caleb Martin,8,3
2024-12-21,CLE,PHI,126,99,H,Craig Porter,2,1
2024-12-21,CLE,PHI,126,99,H,Tristan Thompson,1,2
2024-12-21,CLE,PHI,126,99,H,Kyle Lowry,0,1
2024-12-21,CLE,PHI,126,99,H,Andre Drummond,0,8
2024-12-21,CLE,PHI,126,99,H,Sam Merrill,0,1
2024-12-21,ATL,MEM,112,128,A,Desmond Bane,23,5
2024-12-21,ATL,MEM,112,128,A,Scotty Pippen ,22,5
2024-12-21,ATL,MEM,112,128,A,De'Andre Hunter,26,2
2024-12-21,ATL,MEM,112,128,A,Dyson Daniels,15,3
2024-12-21,ATL,MEM,112,128,A,Jake LaRavia,16,4
2024-12-21,ATL,MEM,112,128,A,Jalen Johnson,13,11
2024-12-21,ATL,MEM,112,128,A,Jaylen Wells,13,3
2024-12-21,ATL,MEM,112,128,A,Marcus Smart,9,0
2024-12-21,ATL,MEM,112,128,A,Santi Aldama,10,6
2024-12-21,ATL,MEM,112,128,A,Larry Nance,7,10
2024-12-21,ATL,MEM,112,128,A,Zach Edey,10,6
2024-12-21,ATL,MEM,112,128,A,Zaccharie Risacher,10,2
2024-12-21,ATL,MEM,112,128,A,Clint Capela,8,8
2024-12-21,ATL,MEM,112,128,A,Brandon Clarke,8,3
2024-12-21,ATL,MEM,112,128,A,Vit Krejci,7,0
2024-12-21,ATL,MEM,112,128,A,Garrison Mathews,6,1
2024-12-21,ATL,MEM,112,128,A,Dominick Barlow,3,1
2024-12-21,ATL,MEM,112,128,A,David Roddy,5,2
2024-12-21,ATL,MEM,112,128,A,Keaton Wallace,5,1
2024-12-21,ATL,MEM,112,128,A,Jaren Jackson,13,5
2024-12-21,ATL,MEM,112,128,A,Bogdan Bogdanović,7,0
2024-12-21,ATL,MEM,112,128,A,Luke Kennard,4,2
2024-12-21,ATL,MEM,112,128,A,John Konchar,0,1
2024-12-21,ATL,MEM,112,128,A,Cam Spencer,0,0
2024-12-21,DAL,LAC,113,97,H,Quentin Grimes,20,7
2024-12-21,DAL,LAC,113,97,H,Dereck Lively,11,11
2024-12-21,DAL,LAC,113,97,H,Norman Powell,28,5
2024-12-21,DAL,LAC,113,97,H,Ivica Zubac,13,15
2024-12-21,DAL,LAC,113,97,H,Klay Thompson,16,1
2024-12-21,DAL,LAC,113,97,H,Spencer Dinwiddie,15,3
2024-12-21,DAL,LAC,113,97,H,Kevin Porter,19,2
2024-12-21,DAL,LAC,113,97,H,Daniel Gafford,13,6
2024-12-21,DAL,LAC,113,97,H,Naji Marshall,12,3
2024-12-21,DAL,LAC,113,97,H,Kris Dunn,9,3
2024-12-21,DAL,LAC,113,97,H,James Harden,19,8
2024-12-21,DAL,LAC,113,97,H,Nicolas Batum,3,0
2024-12-21,DAL,LAC,113,97,H,P.J. Washington,10,7
2024-12-21,DAL,LAC,113,97,H,Kyrie Irving,15,3
2024-12-21,DAL,LAC,113,97,H,Derrick Jones,4,4
2024-12-21,DAL,LAC,113,97,H,Maxi Kleber,1,2
2024-12-21,DAL,LAC,113,97,H,Kessler Edwards,0,0
2024-12-21,DAL,LAC,113,97,H,Jazian Gortman,0,0
2024-12-21,DAL,LAC,113,97,H,Kai Jones,0,0
2024-12-21,DAL,LAC,113,97,H,Jordan Miller,0,0
2024-12-21,DAL,LAC,113,97,H,Dwight Powell,0,0
2024-12-21,DAL,LAC,113,97,H,Olivier-Maxence Prosper,0,0
2024-12-21,DAL,LAC,113,97,H,Amir Coffey,0,1
2024-12-21,DAL,LAC,113,97,H,Mohamed Bamba,2,2
2024-12-21,BRK,UTA,94,105,A,Jordan Clarkson,16,3
2024-12-21,BRK,UTA,94,105,A,Collin Sexton,18,2
2024-12-21,BRK,UTA,94,105,A,Ben Simmons,15,6
2024-12-21,BRK,UTA,94,105,A,Svi Mykhailiuk,18,0
2024-12-21,BRK,UTA,94,105,A,Lauri Markkanen,21,7
2024-12-21,BRK,UTA,94,105,A,Cameron Johnson,18,3
2024-12-21,BRK,UTA,94,105,A,Nic Claxton,10,5
2024-12-21,BRK,UTA,94,105,A,Walker Kessler,5,7
2024-12-21,BRK,UTA,94,105,A,Brice Sensabaugh,8,4
2024-12-21,BRK,UTA,94,105,A,Day'Ron Sharpe,6,9
2024-12-21,BRK,UTA,94,105,A,Shake Milton,11,2
2024-12-21,BRK,UTA,94,105,A,Noah Clowney,10,6
2024-12-21,BRK,UTA,94,105,A,Jalen Wilson,9,7
2024-12-21,BRK,UTA,94,105,A,Tyrese Martin,7,4
2024-12-21,BRK,UTA,94,105,A,John Collins,13,11
2024-12-21,BRK,UTA,94,105,A,Micah Potter,3,2
2024-12-21,BRK,UTA,94,105,A,Johnny Juzang,3,2
2024-12-21,BRK,UTA,94,105,A,Keon Johnson,8,8
2024-12-21,BRK,UTA,94,105,A,Drew Eubanks,0,3
2024-12-21,BRK,UTA,94,105,A,Isaiah Collier,0,4
2024-12-22,DEN,NOP,132,129,H,Nikola Jokić,27,13
2024-12-22,DEN,NOP,132,129,H,Yves Missi,21,9
2024-12-22,DEN,NOP,132,129,H,Jamal Murray,27,8
2024-12-22,DEN,NOP,132,129,H,Dejounte Murray,17,8
2024-12-22,DEN,NOP,132,129,H,CJ McCollum,24,6
2024-12-22,DEN,NOP,132,129,H,Jordan Hawkins,25,1
2024-12-22,DEN,NOP,132,129,H,Trey Murphy,21,8
2024-12-22,DEN,NOP,132,129,H,Russell Westbrook,21,5
2024-12-22,DEN,NOP,132,129,H,Aaron Gordon,17,8
2024-12-22,DEN,NOP,132,129,H,Christian Braun,10,6
2024-12-22,DEN,NOP,132,129,H,Julian Strawther,13,1
2024-12-22,DEN,NOP,132,129,H,Herbert Jones,8,6
2024-12-22,DEN,NOP,132,129,H,Peyton Watson,5,5
2024-12-22,DEN,NOP,132,129,H,Brandon Boston,8,1
2024-12-22,DEN,NOP,132,129,H,DeAndre Jordan,4,4
2024-12-22,DEN,NOP,132,129,H,Daniel Theis,3,3
2024-12-22,DEN,NOP,132,129,H,Michael Porter,8,4
2024-12-22,DEN,NOP,132,129,H,Javonte Green,2,1
2024-12-22,HOU,TOR,114,110,H,Dillon Brooks,27,6
2024-12-22,HOU,TOR,114,110,H,Ja'Kobe Walter,27,2
2024-12-22,HOU,TOR,114,110,H,Jamal Shead,11,6
2024-12-22,HOU,TOR,114,110,H,Alperen Sengun,17,10
2024-12-22,HOU,TOR,114,110,H,Jabari Smith,15,9
2024-12-22,HOU,TOR,114,110,H,Jalen Green,22,7
2024-12-22,HOU,TOR,114,110,H,Gradey Dick,14,2
2024-12-22,HOU,TOR,114,110,H,Ochai Agbaji,15,5
2024-12-22,HOU,TOR,114,110,H,Chris Boucher,15,1
2024-12-22,HOU,TOR,114,110,H,Cam Whitmore,11,4
2024-12-22,HOU,TOR,114,110,H,Amen Thompson,10,5
2024-12-22,HOU,TOR,114,110,H,Jamison Battle,11,4
2024-12-22,HOU,TOR,114,110,H,Jae'Sean Tate,7,2
2024-12-22,HOU,TOR,114,110,H,Kelly Olynyk,8,9
2024-12-22,HOU,TOR,114,110,H,Jonathan Mogbo,3,3
2024-12-22,HOU,TOR,114,110,H,Scottie Barnes,6,10
2024-12-22,HOU,TOR,114,110,H,Reed Sheppard,3,2
2024-12-22,HOU,TOR,114,110,H,Fred VanVleet,2,8
2024-12-22,HOU,TOR,114,110,H,Jock Landale,0,0
2024-12-22,IND,SAC,122,95,H,De'Aaron Fox,23,5
2024-12-22,IND,SAC,122,95,H,T.J. McConnell,12,7
2024-12-22,IND,SAC,122,95,H,Tyrese Haliburton,14,5
2024-12-22,IND,SAC,122,95,H,Pascal Siakam,19,10
2024-12-22,IND,SAC,122,95,H,Myles Turner,15,6
2024-12-22,IND,SAC,122,95,H,Domantas Sabonis,17,21
2024-12-22,IND,SAC,122,95,H,Andrew Nembhard,12,1
2024-12-22,IND,SAC,122,95,H,Ben Sheppard,14,1
2024-12-22,IND,SAC,122,95,H,Thomas Bryant,8,4
2024-12-22,IND,SAC,122,95,H,Kevin Huerter,8,5
2024-12-22,IND,SAC,122,95,H,Obi Toppin,11,3
2024-12-22,IND,SAC,122,95,H,Keegan Murray,10,4
2024-12-22,IND,SAC,122,95,H,Trey Lyles,8,3
2024-12-22,IND,SAC,122,95,H,Jarace Walker,9,2
2024-12-22,IND,SAC,122,95,H,Malik Monk,14,4
2024-12-22,IND,SAC,122,95,H,Johnny Furphy,4,1
2024-12-22,IND,SAC,122,95,H,Bennedict Mathurin,4,8
2024-12-22,IND,SAC,122,95,H,Isaac Jones,2,1
2024-12-22,IND,SAC,122,95,H,Jordan McLaughlin,3,0
2024-12-22,IND,SAC,122,95,H,Colby Jones,2,1
2024-12-22,IND,SAC,122,95,H,Doug McDermott,3,1
2024-12-22,IND,SAC,122,95,H,Keon Ellis,3,0
2024-12-22,IND,SAC,122,95,H,James Johnson,0,2
2024-12-22,IND,SAC,122,95,H,DeMar DeRozan,2,2
2024-12-22,IND,SAC,122,95,H,Orlando Robinson,0,0
2024-12-23,OKC,WAS,123,105,H,Shai Gilgeous-Alexander,41,9
2024-12-23,OKC,WAS,123,105,H,Jordan Poole,31,3
2024-12-23,OKC,WAS,123,105,H,Ajay Mitchell,16,12
2024-12-23,OKC,WAS,123,105,H,Isaiah Hartenstein,16,11
2024-12-23,OKC,WAS,123,105,H,Jonas Valančiūnas,12,16
2024-12-23,OKC,WAS,123,105,H,Cason Wallace,9,4
2024-12-23,OKC,WAS,123,105,H,Malcolm Brogdon,12,6
2024-12-23,OKC,WAS,123,105,H,Jalen Williams,17,7
2024-12-23,OKC,WAS,123,105,H,Kyshawn George,11,3
2024-12-23,OKC,WAS,123,105,H,Kenrich Williams,7,8
2024-12-23,OKC,WAS,123,105,H,Marvin Bagley,7,6
2024-12-23,OKC,WAS,123,105,H,Carlton Carrington,14,2
2024-12-23,OKC,WAS,123,105,H,Alex Caruso,2,2
2024-12-23,OKC,WAS,123,105,H,Corey Kispert,8,3
2024-12-23,OKC,WAS,123,105,H,Justin Champagnie,3,8
2024-12-23,OKC,WAS,123,105,H,Jaylin Williams,3,0
2024-12-23,OKC,WAS,123,105,H,Isaiah Joe,5,2
2024-12-23,OKC,WAS,123,105,H,Patrick Baldwin,2,0
2024-12-23,OKC,WAS,123,105,H,Johnny Davis,0,1
2024-12-23,OKC,WAS,123,105,H,Richaun Holmes,0,2
2024-12-23,OKC,WAS,123,105,H,Jared Butler,5,1
2024-12-23,OKC,WAS,123,105,H,Dillon Jones,0,0
2024-12-23,OKC,WAS,123,105,H,Aaron Wiggins,7,1
2024-12-23,OKC,WAS,123,105,H,Ousmane Dieng,0,1
2024-12-23,OKC,WAS,123,105,H,Tristan Vukcevic,0,0
2024-12-23,OKC,WAS,123,105,H,Luguentz Dort,0,2
2024-12-23,NYK,TOR,139,125,H,Karl-Anthony Towns,31,10
2024-12-23,NYK,TOR,139,125,H,OG Anunoby,31,7
2024-12-23,NYK,TOR,139,125,H,Chris Boucher,16,3
2024-12-23,NYK,TOR,139,125,H,RJ Barrett,23,6
2024-12-23,NYK,TOR,139,125,H,Cameron Payne,19,2
2024-12-23,NYK,TOR,139,125,H,Scottie Barnes,24,3
2024-12-23,NYK,TOR,139,125,H,Miles McBride,12,4
2024-12-23,NYK,TOR,139,125,H,Ja'Kobe Walter,16,1
2024-12-23,NYK,TOR,139,125,H,Gradey Dick,16,5
2024-12-23,NYK,TOR,139,125,H,Mikal Bridges,14,1
2024-12-23,NYK,TOR,139,125,H,Josh Hart,11,3
2024-12-23,NYK,TOR,139,125,H,Jonathan Mogbo,8,4
2024-12-23,NYK,TOR,139,125,H,Precious Achiuwa,5,7
2024-12-23,NYK,TOR,139,125,H,Jalen Brunson,12,1
2024-12-23,NYK,TOR,139,125,H,Davion Mitchell,5,0
2024-12-23,NYK,TOR,139,125,H,Kelly Olynyk,6,3
2024-12-23,NYK,TOR,139,125,H,Jamison Battle,4,2
2024-12-23,NYK,TOR,139,125,H,A.J. Lawson,3,0
2024-12-23,NYK,TOR,139,125,H,Jericho Sims,2,0
2024-12-23,NYK,TOR,139,125,H,Landry Shamet,2,0
2024-12-23,NYK,TOR,139,125,H,Ochai Agbaji,4,2
2024-12-23,NYK,TOR,139,125,H,Jacob Toppin,0,0
2024-12-23,NYK,TOR,139,125,H,Ulrich Chomche,0,1
2024-12-23,NYK,TOR,139,125,H,Tyler Kolek,0,0
2024-12-23,DET,LAL,117,114,H,LeBron James,28,11
2024-12-23,DET,LAL,117,114,H,Anthony Davis,19,10
2024-12-23,DET,LAL,117,114,H,Malik Beasley,21,5
2024-12-23,DET,LAL,117,114,H,Max Christie,17,1
2024-12-23,DET,LAL,117,114,H,Jaden Ivey,18,3
2024-12-23,DET,LAL,117,114,H,Simone Fontecchio,13,2
2024-12-23,DET,LAL,117,114,H,Cade Cunningham,20,5
2024-12-23,DET,LAL,117,114,H,Ron Holland,10,4
2024-12-23,DET,LAL,117,114,H,Tim Hardaway,15,0
2024-12-23,DET,LAL,117,114,H,Jalen Duren,6,9
2024-12-23,DET,LAL,117,114,H,Cam Reddish,7,4
2024-12-23,DET,LAL,117,114,H,Ausar Thompson,8,5
2024-12-23,DET,LAL,117,114,H,Paul Reed,0,3
2024-12-23,DET,LAL,117,114,H,Austin Reaves,12,7
2024-12-23,DET,LAL,117,114,H,Dalton Knecht,7,2
2024-12-23,DET,LAL,117,114,H,Rui Hachimura,10,1
2024-12-23,DET,LAL,117,114,H,Gabe Vincent,9,2
2024-12-23,DET,LAL,117,114,H,Tobias Harris,6,1
2024-12-23,DET,LAL,117,114,H,D'Angelo Russell,5,0
2024-12-23,PHI,SAS,111,106,H,Tyrese Maxey,32,10
2024-12-23,PHI,SAS,111,106,H,Victor Wembanyama,26,9
2024-12-23,PHI,SAS,111,106,H,Guerschon Yabusele,17,4
2024-12-23,PHI,SAS,111,106,H,Jeremy Sochan,15,8
2024-12-23,PHI,SAS,111,106,H,Paul George,19,9
2024-12-23,PHI,SAS,111,106,H,Stephon Castle,17,3
2024-12-23,PHI,SAS,111,106,H,Devin Vassell,15,5
2024-12-23,PHI,SAS,111,106,H,Caleb Martin,12,5
2024-12-23,PHI,SAS,111,106,H,Julian Champagnie,15,8
2024-12-23,PHI,SAS,111,106,H,Chris Paul,12,4
2024-12-23,PHI,SAS,111,106,H,Kelly Oubre,10,6
2024-12-23,PHI,SAS,111,106,H,Joel Embiid,9,3
2024-12-23,PHI,SAS,111,106,H,Tre Jones,2,0
2024-12-23,PHI,SAS,111,106,H,Kyle Lowry,6,1
2024-12-23,PHI,SAS,111,106,H,Andre Drummond,2,3
2024-12-23,PHI,SAS,111,106,H,KJ Martin,4,6
2024-12-23,PHI,SAS,111,106,H,Keldon Johnson,4,1
2024-12-23,PHI,SAS,111,106,H,Reggie Jackson,0,0
2024-12-23,PHI,SAS,111,106,H,Charles Bassey,0,3
2024-12-23,PHI,SAS,111,106,H,Harrison Barnes,0,1
2024-12-23,DEN,PHO,117,90,H,Nikola Jokić,32,2
2024-12-23,DEN,PHO,117,90,H,Michael Porter,24,6
2024-12-23,DEN,PHO,117,90,H,Kevin Durant,23,9
2024-12-23,DEN,PHO,117,90,H,Bradley Beal,23,0
2024-12-23,DEN,PHO,117,90,H,Russell Westbrook,11,5
2024-12-23,DEN,PHO,117,90,H,Jalen Pickett,11,3
2024-12-23,DEN,PHO,117,90,H,Aaron Gordon,12,2
2024-12-23,DEN,PHO,117,90,H,Oso Ighodaro,7,6
2024-12-23,DEN,PHO,117,90,H,Mason Plumlee,6,4
2024-12-23,DEN,PHO,117,90,H,DeAndre Jordan,4,5
2024-12-23,DEN,PHO,117,90,H,Julian Strawther,9,2
2024-12-23,DEN,PHO,117,90,H,Tyus Jones,9,2
2024-12-23,DEN,PHO,117,90,H,Monte Morris,7,4
2024-12-23,DEN,PHO,117,90,H,Hunter Tyson,6,4
2024-12-23,DEN,PHO,117,90,H,Ryan Dunn,5,4
2024-12-23,DEN,PHO,117,90,H,Jusuf Nurkić,4,4
2024-12-23,DEN,PHO,117,90,H,Royce O'Neale,6,2
2024-12-23,DEN,PHO,117,90,H,Peyton Watson,4,6
2024-12-23,DEN,PHO,117,90,H,Christian Braun,4,7
2024-12-23,DEN,PHO,117,90,H,PJ Hall,0,2
2024-12-23,DEN,PHO,117,90,H,Trey Alexander,0,0
2024-12-23,DEN,PHO,117,90,H,Jalen Bridges,0,2
2024-12-23,DEN,PHO,117,90,H,Zeke Nnaji,0,0
2024-12-23,DEN,PHO,117,90,H,Spencer Jones,0,2
2024-12-23,DEN,PHO,117,90,H,Damion Lee,0,0
2024-12-23,DEN,PHO,117,90,H,Josh Okogie,0,2
2024-12-23,ATL,MIN,117,104,H,Garrison Mathews,25,2
2024-12-23,ATL,MIN,117,104,H,Trae Young,29,2
2024-12-23,ATL,MIN,117,104,H,Jalen Johnson,17,11
2024-12-23,ATL,MIN,117,104,H,Naz Reid,23,3
2024-12-23,ATL,MIN,117,104,H,Dyson Daniels,10,4
2024-12-23,ATL,MIN,117,104,H,Mike Conley,11,2
2024-12-23,ATL,MIN,117,104,H,Julius Randle,19,13
2024-12-23,ATL,MIN,117,104,H,De'Andre Hunter,19,4
2024-12-23,ATL,MIN,117,104,H,Larry Nance,6,4
2024-12-23,ATL,MIN,117,104,H,Nickeil Alexander-Walker,11,4
2024-12-23,ATL,MIN,117,104,H,Donte DiVincenzo,8,3
2024-12-23,ATL,MIN,117,104,H,Anthony Edwards,16,6
2024-12-23,ATL,MIN,117,104,H,Josh Minott,4,4
2024-12-23,ATL,MIN,117,104,H,Jaden McDaniels,6,2
2024-12-23,ATL,MIN,117,104,H,Clint Capela,4,8
2024-12-23,ATL,MIN,117,104,H,Leonard Miller,2,0
2024-12-23,ATL,MIN,117,104,H,Terrence Shannon,2,0
2024-12-23,ATL,MIN,117,104,H,Vit Krejci,2,3
2024-12-23,ATL,MIN,117,104,H,PJ Dozier,0,0
2024-12-23,ATL,MIN,117,104,H,David Roddy,0,0
2024-12-23,ATL,MIN,117,104,H,Rob Dillingham,0,0
2024-12-23,ATL,MIN,117,104,H,Zaccharie Risacher,5,0
2024-12-23,ATL,MIN,117,104,H,Rudy Gobert,2,6
2024-12-23,ATL,MIN,117,104,H,Keaton Wallace,0,0
2024-12-23,GSW,IND,105,111,A,Jonathan Kuminga,26,8
2024-12-23,GSW,IND,105,111,A,Tyrese Haliburton,16,6
2024-12-23,GSW,IND,105,111,A,Myles Turner,23,10
2024-12-23,GSW,IND,105,111,A,Trayce Jackson-Davis,13,8
2024-12-23,GSW,IND,105,111,A,Pascal Siakam,20,5
2024-12-23,GSW,IND,105,111,A,T.J. McConnell,13,0
2024-12-23,GSW,IND,105,111,A,Brandin Podziemski,5,6
2024-12-23,GSW,IND,105,111,A,Andrew Wiggins,16,4
2024-12-23,GSW,IND,105,111,A,Obi Toppin,8,4
2024-12-23,GSW,IND,105,111,A,Andrew Nembhard,15,4
2024-12-23,GSW,IND,105,111,A,Stephen Curry,10,5
2024-12-23,GSW,IND,105,111,A,Draymond Green,4,7
2024-12-23,GSW,IND,105,111,A,Buddy Hield,13,4
2024-12-23,GSW,IND,105,111,A,Kevon Looney,6,2
2024-12-23,GSW,IND,105,111,A,Dennis Schröder,9,0
2024-12-23,GSW,IND,105,111,A,Bennedict Mathurin,12,5
2024-12-23,GSW,IND,105,111,A,Thomas Bryant,2,3
2024-12-23,GSW,IND,105,111,A,Jarace Walker,2,2
2024-12-23,GSW,IND,105,111,A,Moses Moody,3,0
2024-12-23,GSW,IND,105,111,A,Ben Sheppard,0,4
2024-12-23,LAC,MEM,114,110,H,Ivica Zubac,20,19
2024-12-23,LAC,MEM,114,110,H,Desmond Bane,21,9
2024-12-23,LAC,MEM,114,110,H,Norman Powell,29,3
2024-12-23,LAC,MEM,114,110,H,James Harden,21,8
2024-12-23,LAC,MEM,114,110,H,Santi Aldama,11,7
2024-12-23,LAC,MEM,114,110,H,Ja Morant,23,6
2024-12-23,LAC,MEM,114,110,H,Derrick Jones,13,2
2024-12-23,LAC,MEM,114,110,H,Jaren Jackson,24,6
2024-12-23,LAC,MEM,114,110,H,Jake LaRavia,8,6
2024-12-23,LAC,MEM,114,110,H,Nicolas Batum,6,5
2024-12-23,LAC,MEM,114,110,H,Scotty Pippen ,13,2
2024-12-23,LAC,MEM,114,110,H,Kevin Porter,13,6
2024-12-23,LAC,MEM,114,110,H,Kris Dunn,7,4
2024-12-23,LAC,MEM,114,110,H,Zach Edey,3,14
2024-12-23,LAC,MEM,114,110,H,Jaylen Wells,7,3
2024-12-23,LAC,MEM,114,110,H,Brandon Clarke,0,2
2024-12-23,LAC,MEM,114,110,H,Amir Coffey,5,5
2024-12-23,LAC,MEM,114,110,H,Luke Kennard,0,1
2024-12-23,LAC,MEM,114,110,H,Mohamed Bamba,0,1
2024-12-23,BRK,MIA,95,110,A,Bam Adebayo,23,7
2024-12-23,BRK,MIA,95,110,A,Tyler Herro,17,12
2024-12-23,BRK,MIA,95,110,A,Nikola Jović,18,4
2024-12-23,BRK,MIA,95,110,A,Tyrese Martin,14,5
2024-12-23,BRK,MIA,95,110,A,Duncan Robinson,17,1
2024-12-23,BRK,MIA,95,110,A,Noah Clowney,19,5
2024-12-23,BRK,MIA,95,110,A,Cameron Johnson,19,3
2024-12-23,BRK,MIA,95,110,A,Alec Burks,12,3
2024-12-23,BRK,MIA,95,110,A,Keon Johnson,15,5
2024-12-23,BRK,MIA,95,110,A,Ben Simmons,4,2
2024-12-23,BRK,MIA,95,110,A,Kel'el Ware,9,7
2024-12-23,BRK,MIA,95,110,A,Jaime Jaquez,9,5
2024-12-23,BRK,MIA,95,110,A,Nic Claxton,6,10
2024-12-23,BRK,MIA,95,110,A,Day'Ron Sharpe,6,7
2024-12-23,BRK,MIA,95,110,A,Jalen Wilson,8,3
2024-12-23,BRK,MIA,95,110,A,Dariq Miller-Whitehead,0,0
2024-12-23,BRK,MIA,95,110,A,Shake Milton,4,2
2024-12-23,BRK,MIA,95,110,A,Reece Beekman,0,0
2024-12-23,BRK,MIA,95,110,A,Keshad Johnson,0,1
2024-12-23,BRK,MIA,95,110,A,Jaylen Martin,0,0
2024-12-23,BRK,MIA,95,110,A,Haywood Highsmith,3,2
2024-12-23,BRK,MIA,95,110,A,Pelle Larsson,2,1
2024-12-23,BRK,MIA,95,110,A,Josh Christopher,0,0
2024-12-23,BRK,MIA,95,110,A,Dru Smith,0,1
2024-12-23,DAL,POR,132,108,H,Daniel Gafford,23,5
2024-12-23,DAL,POR,132,108,H,Luka Dončić,27,7
2024-12-23,DAL,POR,132,108,H,Kyrie Irving,20,3
2024-12-23,DAL,POR,132,108,H,Deandre Ayton,16,9
2024-12-23,DAL,POR,132,108,H,Deni Avdija,19,6
2024-12-23,DAL,POR,132,108,H,Jabari Walker,13,5
2024-12-23,DAL,POR,132,108,H,Klay Thompson,13,2
2024-12-23,DAL,POR,132,108,H,P.J. Washington,12,4
2024-12-23,DAL,POR,132,108,H,Shaedon Sharpe,13,2
2024-12-23,DAL,POR,132,108,H,Olivier-Maxence Prosper,8,5
2024-12-23,DAL,POR,132,108,H,Scoot Henderson,14,6
2024-12-23,DAL,POR,132,108,H,Dwight Powell,7,3
2024-12-23,DAL,POR,132,108,H,Dereck Lively,4,4
2024-12-23,DAL,POR,132,108,H,Toumani Camara,5,12
2024-12-23,DAL,POR,132,108,H,Quentin Grimes,5,3
2024-12-23,DAL,POR,132,108,H,Rayan Rupert,6,1
2024-12-23,DAL,POR,132,108,H,Anfernee Simons,10,0
2024-12-23,DAL,POR,132,108,H,Spencer Dinwiddie,3,1
2024-12-23,DAL,POR,132,108,H,Naji Marshall,4,1
2024-12-23,DAL,POR,132,108,H,Jazian Gortman,3,1
2024-12-23,DAL,POR,132,108,H,Donovan Clingan,4,3
2024-12-23,DAL,POR,132,108,H,Dalano Banton,3,1
2024-12-23,DAL,POR,132,108,H,Maxi Kleber,3,1
2024-12-23,DAL,POR,132,108,H,Kris Murray,2,2
2024-12-23,DAL,POR,132,108,H,Kessler Edwards,0,1
2024-12-23,DAL,POR,132,108,H,Jerami Grant,3,1
2024-12-23,BOS,ORL,104,108,A,Jaylen Brown,35,9
2024-12-23,BOS,ORL,104,108,A,Trevelin Queen,17,1
2024-12-23,BOS,ORL,104,108,A,Wendell Carter,11,7
2024-12-23,BOS,ORL,104,108,A,Tristan Da Silva,18,3
2024-12-23,BOS,ORL,104,108,A,Jrue Holiday,16,8
2024-12-23,BOS,ORL,104,108,A,Kristaps Porziņģis,17,4
2024-12-23,BOS,ORL,104,108,A,Jalen Suggs,16,6
2024-12-23,BOS,ORL,104,108,A,Derrick White,17,4
2024-12-23,BOS,ORL,104,108,A,Goga Bitadze,8,9
2024-12-23,BOS,ORL,104,108,A,Anthony Black,9,4
2024-12-23,BOS,ORL,104,108,A,Kentavious Caldwell-Pope,8,5
2024-12-23,BOS,ORL,104,108,A,Al Horford,8,6
2024-12-23,BOS,ORL,104,108,A,Luke Kornet,4,5
2024-12-23,BOS,ORL,104,108,A,Jonathan Isaac,7,5
2024-12-23,BOS,ORL,104,108,A,Payton Pritchard,7,3
2024-12-23,BOS,ORL,104,108,A,Sam Hauser,0,2
2024-12-23,BOS,ORL,104,108,A,Cole Anthony,10,2
2024-12-23,BOS,ORL,104,108,A,Jett Howard,4,0
2024-12-23,CHO,HOU,101,114,A,LaMelo Ball,23,5
2024-12-23,CHO,HOU,101,114,A,Amen Thompson,19,11
2024-12-23,CHO,HOU,101,114,A,Miles Bridges,24,8
2024-12-23,CHO,HOU,101,114,A,Jabari Smith,21,11
2024-12-23,CHO,HOU,101,114,A,Alperen Sengun,16,8
2024-12-23,CHO,HOU,101,114,A,Fred VanVleet,20,5
2024-12-23,CHO,HOU,101,114,A,Moussa Diabaté,14,5
2024-12-23,CHO,HOU,101,114,A,Mark Williams,12,9
2024-12-23,CHO,HOU,101,114,A,Cam Whitmore,17,8
2024-12-23,CHO,HOU,101,114,A,Steven Adams,2,8
2024-12-23,CHO,HOU,101,114,A,Cody Martin,6,5
2024-12-23,CHO,HOU,101,114,A,Jae'Sean Tate,6,1
2024-12-23,CHO,HOU,101,114,A,Isaiah Wong,2,2
2024-12-23,CHO,HOU,101,114,A,Nick Smith,4,0
2024-12-23,CHO,HOU,101,114,A,Nick Richards,6,4
2024-12-23,CHO,HOU,101,114,A,Jalen Green,6,2
2024-12-23,CHO,HOU,101,114,A,DaQuan Jeffries,4,1
2024-12-23,CHO,HOU,101,114,A,Reed Sheppard,3,4
2024-12-23,CHO,HOU,101,114,A,Aaron Holiday,4,0
2024-12-23,CHO,HOU,101,114,A,Josh Green,3,2
2024-12-23,CHO,HOU,101,114,A,Jock Landale,0,1
2024-12-23,CHO,HOU,101,114,A,Tidjane Salaün ,0,3
2024-12-23,CHO,HOU,101,114,A,Seth Curry,0,0
2024-12-23,CHO,HOU,101,114,A,Vasilije Micić,3,0
2024-12-23,CHO,HOU,101,114,A,Jeff Green,0,1
2024-12-23,CLE,UTA,124,113,H,Darius Garland,23,3
2024-12-23,CLE,UTA,124,113,H,Donovan Mitchell,22,3
2024-12-23,CLE,UTA,124,113,H,Evan Mobley,22,10
2024-12-23,CLE,UTA,124,113,H,Jordan Clarkson,27,6
2024-12-23,CLE,UTA,124,113,H,Sam Merrill,20,1
2024-12-23,CLE,UTA,124,113,H,Walker Kessler,9,16
2024-12-23,CLE,UTA,124,113,H,Lauri Markkanen,26,7
2024-12-23,CLE,UTA,124,113,H,Collin Sexton,24,3
2024-12-23,CLE,UTA,124,113,H,Micah Potter,11,7
2024-12-23,CLE,UTA,124,113,H,Caris LeVert,11,3
2024-12-23,CLE,UTA,124,113,H,Svi Mykhailiuk,11,3
2024-12-23,CLE,UTA,124,113,H,Jarrett Allen,7,6
2024-12-23,CLE,UTA,124,113,H,Georges Niang,8,7
2024-12-23,CLE,UTA,124,113,H,Jaylon Tyson,4,1
2024-12-23,CLE,UTA,124,113,H,Max Strus,2,6
2024-12-23,CLE,UTA,124,113,H,Brice Sensabaugh,2,3
2024-12-23,CLE,UTA,124,113,H,Ty Jerome,5,0
2024-12-23,CLE,UTA,124,113,H,Isaiah Collier,0,1
2024-12-23,CLE,UTA,124,113,H,Johnny Juzang,3,1
2024-12-23,CLE,UTA,124,113,H,Kyle Filipowski,0,4
2024-12-23,CHI,MIL,91,112,A,Brook Lopez,21,2
2024-12-23,CHI,MIL,91,112,A,Khris Middleton,21,5
2024-12-23,CHI,MIL,91,112,A,Bobby Portis,19,13
2024-12-23,CHI,MIL,91,112,A,Nikola Vučević,17,12
2024-12-23,CHI,MIL,91,112,A,Gary Trent,14,4
2024-12-23,CHI,MIL,91,112,A,Patrick Williams,13,4
2024-12-23,CHI,MIL,91,112,A,Jalen Smith,14,7
2024-12-23,CHI,MIL,91,112,A,Delon Wright,9,4
2024-12-23,CHI,MIL,91,112,A,Zach LaVine,14,6
2024-12-23,CHI,MIL,91,112,A,Dalen Terry,8,3
2024-12-23,CHI,MIL,91,112,A,Ryan Rollins,8,5
2024-12-23,CHI,MIL,91,112,A,A.J. Green,10,2
2024-12-23,CHI,MIL,91,112,A,Ayo Dosunmu,5,4
2024-12-23,CHI,MIL,91,112,A,Coby White,10,2
2024-12-23,CHI,MIL,91,112,A,Andre Jackson,4,5
2024-12-23,CHI,MIL,91,112,A,Chris Duarte,2,2
2024-12-23,CHI,MIL,91,112,A,Tyler Smith,2,2
2024-12-23,CHI,MIL,91,112,A,Matas Buzelis,4,2
2024-12-23,CHI,MIL,91,112,A,Talen Horton-Tucker,2,3
2024-12-23,CHI,MIL,91,112,A,Taurean Prince,4,5
2024-12-23,CHI,MIL,91,112,A,Liam Robbins,0,2
2024-12-23,CHI,MIL,91,112,A,Jevon Carter,0,0
2024-12-23,CHI,MIL,91,112,A,Stanley Umude,0,0
2024-12-23,CHI,MIL,91,112,A,MarJon Beauchamp,0,0
2024-12-23,CHI,MIL,91,112,A,Julian Phillips,2,1
2024-12-25,NYK,SAS,117,114,H,Mikal Bridges,41,1
2024-12-25,NYK,SAS,117,114,H,Victor Wembanyama,42,18
2024-12-25,NYK,SAS,117,114,H,Josh Hart,12,12
2024-12-25,NYK,SAS,117,114,H,Jeremy Sochan,21,9
2024-12-25,NYK,SAS,117,114,H,Chris Paul,13,6
2024-12-25,NYK,SAS,117,114,H,Karl-Anthony Towns,21,9
2024-12-25,NYK,SAS,117,114,H,Jalen Brunson,20,7
2024-12-25,NYK,SAS,117,114,H,Tre Jones,7,1
2024-12-25,NYK,SAS,117,114,H,Precious Achiuwa,5,10
2024-12-25,NYK,SAS,117,114,H,Devin Vassell,11,3
2024-12-25,NYK,SAS,117,114,H,OG Anunoby,8,5
2024-12-25,NYK,SAS,117,114,H,Julian Champagnie,9,2
2024-12-25,NYK,SAS,117,114,H,Miles McBride,8,3
2024-12-25,NYK,SAS,117,114,H,Stephon Castle,6,2
2024-12-25,NYK,SAS,117,114,H,Keldon Johnson,2,3
2024-12-25,NYK,SAS,117,114,H,Harrison Barnes,3,1
2024-12-25,NYK,SAS,117,114,H,Cameron Payne,2,0
2024-12-25,BOS,PHI,114,118,A,Tyrese Maxey,33,4
2024-12-25,BOS,PHI,114,118,A,Jayson Tatum,32,15
2024-12-25,BOS,PHI,114,118,A,Joel Embiid,27,9
2024-12-25,BOS,PHI,114,118,A,Caleb Martin,23,3
2024-12-25,BOS,PHI,114,118,A,Al Horford,17,4
2024-12-25,BOS,PHI,114,118,A,Derrick White,21,3
2024-12-25,BOS,PHI,114,118,A,Luke Kornet,6,10
2024-12-25,BOS,PHI,114,118,A,Jaylen Brown,23,7
2024-12-25,BOS,PHI,114,118,A,Paul George,12,4
2024-12-25,BOS,PHI,114,118,A,Guerschon Yabusele,12,4
2024-12-25,BOS,PHI,114,118,A,Kristaps Porziņģis,9,2
2024-12-25,BOS,PHI,114,118,A,Kelly Oubre,4,8
2024-12-25,BOS,PHI,114,118,A,Kyle Lowry,5,3
2024-12-25,BOS,PHI,114,118,A,Reggie Jackson,2,4
2024-12-25,BOS,PHI,114,118,A,Neemias Queta,2,5
2024-12-25,BOS,PHI,114,118,A,Payton Pritchard,4,3
2024-12-25,BOS,PHI,114,118,A,Jordan Walsh,0,0
2024-12-25,BOS,PHI,114,118,A,Sam Hauser,0,2
2024-12-25,GSW,LAL,113,115,A,LeBron James,31,4
2024-12-25,GSW,LAL,113,115,A,Stephen Curry,38,1
2024-12-25,GSW,LAL,113,115,A,Austin Reaves,26,10
2024-12-25,GSW,LAL,113,115,A,Andrew Wiggins,21,12
2024-12-25,GSW,LAL,113,115,A,Dalton Knecht,13,7
2024-12-25,GSW,LAL,113,115,A,Trayce Jackson-Davis,11,9
2024-12-25,GSW,LAL,113,115,A,Rui Hachimura,18,4
2024-12-25,GSW,LAL,113,115,A,Max Christie,16,4
2024-12-25,GSW,LAL,113,115,A,Jonathan Kuminga,14,6
2024-12-25,GSW,LAL,113,115,A,Dennis Schröder,11,2
2024-12-25,GSW,LAL,113,115,A,Draymond Green,3,10
2024-12-25,GSW,LAL,113,115,A,Christian Koloko,2,6
2024-12-25,GSW,LAL,113,115,A,Cam Reddish,4,1
2024-12-25,GSW,LAL,113,115,A,Brandin Podziemski,6,3
2024-12-25,GSW,LAL,113,115,A,Gary Payton,4,1
2024-12-25,GSW,LAL,113,115,A,Gabe Vincent,5,3
2024-12-25,GSW,LAL,113,115,A,Kevon Looney,0,0
2024-12-25,GSW,LAL,113,115,A,Buddy Hield,5,0
2024-12-25,GSW,LAL,113,115,A,Anthony Davis,0,2
2024-12-25,DAL,MIN,99,105,A,Kyrie Irving,39,5
2024-12-25,DAL,MIN,99,105,A,Julius Randle,23,10
2024-12-25,DAL,MIN,99,105,A,Anthony Edwards,26,8
2024-12-25,DAL,MIN,99,105,A,Rudy Gobert,14,10
2024-12-25,DAL,MIN,99,105,A,Luka Dončić,14,5
2024-12-25,DAL,MIN,99,105,A,Quentin Grimes,10,7
2024-12-25,DAL,MIN,99,105,A,Klay Thompson,12,4
2024-12-25,DAL,MIN,99,105,A,Mike Conley,10,2
2024-12-25,DAL,MIN,99,105,A,Dereck Lively,6,10
2024-12-25,DAL,MIN,99,105,A,P.J. Washington,7,7
2024-12-25,DAL,MIN,99,105,A,Nickeil Alexander-Walker,8,3
2024-12-25,DAL,MIN,99,105,A,Jaden McDaniels,5,6
2024-12-25,DAL,MIN,99,105,A,Donte DiVincenzo,11,3
2024-12-25,DAL,MIN,99,105,A,Naz Reid,6,2
2024-12-25,DAL,MIN,99,105,A,Maxi Kleber,5,2
2024-12-25,DAL,MIN,99,105,A,Josh Minott,2,2
2024-12-25,DAL,MIN,99,105,A,Naji Marshall,4,2
2024-12-25,DAL,MIN,99,105,A,Spencer Dinwiddie,2,1
2024-12-25,DAL,MIN,99,105,A,Daniel Gafford,0,0
2024-12-25,DEN,PHO,100,110,A,Nikola Jokić,25,15
2024-12-25,DEN,PHO,100,110,A,Kevin Durant,27,4
2024-12-25,DEN,PHO,100,110,A,Bradley Beal,27,2
2024-12-25,DEN,PHO,100,110,A,Tyus Jones,17,3
2024-12-25,DEN,PHO,100,110,A,Michael Porter,22,4
2024-12-25,DEN,PHO,100,110,A,Jusuf Nurkić,8,13
2024-12-25,DEN,PHO,100,110,A,Monte Morris,11,2
2024-12-25,DEN,PHO,100,110,A,Russell Westbrook,17,6
2024-12-25,DEN,PHO,100,110,A,Royce O'Neale,5,8
2024-12-25,DEN,PHO,100,110,A,Jamal Murray,13,6
2024-12-25,DEN,PHO,100,110,A,Josh Okogie,7,2
2024-12-25,DEN,PHO,100,110,A,Ryan Dunn,5,3
2024-12-25,DEN,PHO,100,110,A,Aaron Gordon,7,3
2024-12-25,DEN,PHO,100,110,A,DeAndre Jordan,4,2
2024-12-25,DEN,PHO,100,110,A,Julian Strawther,5,2
2024-12-25,DEN,PHO,100,110,A,Christian Braun,5,5
2024-12-25,DEN,PHO,100,110,A,Peyton Watson,2,3
2024-12-25,DEN,PHO,100,110,A,Mason Plumlee,3,4
2024-12-25,DEN,PHO,100,110,A,Oso Ighodaro,0,1
2024-12-26,IND,OKC,114,120,A,Shai Gilgeous-Alexander,45,7
2024-12-26,IND,OKC,114,120,A,Andrew Nembhard,23,9
2024-12-26,IND,OKC,114,120,A,Pascal Siakam,22,10
2024-12-26,IND,OKC,114,120,A,Isaiah Hartenstein,11,13
2024-12-26,IND,OKC,114,120,A,Bennedict Mathurin,18,6
2024-12-26,IND,OKC,114,120,A,T.J. McConnell,13,3
2024-12-26,IND,OKC,114,120,A,Myles Turner,12,11
2024-12-26,IND,OKC,114,120,A,Jalen Williams,20,4
2024-12-26,IND,OKC,114,120,A,Kenrich Williams,9,6
2024-12-26,IND,OKC,114,120,A,Luguentz Dort,13,7
2024-12-26,IND,OKC,114,120,A,Jarace Walker,12,5
2024-12-26,IND,OKC,114,120,A,Ajay Mitchell,9,1
2024-12-26,IND,OKC,114,120,A,Tyrese Haliburton,4,2
2024-12-26,IND,OKC,114,120,A,Obi Toppin,5,3
2024-12-26,IND,OKC,114,120,A,Ben Sheppard,5,1
2024-12-26,IND,OKC,114,120,A,Jaylin Williams,3,3
2024-12-26,IND,OKC,114,120,A,Isaiah Joe,5,2
2024-12-26,IND,OKC,114,120,A,Cason Wallace,2,2
2024-12-26,IND,OKC,114,120,A,Aaron Wiggins,2,0
2024-12-26,IND,OKC,114,120,A,Dillon Jones,1,0
2024-12-26,IND,OKC,114,120,A,Thomas Bryant,0,1
2024-12-26,ATL,CHI,141,133,H,Jalen Johnson,30,15
2024-12-26,ATL,CHI,141,133,H,Trae Young,27,2
2024-12-26,ATL,CHI,141,133,H,Zach LaVine,37,5
2024-12-26,ATL,CHI,141,133,H,Jevon Carter,26,4
2024-12-26,ATL,CHI,141,133,H,Coby White,23,3
2024-12-26,ATL,CHI,141,133,H,De'Andre Hunter,25,6
2024-12-26,ATL,CHI,141,133,H,Nikola Vučević,19,8
2024-12-26,ATL,CHI,141,133,H,Dyson Daniels,15,7
2024-12-26,ATL,CHI,141,133,H,Patrick Williams,11,3
2024-12-26,ATL,CHI,141,133,H,Clint Capela,8,4
2024-12-26,ATL,CHI,141,133,H,Larry Nance,12,1
2024-12-26,ATL,CHI,141,133,H,Zaccharie Risacher,16,5
2024-12-26,ATL,CHI,141,133,H,Jalen Smith,8,6
2024-12-26,ATL,CHI,141,133,H,Torrey Craig,7,4
2024-12-26,ATL,CHI,141,133,H,Vit Krejci,3,1
2024-12-26,ATL,CHI,141,133,H,Garrison Mathews,5,3
2024-12-26,ATL,CHI,141,133,H,Julian Phillips,2,3
2024-12-26,ATL,CHI,141,133,H,Talen Horton-Tucker,0,0
2024-12-26,ATL,CHI,141,133,H,Dalen Terry,0,0
2024-12-26,MEM,TOR,155,126,H,RJ Barrett,27,9
2024-12-26,MEM,TOR,155,126,H,Zach Edey,21,16
2024-12-26,MEM,TOR,155,126,H,Scottie Barnes,26,6
2024-12-26,MEM,TOR,155,126,H,Jaren Jackson,21,11
2024-12-26,MEM,TOR,155,126,H,Ja Morant,15,2
2024-12-26,MEM,TOR,155,126,H,Desmond Bane,19,5
2024-12-26,MEM,TOR,155,126,H,Luke Kennard,15,0
2024-12-26,MEM,TOR,155,126,H,John Konchar,9,5
2024-12-26,MEM,TOR,155,126,H,Jaylen Wells,17,1
2024-12-26,MEM,TOR,155,126,H,Scotty Pippen ,15,2
2024-12-26,MEM,TOR,155,126,H,Kelly Olynyk,14,5
2024-12-26,MEM,TOR,155,126,H,Brandon Clarke,11,9
2024-12-26,MEM,TOR,155,126,H,Chris Boucher,15,5
2024-12-26,MEM,TOR,155,126,H,Gradey Dick,14,3
2024-12-26,MEM,TOR,155,126,H,Davion Mitchell,6,0
2024-12-26,MEM,TOR,155,126,H,A.J. Lawson,6,2
2024-12-26,MEM,TOR,155,126,H,Jake LaRavia,8,9
2024-12-26,MEM,TOR,155,126,H,Ochai Agbaji,10,0
2024-12-26,MEM,TOR,155,126,H,Jamison Battle,6,0
2024-12-26,MEM,TOR,155,126,H,Santi Aldama,4,3
2024-12-26,MEM,TOR,155,126,H,Jonathan Mogbo,2,6
2024-12-26,MEM,TOR,155,126,H,Ulrich Chomche,0,2
2024-12-26,MEM,TOR,155,126,H,Cam Spencer,0,0
2024-12-26,MEM,TOR,155,126,H,Garrett Temple,0,2
2024-12-26,POR,UTA,122,120,H,Deni Avdija,27,8
2024-12-26,POR,UTA,122,120,H,Lauri Markkanen,25,6
2024-12-26,POR,UTA,122,120,H,Shaedon Sharpe,27,5
2024-12-26,POR,UTA,122,120,H,Scoot Henderson,18,0
2024-12-26,POR,UTA,122,120,H,Deandre Ayton,18,12
2024-12-26,POR,UTA,122,120,H,Drew Eubanks,15,3
2024-12-26,POR,UTA,122,120,H,Collin Sexton,19,1
2024-12-26,POR,UTA,122,120,H,Svi Mykhailiuk,18,1
2024-12-26,POR,UTA,122,120,H,Johnny Juzang,14,5
2024-12-26,POR,UTA,122,120,H,Jerami Grant,14,3
2024-12-26,POR,UTA,122,120,H,Walker Kessler,5,16
2024-12-26,POR,UTA,122,120,H,Kyle Filipowski,6,4
2024-12-26,POR,UTA,122,120,H,Donovan Clingan,4,4
2024-12-26,POR,UTA,122,120,H,Toumani Camara,6,8
2024-12-26,POR,UTA,122,120,H,Cody Williams,5,1
2024-12-26,POR,UTA,122,120,H,Anfernee Simons,8,3
2024-12-26,POR,UTA,122,120,H,Brice Sensabaugh,6,1
2024-12-26,POR,UTA,122,120,H,Isaiah Collier,7,8
2024-12-26,POR,UTA,122,120,H,Kris Murray,0,0
2024-12-26,HOU,NOP,128,111,H,Jalen Green,30,2
2024-12-26,HOU,NOP,128,111,H,Cam Whitmore,27,4
2024-12-26,HOU,NOP,128,111,H,Fred VanVleet,25,6
2024-12-26,HOU,NOP,128,111,H,Trey Murphy,21,3
2024-12-26,HOU,NOP,128,111,H,Amen Thompson,9,10
2024-12-26,HOU,NOP,128,111,H,Brandon Boston,17,6
2024-12-26,HOU,NOP,128,111,H,Dejounte Murray,17,4
2024-12-26,HOU,NOP,128,111,H,Javonte Green,11,5
2024-12-26,HOU,NOP,128,111,H,Alperen Sengun,10,13
2024-12-26,HOU,NOP,128,111,H,Herbert Jones,10,6
2024-12-26,HOU,NOP,128,111,H,Jeremiah Robinson-Earl,9,3
2024-12-26,HOU,NOP,128,111,H,Yves Missi,2,9
2024-12-26,HOU,NOP,128,111,H,CJ McCollum,13,2
2024-12-26,HOU,NOP,128,111,H,Jae'Sean Tate,10,2
2024-12-26,HOU,NOP,128,111,H,Jeff Green,6,2
2024-12-26,HOU,NOP,128,111,H,Aaron Holiday,2,0
2024-12-26,HOU,NOP,128,111,H,Antonio Reeves,4,1
2024-12-26,HOU,NOP,128,111,H,Daniel Theis,2,5
2024-12-26,HOU,NOP,128,111,H,Steven Adams,2,5
2024-12-26,HOU,NOP,128,111,H,Jordan Hawkins,5,0
2024-12-26,HOU,NOP,128,111,H,Jabari Smith,6,6
2024-12-26,HOU,NOP,128,111,H,Reed Sheppard,1,4
2024-12-26,HOU,NOP,128,111,H,Jock Landale,0,0
2024-12-26,DET,SAC,114,113,H,Cade Cunningham,33,4
2024-12-26,DET,SAC,114,113,H,Jalen Duren,13,10
2024-12-26,DET,SAC,114,113,H,Trey Lyles,20,8
2024-12-26,DET,SAC,114,113,H,Malik Beasley,22,2
2024-12-26,DET,SAC,114,113,H,De'Aaron Fox,26,6
2024-12-26,DET,SAC,114,113,H,DeMar DeRozan,19,3
2024-12-26,DET,SAC,114,113,H,Jaden Ivey,19,6
2024-12-26,DET,SAC,114,113,H,Keegan Murray,11,12
2024-12-26,DET,SAC,114,113,H,Paul Reed,7,3
2024-12-26,DET,SAC,114,113,H,Kevin Huerter,8,5
2024-12-26,DET,SAC,114,113,H,Alex Len,4,6
2024-12-26,DET,SAC,114,113,H,Malik Monk,15,1
2024-12-26,DET,SAC,114,113,H,Ausar Thompson,7,8
2024-12-26,DET,SAC,114,113,H,Tim Hardaway,6,4
2024-12-26,DET,SAC,114,113,H,Marcus Sasser,3,0
2024-12-26,DET,SAC,114,113,H,Isaac Jones,3,0
2024-12-26,DET,SAC,114,113,H,Keon Ellis,5,2
2024-12-26,DET,SAC,114,113,H,Tobias Harris,4,3
2024-12-26,DET,SAC,114,113,H,Colby Jones,2,1
2024-12-26,DET,SAC,114,113,H,Simone Fontecchio,0,3
2024-12-26,DET,SAC,114,113,H,Ron Holland,0,1
2024-12-26,CHO,WAS,110,113,A,Miles Bridges,22,14
2024-12-26,CHO,WAS,110,113,A,Jordan Poole,25,6
2024-12-26,CHO,WAS,110,113,A,LaMelo Ball,31,6
2024-12-26,CHO,WAS,110,113,A,Mark Williams,16,8
2024-12-26,CHO,WAS,110,113,A,Jonas Valančiūnas,14,12
2024-12-26,CHO,WAS,110,113,A,Bilal Coulibaly,20,6
2024-12-26,CHO,WAS,110,113,A,Alex Sarr,15,3
2024-12-26,CHO,WAS,110,113,A,Brandon Miller,18,3
2024-12-26,CHO,WAS,110,113,A,Malcolm Brogdon,11,3
2024-12-26,CHO,WAS,110,113,A,Justin Champagnie,8,6
2024-12-26,CHO,WAS,110,113,A,Corey Kispert,13,2
2024-12-26,CHO,WAS,110,113,A,Tidjane Salaün ,6,4
2024-12-26,CHO,WAS,110,113,A,Vasilije Micić,6,0
2024-12-26,CHO,WAS,110,113,A,Josh Green,3,3
2024-12-26,CHO,WAS,110,113,A,Carlton Carrington,7,1
2024-12-26,CHO,WAS,110,113,A,Nick Richards,6,5
2024-12-26,CHO,WAS,110,113,A,Cody Martin,2,4
2024-12-26,CHO,WAS,110,113,A,Kyshawn George,0,4
2024-12-26,CHO,WAS,110,113,A,Moussa Diabaté,0,3
2024-12-26,CHO,WAS,110,113,A,Isaiah Wong,0,0
2024-12-26,CHO,WAS,110,113,A,DaQuan Jeffries,0,0
2024-12-26,BRK,MIL,111,105,H,Cameron Johnson,29,5
2024-12-26,BRK,MIL,111,105,H,Brook Lopez,20,7
2024-12-26,BRK,MIL,111,105,H,Noah Clowney,20,4
2024-12-26,BRK,MIL,111,105,H,Shake Milton,20,2
2024-12-26,BRK,MIL,111,105,H,Bobby Portis,18,8
2024-12-26,BRK,MIL,111,105,H,Khris Middleton,21,5
2024-12-26,BRK,MIL,111,105,H,Nic Claxton,13,7
2024-12-26,BRK,MIL,111,105,H,Gary Trent,14,3
2024-12-26,BRK,MIL,111,105,H,A.J. Green,8,6
2024-12-26,BRK,MIL,111,105,H,Andre Jackson,8,3
2024-12-26,BRK,MIL,111,105,H,Keon Johnson,12,4
2024-12-26,BRK,MIL,111,105,H,Ben Simmons,8,4
2024-12-26,BRK,MIL,111,105,H,Ryan Rollins,7,4
2024-12-26,BRK,MIL,111,105,H,Tyrese Martin,5,5
2024-12-26,BRK,MIL,111,105,H,Jalen Wilson,4,4
2024-12-26,BRK,MIL,111,105,H,Taurean Prince,9,3
2024-12-26,BRK,MIL,111,105,H,Delon Wright,0,0
2024-12-26,BRK,MIL,111,105,H,Reece Beekman,0,0
2024-12-26,BRK,MIL,111,105,H,Day'Ron Sharpe,0,3
2024-12-26,MIA,ORL,89,88,H,Alec Burks,17,6
2024-12-26,MIA,ORL,89,88,H,Jaime Jaquez,15,4
2024-12-26,MIA,ORL,89,88,H,Goga Bitadze,10,14
2024-12-26,MIA,ORL,89,88,H,Tristan Da Silva,18,6
2024-12-26,MIA,ORL,89,88,H,Jalen Suggs,29,4
2024-12-26,MIA,ORL,89,88,H,Kentavious Caldwell-Pope,11,2
2024-12-26,MIA,ORL,89,88,H,Nikola Jović,8,4
2024-12-26,MIA,ORL,89,88,H,Tyler Herro,20,3
2024-12-26,MIA,ORL,89,88,H,Trevelin Queen,8,3
2024-12-26,MIA,ORL,89,88,H,Terry Rozier,14,4
2024-12-26,MIA,ORL,89,88,H,Bam Adebayo,4,9
2024-12-26,MIA,ORL,89,88,H,Cory Joseph,5,0
2024-12-26,MIA,ORL,89,88,H,Haywood Highsmith,9,3
2024-12-26,MIA,ORL,89,88,H,Wendell Carter,5,6
2024-12-26,MIA,ORL,89,88,H,Jonathan Isaac,0,2
2024-12-26,MIA,ORL,89,88,H,Jett Howard,0,0
2024-12-26,MIA,ORL,89,88,H,Kel'el Ware,2,0
2024-12-26,MIA,ORL,89,88,H,Duncan Robinson,0,2
2024-12-26,MIA,ORL,89,88,H,Anthony Black,2,2
2024-12-26,MIA,ORL,89,88,H,Cole Anthony,0,3
2024-12-27,BOS,IND,142,105,H,Jaylen Brown,44,5
2024-12-27,BOS,IND,142,105,H,Jayson Tatum,22,13
2024-12-27,BOS,IND,142,105,H,Payton Pritchard,18,8
2024-12-27,BOS,IND,142,105,H,Tyrese Haliburton,19,4
2024-12-27,BOS,IND,142,105,H,Bennedict Mathurin,18,6
2024-12-27,BOS,IND,142,105,H,Jarace Walker,15,0
2024-12-27,BOS,IND,142,105,H,Pascal Siakam,14,9
2024-12-27,BOS,IND,142,105,H,Thomas Bryant,12,7
2024-12-27,BOS,IND,142,105,H,Al Horford,13,5
2024-12-27,BOS,IND,142,105,H,Jordan Walsh,9,5
2024-12-27,BOS,IND,142,105,H,Derrick White,9,3
2024-12-27,BOS,IND,142,105,H,Jaden Springer,6,1
2024-12-27,BOS,IND,142,105,H,Neemias Queta,6,2
2024-12-27,BOS,IND,142,105,H,Luke Kornet,3,5
2024-12-27,BOS,IND,142,105,H,Quenton Jackson,3,0
2024-12-27,BOS,IND,142,105,H,Xavier Tillman,5,1
2024-12-27,BOS,IND,142,105,H,T.J. McConnell,8,0
2024-12-27,BOS,IND,142,105,H,Myles Turner,8,5
2024-12-27,BOS,IND,142,105,H,James Johnson,4,0
2024-12-27,BOS,IND,142,105,H,Drew Peterson,3,2
2024-12-27,BOS,IND,142,105,H,Enrique Freeman,2,2
2024-12-27,BOS,IND,142,105,H,Sam Hauser,4,2
2024-12-27,BOS,IND,142,105,H,Johnny Furphy,0,4
2024-12-27,BOS,IND,142,105,H,Ben Sheppard,2,2
2024-12-27,CLE,DEN,149,135,H,Nikola Jokić,27,14
2024-12-27,CLE,DEN,149,135,H,Donovan Mitchell,33,5
2024-12-27,CLE,DEN,149,135,H,Jarrett Allen,22,10
2024-12-27,CLE,DEN,149,135,H,Evan Mobley,26,5
2024-12-27,CLE,DEN,149,135,H,Darius Garland,25,2
2024-12-27,CLE,DEN,149,135,H,Jamal Murray,27,3
2024-12-27,CLE,DEN,149,135,H,Peyton Watson,18,1
2024-12-27,CLE,DEN,149,135,H,Dean Wade,11,3
2024-12-27,CLE,DEN,149,135,H,Michael Porter,18,4
2024-12-27,CLE,DEN,149,135,H,Christian Braun,16,2
2024-12-27,CLE,DEN,149,135,H,Caris LeVert,13,3
2024-12-27,CLE,DEN,149,135,H,Sam Merrill,9,3
2024-12-27,CLE,DEN,149,135,H,Julian Strawther,11,2
2024-12-27,CLE,DEN,149,135,H,DeAndre Jordan,4,7
2024-12-27,CLE,DEN,149,135,H,Russell Westbrook,11,4
2024-12-27,CLE,DEN,149,135,H,Max Strus,5,5
2024-12-27,CLE,DEN,149,135,H,Georges Niang,3,1
2024-12-27,CLE,DEN,149,135,H,Ty Jerome,2,0
2024-12-27,CLE,DEN,149,135,H,Hunter Tyson,3,1
2024-12-27,CLE,DEN,149,135,H,Jaylon Tyson,0,1
2024-12-27,CLE,DEN,149,135,H,Jalen Pickett,0,0
2024-12-27,CLE,DEN,149,135,H,Spencer Jones,0,0
2024-12-27,CLE,DEN,149,135,H,Zeke Nnaji,0,0
2024-12-27,GSW,LAC,92,102,A,Jonathan Kuminga,34,10
2024-12-27,GSW,LAC,92,102,A,Ivica Zubac,17,11
2024-12-27,GSW,LAC,92,102,A,Trayce Jackson-Davis,15,9
2024-12-27,GSW,LAC,92,102,A,Norman Powell,26,3
2024-12-27,GSW,LAC,92,102,A,Derrick Jones,14,6
2024-12-27,GSW,LAC,92,102,A,Brandin Podziemski,10,2
2024-12-27,GSW,LAC,92,102,A,James Harden,18,3
2024-12-27,GSW,LAC,92,102,A,Kris Dunn,13,7
2024-12-27,GSW,LAC,92,102,A,Kyle Anderson,5,6
2024-12-27,GSW,LAC,92,102,A,Amir Coffey,11,2
2024-12-27,GSW,LAC,92,102,A,Moses Moody,11,2
2024-12-27,GSW,LAC,92,102,A,Nicolas Batum,3,5
2024-12-27,GSW,LAC,92,102,A,Buddy Hield,5,9
2024-12-27,GSW,LAC,92,102,A,Mohamed Bamba,0,2
2024-12-27,GSW,LAC,92,102,A,Dennis Schröder,7,1
2024-12-27,GSW,LAC,92,102,A,Andrew Wiggins,5,2
2024-12-27,GSW,LAC,92,102,A,Quinten Post,0,0
2024-12-27,GSW,LAC,92,102,A,Gui Santos,0,1
2024-12-27,GSW,LAC,92,102,A,Kevon Looney,0,4
2024-12-27,GSW,LAC,92,102,A,Lindy Waters,0,1
2024-12-27,GSW,LAC,92,102,A,Jordan Miller,0,0
2024-12-27,HOU,MIN,112,113,A,Alperen Sengun,38,12
2024-12-27,HOU,MIN,112,113,A,Julius Randle,27,8
2024-12-27,HOU,MIN,112,113,A,Donte DiVincenzo,22,4
2024-12-27,HOU,MIN,112,113,A,Amen Thompson,20,11
2024-12-27,HOU,MIN,112,113,A,Anthony Edwards,24,5
2024-12-27,HOU,MIN,112,113,A,Fred VanVleet,18,6
2024-12-27,HOU,MIN,112,113,A,Nickeil Alexander-Walker,11,4
2024-12-27,HOU,MIN,112,113,A,Rudy Gobert,7,9
2024-12-27,HOU,MIN,112,113,A,Jalen Green,14,2
2024-12-27,HOU,MIN,112,113,A,Jabari Smith,12,7
2024-12-27,HOU,MIN,112,113,A,Naz Reid,14,2
2024-12-27,HOU,MIN,112,113,A,Jae'Sean Tate,6,6
2024-12-27,HOU,MIN,112,113,A,Mike Conley,3,2
2024-12-27,HOU,MIN,112,113,A,Josh Minott,3,0
2024-12-27,HOU,MIN,112,113,A,Aaron Holiday,0,0
2024-12-27,HOU,MIN,112,113,A,Cam Whitmore,4,3
2024-12-27,HOU,MIN,112,113,A,Steven Adams,0,1
2024-12-27,HOU,MIN,112,113,A,Jaden McDaniels,2,5
2024-12-27,HOU,MIN,112,113,A,Reed Sheppard,0,0
2024-12-27,MEM,NOP,132,124,H,Jaren Jackson,33,5
2024-12-27,MEM,NOP,132,124,H,CJ McCollum,32,5
2024-12-27,MEM,NOP,132,124,H,Trey Murphy,35,3
2024-12-27,MEM,NOP,132,124,H,Ja Morant,25,2
2024-12-27,MEM,NOP,132,124,H,Desmond Bane,18,4
2024-12-27,MEM,NOP,132,124,H,Zach Edey,14,9
2024-12-27,MEM,NOP,132,124,H,Daniel Theis,11,11
2024-12-27,MEM,NOP,132,124,H,Dejounte Murray,15,7
2024-12-27,MEM,NOP,132,124,H,Scotty Pippen ,13,6
2024-12-27,MEM,NOP,132,124,H,Luke Kennard,9,4
2024-12-27,MEM,NOP,132,124,H,Jeremiah Robinson-Earl,5,6
2024-12-27,MEM,NOP,132,124,H,Brandon Boston,7,0
2024-12-27,MEM,NOP,132,124,H,Jordan Hawkins,9,2
2024-12-27,MEM,NOP,132,124,H,Herbert Jones,4,5
2024-12-27,MEM,NOP,132,124,H,Jaylen Wells,10,2
2024-12-27,MEM,NOP,132,124,H,Jay Huff,7,2
2024-12-27,MEM,NOP,132,124,H,Brandon Clarke,3,4
2024-12-27,MEM,NOP,132,124,H,Yves Missi,6,6
2024-12-27,MEM,NOP,132,124,H,Javonte Green,0,0
2024-12-27,MEM,NOP,132,124,H,John Konchar,0,3
2024-12-27,MEM,NOP,132,124,H,Jake LaRavia,0,1
2024-12-27,DAL,PHO,98,89,H,Kevin Durant,35,3
2024-12-27,DAL,PHO,98,89,H,Maxi Kleber,15,7
2024-12-27,DAL,PHO,98,89,H,Spencer Dinwiddie,15,3
2024-12-27,DAL,PHO,98,89,H,Royce O'Neale,14,5
2024-12-27,DAL,PHO,98,89,H,Daniel Gafford,16,5
2024-12-27,DAL,PHO,98,89,H,Klay Thompson,11,6
2024-12-27,DAL,PHO,98,89,H,Josh Okogie,8,4
2024-12-27,DAL,PHO,98,89,H,Kyrie Irving,20,4
2024-12-27,DAL,PHO,98,89,H,Mason Plumlee,4,9
2024-12-27,DAL,PHO,98,89,H,Ryan Dunn,5,5
2024-12-27,DAL,PHO,98,89,H,Oso Ighodaro,4,3
2024-12-27,DAL,PHO,98,89,H,Tyus Jones,3,2
2024-12-27,DAL,PHO,98,89,H,Dwight Powell,0,4
2024-12-27,DAL,PHO,98,89,H,Naji Marshall,4,3
2024-12-27,DAL,PHO,98,89,H,Quentin Grimes,8,5
2024-12-27,DAL,PHO,98,89,H,Bradley Beal,11,3
2024-12-27,DAL,PHO,98,89,H,Olivier-Maxence Prosper,2,1
2024-12-27,DAL,PHO,98,89,H,P.J. Washington,7,3
2024-12-27,DAL,PHO,98,89,H,Damion Lee,2,0
2024-12-27,DAL,PHO,98,89,H,Jusuf Nurkić,3,5
2024-12-27,DAL,PHO,98,89,H,Jalen Bridges,0,0
2024-12-27,DAL,PHO,98,89,H,Kessler Edwards,0,0
2024-12-27,DAL,PHO,98,89,H,Jazian Gortman,0,0
2024-12-27,DAL,PHO,98,89,H,Jaden Hardy,0,0
2024-12-27,DAL,PHO,98,89,H,Monte Morris,0,3
2024-12-27,NYK,ORL,108,85,H,Josh Hart,23,13
2024-12-27,NYK,ORL,108,85,H,Jalen Brunson,26,3
2024-12-27,NYK,ORL,108,85,H,Jalen Suggs,27,4
2024-12-27,NYK,ORL,108,85,H,Goga Bitadze,14,11
2024-12-27,NYK,ORL,108,85,H,Mikal Bridges,17,2
2024-12-27,NYK,ORL,108,85,H,Karl-Anthony Towns,16,8
2024-12-27,NYK,ORL,108,85,H,Landry Shamet,7,1
2024-12-27,NYK,ORL,108,85,H,Precious Achiuwa,6,6
2024-12-27,NYK,ORL,108,85,H,Kentavious Caldwell-Pope,10,0
2024-12-27,NYK,ORL,108,85,H,Trevelin Queen,9,2
2024-12-27,NYK,ORL,108,85,H,Anthony Black,9,3
2024-12-27,NYK,ORL,108,85,H,Miles McBride,5,5
2024-12-27,NYK,ORL,108,85,H,Jonathan Isaac,7,5
2024-12-27,NYK,ORL,108,85,H,OG Anunoby,8,5
2024-12-27,NYK,ORL,108,85,H,Gary Harris,2,0
2024-12-27,NYK,ORL,108,85,H,Caleb Houstan,0,0
2024-12-27,NYK,ORL,108,85,H,Cole Anthony,5,1
2024-12-27,NYK,ORL,108,85,H,Jericho Sims,0,1
2024-12-27,NYK,ORL,108,85,H,Wendell Carter,2,3
2024-12-27,NYK,ORL,108,85,H,Cory Joseph,0,2
2024-12-27,NYK,ORL,108,85,H,Cameron Payne,0,0
2024-12-27,NYK,ORL,108,85,H,Tristan Da Silva,0,2
2024-12-27,BRK,SAS,87,96,A,Shake Milton,16,3
2024-12-27,BRK,SAS,87,96,A,Victor Wembanyama,19,7
2024-12-27,BRK,SAS,87,96,A,Julian Champagnie,18,2
2024-12-27,BRK,SAS,87,96,A,Keon Johnson,25,4
2024-12-27,BRK,SAS,87,96,A,Jeremy Sochan,12,14
2024-12-27,BRK,SAS,87,96,A,Keldon Johnson,15,6
2024-12-27,BRK,SAS,87,96,A,Devin Vassell,10,6
2024-12-27,BRK,SAS,87,96,A,Nic Claxton,11,10
2024-12-27,BRK,SAS,87,96,A,Harrison Barnes,9,2
2024-12-27,BRK,SAS,87,96,A,Tyrese Martin,13,6
2024-12-27,BRK,SAS,87,96,A,Day'Ron Sharpe,4,6
2024-12-27,BRK,SAS,87,96,A,Tre Jones,2,2
2024-12-27,BRK,SAS,87,96,A,Chris Paul,5,2
2024-12-27,BRK,SAS,87,96,A,Jalen Wilson,11,2
2024-12-27,BRK,SAS,87,96,A,Noah Clowney,5,5
2024-12-27,BRK,SAS,87,96,A,Stephon Castle,6,2
2024-12-27,BRK,SAS,87,96,A,Dorian Finney-Smith,2,9
2024-12-27,BRK,SAS,87,96,A,Reece Beekman,0,0
2024-12-28,NYK,WAS,136,132,H,Jalen Brunson,55,3
2024-12-28,NYK,WAS,136,132,H,Justin Champagnie,31,10
2024-12-28,NYK,WAS,136,132,H,Karl-Anthony Towns,30,14
2024-12-28,NYK,WAS,136,132,H,Josh Hart,13,11
2024-12-28,NYK,WAS,136,132,H,Mikal Bridges,21,3
2024-12-28,NYK,WAS,136,132,H,Malcolm Brogdon,22,3
2024-12-28,NYK,WAS,136,132,H,Carlton Carrington,17,5
2024-12-28,NYK,WAS,136,132,H,Bilal Coulibaly,18,6
2024-12-28,NYK,WAS,136,132,H,Kyshawn George,13,3
2024-12-28,NYK,WAS,136,132,H,Alex Sarr,12,6
2024-12-28,NYK,WAS,136,132,H,Corey Kispert,11,3
2024-12-28,NYK,WAS,136,132,H,Jonas Valančiūnas,8,8
2024-12-28,NYK,WAS,136,132,H,OG Anunoby,9,4
2024-12-28,NYK,WAS,136,132,H,Precious Achiuwa,3,7
2024-12-28,NYK,WAS,136,132,H,Cameron Payne,2,1
2024-12-28,NYK,WAS,136,132,H,Landry Shamet,0,0
2024-12-28,NYK,WAS,136,132,H,Miles McBride,3,0
2024-12-28,LAL,SAC,132,122,H,Anthony Davis,36,15
2024-12-28,LAL,SAC,132,122,H,De'Aaron Fox,29,5
2024-12-28,LAL,SAC,132,122,H,Austin Reaves,26,6
2024-12-28,LAL,SAC,132,122,H,DeMar DeRozan,25,6
2024-12-28,LAL,SAC,132,122,H,Rui Hachimura,21,4
2024-12-28,LAL,SAC,132,122,H,Malik Monk,20,6
2024-12-28,LAL,SAC,132,122,H,Max Christie,16,1
2024-12-28,LAL,SAC,132,122,H,Dalton Knecht,18,2
2024-12-28,LAL,SAC,132,122,H,Domantas Sabonis,14,12
2024-12-28,LAL,SAC,132,122,H,Keon Ellis,11,1
2024-12-28,LAL,SAC,132,122,H,Kevin Huerter,9,1
2024-12-28,LAL,SAC,132,122,H,D'Angelo Russell,9,2
2024-12-28,LAL,SAC,132,122,H,Christian Koloko,4,1
2024-12-28,LAL,SAC,132,122,H,Alex Len,3,0
2024-12-28,LAL,SAC,132,122,H,Cam Reddish,2,1
2024-12-28,LAL,SAC,132,122,H,Trey Lyles,6,5
2024-12-28,LAL,SAC,132,122,H,Keegan Murray,5,3
2024-12-28,LAL,SAC,132,122,H,Colby Jones,0,0
2024-12-28,LAL,SAC,132,122,H,Gabe Vincent,0,1
2024-12-28,DAL,POR,122,126,A,Kyrie Irving,46,2
2024-12-28,DAL,POR,122,126,A,Scoot Henderson,19,4
2024-12-28,DAL,POR,122,126,A,Deandre Ayton,21,16
2024-12-28,DAL,POR,122,126,A,Shaedon Sharpe,23,5
2024-12-28,DAL,POR,122,126,A,Anfernee Simons,22,4
2024-12-28,DAL,POR,122,126,A,Deni Avdija,21,5
2024-12-28,DAL,POR,122,126,A,Daniel Gafford,15,9
2024-12-28,DAL,POR,122,126,A,Quentin Grimes,15,6
2024-12-28,DAL,POR,122,126,A,Jerami Grant,14,8
2024-12-28,DAL,POR,122,126,A,Spencer Dinwiddie,17,8
2024-12-28,DAL,POR,122,126,A,Jaden Hardy,11,4
2024-12-28,DAL,POR,122,126,A,Maxi Kleber,0,8
2024-12-28,DAL,POR,122,126,A,Donovan Clingan,4,7
2024-12-28,DAL,POR,122,126,A,Olivier-Maxence Prosper,4,2
2024-12-28,DAL,POR,122,126,A,Klay Thompson,12,1
2024-12-28,DAL,POR,122,126,A,Dwight Powell,2,0
2024-12-28,DAL,POR,122,126,A,Kris Murray,2,1
2024-12-28,DAL,POR,122,126,A,Kessler Edwards,0,0
2024-12-28,DAL,POR,122,126,A,Jazian Gortman,0,0
2024-12-28,DAL,POR,122,126,A,Rayan Rupert,0,0
2024-12-28,DEN,DET,134,121,H,Nikola Jokić,37,9
2024-12-28,DEN,DET,134,121,H,Jamal Murray,34,5
2024-12-28,DEN,DET,134,121,H,Michael Porter,26,3
2024-12-28,DEN,DET,134,121,H,Christian Braun,10,4
2024-12-28,DEN,DET,134,121,H,Jaden Ivey,17,3
2024-12-28,DEN,DET,134,121,H,Ausar Thompson,10,6
2024-12-28,DEN,DET,134,121,H,Paul Reed,7,2
2024-12-28,DEN,DET,134,121,H,Jalen Duren,12,7
2024-12-28,DEN,DET,134,121,H,Cade Cunningham,17,2
2024-12-28,DEN,DET,134,121,H,Russell Westbrook,8,9
2024-12-28,DEN,DET,134,121,H,Malik Beasley,14,2
2024-12-28,DEN,DET,134,121,H,Wendell Moore,6,5
2024-12-28,DEN,DET,134,121,H,Tim Hardaway,8,1
2024-12-28,DEN,DET,134,121,H,Ron Holland,12,2
2024-12-28,DEN,DET,134,121,H,Peyton Watson,5,1
2024-12-28,DEN,DET,134,121,H,DeAndre Jordan,6,3
2024-12-28,DEN,DET,134,121,H,Tobias Harris,7,2
2024-12-28,DEN,DET,134,121,H,Marcus Sasser,5,1
2024-12-28,DEN,DET,134,121,H,Isaiah Stewart,3,4
2024-12-28,DEN,DET,134,121,H,Hunter Tyson,2,3
2024-12-28,DEN,DET,134,121,H,Simone Fontecchio,3,4
2024-12-28,DEN,DET,134,121,H,Julian Strawther,6,3
2024-12-28,CHI,MIL,116,111,H,Damian Lillard,29,6
2024-12-28,CHI,MIL,116,111,H,Josh Giddey,23,15
2024-12-28,CHI,MIL,116,111,H,Nikola Vučević,23,13
2024-12-28,CHI,MIL,116,111,H,Coby White,22,2
2024-12-28,CHI,MIL,116,111,H,Brook Lopez,22,7
2024-12-28,CHI,MIL,116,111,H,Khris Middleton,21,6
2024-12-28,CHI,MIL,116,111,H,Zach LaVine,15,6
2024-12-28,CHI,MIL,116,111,H,Bobby Portis,14,9
2024-12-28,CHI,MIL,116,111,H,Ryan Rollins,7,7
2024-12-28,CHI,MIL,116,111,H,Lonzo Ball,9,3
2024-12-28,CHI,MIL,116,111,H,Patrick Williams,9,2
2024-12-28,CHI,MIL,116,111,H,Jevon Carter,5,1
2024-12-28,CHI,MIL,116,111,H,Matas Buzelis,2,3
2024-12-28,CHI,MIL,116,111,H,A.J. Green,5,2
2024-12-28,CHI,MIL,116,111,H,Gary Trent,7,2
2024-12-28,CHI,MIL,116,111,H,Torrey Craig,6,3
2024-12-28,CHI,MIL,116,111,H,Taurean Prince,6,3
2024-12-28,CHI,MIL,116,111,H,Dalen Terry,2,3
2024-12-28,CHI,MIL,116,111,H,Talen Horton-Tucker,0,0
2024-12-28,CHI,MIL,116,111,H,Julian Phillips,0,1
2024-12-28,CHI,MIL,116,111,H,Andre Jackson,0,1
2024-12-28,GSW,PHO,109,105,H,Jonathan Kuminga,34,9
2024-12-28,GSW,PHO,109,105,H,Draymond Green,16,8
2024-12-28,GSW,PHO,109,105,H,Bradley Beal,28,5
2024-12-28,GSW,PHO,109,105,H,Trayce Jackson-Davis,16,10
2024-12-28,GSW,PHO,109,105,H,Kevin Durant,31,6
2024-12-28,GSW,PHO,109,105,H,Ryan Dunn,15,4
2024-12-28,GSW,PHO,109,105,H,Josh Okogie,11,9
2024-12-28,GSW,PHO,109,105,H,Stephen Curry,22,6
2024-12-28,GSW,PHO,109,105,H,Mason Plumlee,2,9
2024-12-28,GSW,PHO,109,105,H,Monte Morris,8,1
2024-12-28,GSW,PHO,109,105,H,Tyus Jones,8,5
2024-12-28,GSW,PHO,109,105,H,Andrew Wiggins,7,7
2024-12-28,GSW,PHO,109,105,H,Oso Ighodaro,2,6
2024-12-28,GSW,PHO,109,105,H,Dennis Schröder,11,3
2024-12-28,GSW,PHO,109,105,H,Lindy Waters,3,4
2024-12-28,GSW,PHO,109,105,H,Brandin Podziemski,0,2
2024-12-28,GSW,PHO,109,105,H,Royce O'Neale,0,1
2024-12-28,GSW,PHO,109,105,H,Buddy Hield,0,0
2024-12-28,ATL,MIA,120,110,H,Jalen Johnson,28,13
2024-12-28,ATL,MIA,120,110,H,Tyler Herro,28,7
2024-12-28,ATL,MIA,120,110,H,De'Andre Hunter,26,5
2024-12-28,ATL,MIA,120,110,H,Garrison Mathews,18,2
2024-12-28,ATL,MIA,120,110,H,Duncan Robinson,16,5
2024-12-28,ATL,MIA,120,110,H,Bam Adebayo,17,10
2024-12-28,ATL,MIA,120,110,H,Haywood Highsmith,14,6
2024-12-28,ATL,MIA,120,110,H,Trae Young,11,1
2024-12-28,ATL,MIA,120,110,H,Larry Nance,10,10
2024-12-28,ATL,MIA,120,110,H,Terry Rozier,9,5
2024-12-28,ATL,MIA,120,110,H,Clint Capela,6,7
2024-12-28,ATL,MIA,120,110,H,Alec Burks,10,1
2024-12-28,ATL,MIA,120,110,H,Jaime Jaquez,8,5
2024-12-28,ATL,MIA,120,110,H,Vit Krejci,7,3
2024-12-28,ATL,MIA,120,110,H,Keaton Wallace,5,2
2024-12-28,ATL,MIA,120,110,H,Kel'el Ware,4,1
2024-12-28,ATL,MIA,120,110,H,Zaccharie Risacher,9,4
2024-12-28,ATL,MIA,120,110,H,Nikola Jović,4,2
2024-12-28,ATL,MIA,120,110,H,Pelle Larsson,0,0
2024-12-28,PHI,UTA,114,111,H,Joel Embiid,32,5
2024-12-28,PHI,UTA,114,111,H,Tyrese Maxey,32,0
2024-12-28,PHI,UTA,114,111,H,Collin Sexton,20,6
2024-12-28,PHI,UTA,114,111,H,Brice Sensabaugh,20,5
2024-12-28,PHI,UTA,114,111,H,Guerschon Yabusele,12,8
2024-12-28,PHI,UTA,114,111,H,Lauri Markkanen,23,4
2024-12-28,PHI,UTA,114,111,H,Jordan Clarkson,17,3
2024-12-28,PHI,UTA,114,111,H,Paul George,13,3
2024-12-28,PHI,UTA,114,111,H,Reggie Jackson,8,4
2024-12-28,PHI,UTA,114,111,H,Walker Kessler,11,11
2024-12-28,PHI,UTA,114,111,H,Kyle Lowry,0,2
2024-12-28,PHI,UTA,114,111,H,Caleb Martin,5,6
2024-12-28,PHI,UTA,114,111,H,Kelly Oubre,9,2
2024-12-28,PHI,UTA,114,111,H,Johnny Juzang,6,5
2024-12-28,PHI,UTA,114,111,H,Drew Eubanks,6,2
2024-12-28,PHI,UTA,114,111,H,Cody Williams,6,5
2024-12-28,PHI,UTA,114,111,H,Ricky Council,3,2
2024-12-28,PHI,UTA,114,111,H,Micah Potter,0,0
2024-12-28,PHI,UTA,114,111,H,Kyle Filipowski,0,4
2024-12-28,PHI,UTA,114,111,H,Isaiah Collier,2,3
2024-12-28,CHO,OKC,94,106,A,Miles Bridges,19,10
2024-12-28,CHO,OKC,94,106,A,Shai Gilgeous-Alexander,22,4
2024-12-28,CHO,OKC,94,106,A,Aaron Wiggins,17,5
2024-12-28,CHO,OKC,94,106,A,Isaiah Hartenstein,12,15
2024-12-28,CHO,OKC,94,106,A,Jalen Williams,20,3
2024-12-28,CHO,OKC,94,106,A,Mark Williams,12,10
2024-12-28,CHO,OKC,94,106,A,Jaylin Williams,9,4
2024-12-28,CHO,OKC,94,106,A,Seth Curry,12,2
2024-12-28,CHO,OKC,94,106,A,Ajay Mitchell,10,5
2024-12-28,CHO,OKC,94,106,A,Vasilije Micić,16,2
2024-12-28,CHO,OKC,94,106,A,Kenrich Williams,9,4
2024-12-28,CHO,OKC,94,106,A,Josh Green,10,2
2024-12-28,CHO,OKC,94,106,A,Isaiah Wong,10,0
2024-12-28,CHO,OKC,94,106,A,Tidjane Salaün ,9,5
2024-12-28,CHO,OKC,94,106,A,Isaiah Joe,5,4
2024-12-28,CHO,OKC,94,106,A,Moussa Diabaté,0,3
2024-12-28,CHO,OKC,94,106,A,DaQuan Jeffries,5,3
2024-12-28,CHO,OKC,94,106,A,Nick Richards,1,7
2024-12-28,CHO,OKC,94,106,A,Dillon Jones,2,3
2024-12-28,CHO,OKC,94,106,A,Ousmane Dieng,0,2
2024-12-29,MEM,OKC,106,130,A,Shai Gilgeous-Alexander,35,6
2024-12-29,MEM,OKC,106,130,A,Desmond Bane,22,9
2024-12-29,MEM,OKC,106,130,A,Jalen Williams,14,10
2024-12-29,MEM,OKC,106,130,A,Ajay Mitchell,17,1
2024-12-29,MEM,OKC,106,130,A,Aaron Wiggins,16,3
2024-12-29,MEM,OKC,106,130,A,Isaiah Hartenstein,12,9
2024-12-29,MEM,OKC,106,130,A,Kenrich Williams,12,3
2024-12-29,MEM,OKC,106,130,A,Jay Huff,17,1
2024-12-29,MEM,OKC,106,130,A,Yuki Kawamura,10,3
2024-12-29,MEM,OKC,106,130,A,Luke Kennard,16,5
2024-12-29,MEM,OKC,106,130,A,Scotty Pippen ,10,3
2024-12-29,MEM,OKC,106,130,A,John Konchar,4,15
2024-12-29,MEM,OKC,106,130,A,Cam Spencer,7,5
2024-12-29,MEM,OKC,106,130,A,Isaiah Joe,11,3
2024-12-29,MEM,OKC,106,130,A,Jaylin Williams,5,2
2024-12-29,MEM,OKC,106,130,A,Jaren Jackson,13,5
2024-12-29,MEM,OKC,106,130,A,Cason Wallace,5,1
2024-12-29,MEM,OKC,106,130,A,Luguentz Dort,3,4
2024-12-29,MEM,OKC,106,130,A,Dillon Jones,0,0
2024-12-29,MEM,OKC,106,130,A,Colin Castleton,3,1
2024-12-29,MEM,OKC,106,130,A,Ousmane Dieng,0,2
2024-12-29,MEM,OKC,106,130,A,Jake LaRavia,0,2
2024-12-29,MEM,OKC,106,130,A,Branden Carlson,0,1
2024-12-29,MEM,OKC,106,130,A,Jaylen Wells,4,2
2024-12-29,BOS,IND,114,123,A,Tyrese Haliburton,31,6
2024-12-29,BOS,IND,114,123,A,Jaylen Brown,31,4
2024-12-29,BOS,IND,114,123,A,Jayson Tatum,22,9
2024-12-29,BOS,IND,114,123,A,Pascal Siakam,17,8
2024-12-29,BOS,IND,114,123,A,Andrew Nembhard,17,8
2024-12-29,BOS,IND,114,123,A,Payton Pritchard,21,4
2024-12-29,BOS,IND,114,123,A,Myles Turner,13,6
2024-12-29,BOS,IND,114,123,A,Derrick White,17,3
2024-12-29,BOS,IND,114,123,A,Bennedict Mathurin,14,5
2024-12-29,BOS,IND,114,123,A,Sam Hauser,9,0
2024-12-29,BOS,IND,114,123,A,Thomas Bryant,8,3
2024-12-29,BOS,IND,114,123,A,Jarace Walker,12,5
2024-12-29,BOS,IND,114,123,A,Neemias Queta,6,3
2024-12-29,BOS,IND,114,123,A,Luke Kornet,1,9
2024-12-29,BOS,IND,114,123,A,Ben Sheppard,8,4
2024-12-29,BOS,IND,114,123,A,Drew Peterson,2,0
2024-12-29,BOS,IND,114,123,A,T.J. McConnell,3,5
2024-12-29,BOS,IND,114,123,A,Johnny Furphy,0,0
2024-12-29,BOS,IND,114,123,A,Jordan Walsh,0,3
2024-12-29,BOS,IND,114,123,A,Jaden Springer,0,1
2024-12-29,BOS,IND,114,123,A,Quenton Jackson,0,0
2024-12-29,BOS,IND,114,123,A,Xavier Tillman,0,0
2024-12-29,BOS,IND,114,123,A,Al Horford,5,5
2024-12-29,ATL,TOR,136,107,H,Trae Young,34,2
2024-12-29,ATL,TOR,136,107,H,De'Andre Hunter,22,3
2024-12-29,ATL,TOR,136,107,H,Zaccharie Risacher,14,7
2024-12-29,ATL,TOR,136,107,H,Clint Capela,11,12
2024-12-29,ATL,TOR,136,107,H,Onyeka Okongwu,15,4
2024-12-29,ATL,TOR,136,107,H,Scottie Barnes,19,8
2024-12-29,ATL,TOR,136,107,H,Jalen Johnson,15,4
2024-12-29,ATL,TOR,136,107,H,Jakob Poeltl,13,6
2024-12-29,ATL,TOR,136,107,H,Garrison Mathews,11,2
2024-12-29,ATL,TOR,136,107,H,RJ Barrett,17,6
2024-12-29,ATL,TOR,136,107,H,Jamal Shead,5,2
2024-12-29,ATL,TOR,136,107,H,Bruce Brown,12,3
2024-12-29,ATL,TOR,136,107,H,Chris Boucher,9,2
2024-12-29,ATL,TOR,136,107,H,Vit Krejci,5,4
2024-12-29,ATL,TOR,136,107,H,Keaton Wallace,9,1
2024-12-29,ATL,TOR,136,107,H,Jamison Battle,8,2
2024-12-29,ATL,TOR,136,107,H,Ja'Kobe Walter,5,0
2024-12-29,ATL,TOR,136,107,H,Kelly Olynyk,6,6
2024-12-29,ATL,TOR,136,107,H,Jonathan Mogbo,4,4
2024-12-29,ATL,TOR,136,107,H,Garrett Temple,0,3
2024-12-29,ATL,TOR,136,107,H,Gradey Dick,6,6
2024-12-29,ATL,TOR,136,107,H,Ochai Agbaji,3,4
2024-12-29,ATL,TOR,136,107,H,Dominick Barlow,0,0
2024-12-29,ATL,TOR,136,107,H,David Roddy,0,1
2024-12-29,MIN,SAS,112,110,H,Victor Wembanyama,34,8
2024-12-29,MIN,SAS,112,110,H,Harrison Barnes,24,5
2024-12-29,MIN,SAS,112,110,H,Donte DiVincenzo,26,7
2024-12-29,MIN,SAS,112,110,H,Devin Vassell,22,7
2024-12-29,MIN,SAS,112,110,H,Rudy Gobert,17,15
2024-12-29,MIN,SAS,112,110,H,Chris Paul,6,5
2024-12-29,MIN,SAS,112,110,H,Julius Randle,16,4
2024-12-29,MIN,SAS,112,110,H,Jaden McDaniels,12,10
2024-12-29,MIN,SAS,112,110,H,Keldon Johnson,13,6
2024-12-29,MIN,SAS,112,110,H,Naz Reid,11,4
2024-12-29,MIN,SAS,112,110,H,Anthony Edwards,14,8
2024-12-29,MIN,SAS,112,110,H,Josh Minott,5,4
2024-12-29,MIN,SAS,112,110,H,Charles Bassey,4,2
2024-12-29,MIN,SAS,112,110,H,Nickeil Alexander-Walker,6,2
2024-12-29,MIN,SAS,112,110,H,Mike Conley,5,2
2024-12-29,MIN,SAS,112,110,H,Tre Jones,2,3
2024-12-29,MIN,SAS,112,110,H,Julian Champagnie,0,1
2024-12-29,MIN,SAS,112,110,H,Jeremy Sochan,5,4
2024-12-29,MIN,SAS,112,110,H,Zach Collins,0,0
2024-12-29,MIN,SAS,112,110,H,Stephon Castle,0,0
2024-12-29,BRK,ORL,101,102,A,Goga Bitadze,19,11
2024-12-29,BRK,ORL,101,102,A,Tristan Da Silva,21,6
2024-12-29,BRK,ORL,101,102,A,Cam Thomas,25,6
2024-12-29,BRK,ORL,101,102,A,Jalen Wilson,16,1
2024-12-29,BRK,ORL,101,102,A,Caleb Houstan,12,0
2024-12-29,BRK,ORL,101,102,A,Keon Johnson,14,3
2024-12-29,BRK,ORL,101,102,A,Day'Ron Sharpe,8,6
2024-12-29,BRK,ORL,101,102,A,Noah Clowney,13,2
2024-12-29,BRK,ORL,101,102,A,Cameron Johnson,9,3
2024-12-29,BRK,ORL,101,102,A,Wendell Carter,13,6
2024-12-29,BRK,ORL,101,102,A,Ben Simmons,6,7
2024-12-29,BRK,ORL,101,102,A,Cole Anthony,10,3
2024-12-29,BRK,ORL,101,102,A,Jonathan Isaac,5,9
2024-12-29,BRK,ORL,101,102,A,Kentavious Caldwell-Pope,5,1
2024-12-29,BRK,ORL,101,102,A,Gary Harris,6,0
2024-12-29,BRK,ORL,101,102,A,Tyrese Martin,4,5
2024-12-29,BRK,ORL,101,102,A,Jalen Suggs,8,2
2024-12-29,BRK,ORL,101,102,A,Nic Claxton,6,5
2024-12-29,BRK,ORL,101,102,A,Cory Joseph,3,2
2024-12-29,BRK,ORL,101,102,A,Jett Howard,0,1
2024-12-29,BRK,ORL,101,102,A,Trevelin Queen,0,1
2024-12-29,HOU,MIA,100,104,A,Tyler Herro,27,6
2024-12-29,HOU,MIA,100,104,A,Nikola Jović,18,7
2024-12-29,HOU,MIA,100,104,A,Alperen Sengun,18,18
2024-12-29,HOU,MIA,100,104,A,Haywood Highsmith,15,8
2024-12-29,HOU,MIA,100,104,A,Fred VanVleet,16,7
2024-12-29,HOU,MIA,100,104,A,Dillon Brooks,22,4
2024-12-29,HOU,MIA,100,104,A,Steven Adams,4,9
2024-12-29,HOU,MIA,100,104,A,Amen Thompson,5,5
2024-12-29,HOU,MIA,100,104,A,Jalen Green,19,3
2024-12-29,HOU,MIA,100,104,A,Kel'el Ware,7,7
2024-12-29,HOU,MIA,100,104,A,Bam Adebayo,12,10
2024-12-29,HOU,MIA,100,104,A,Terry Rozier,14,5
2024-12-29,HOU,MIA,100,104,A,Cam Whitmore,7,3
2024-12-29,HOU,MIA,100,104,A,Kevin Love,5,6
2024-12-29,HOU,MIA,100,104,A,Jaime Jaquez,2,3
2024-12-29,HOU,MIA,100,104,A,Jabari Smith,7,3
2024-12-29,HOU,MIA,100,104,A,Aaron Holiday,2,0
2024-12-29,HOU,MIA,100,104,A,Alec Burks,4,0
2024-12-30,DEN,UTA,132,121,H,Nikola Jokić,36,22
2024-12-30,DEN,UTA,132,121,H,Russell Westbrook,16,10
2024-12-30,DEN,UTA,132,121,H,Christian Braun,20,2
2024-12-30,DEN,UTA,132,121,H,Jamal Murray,20,4
2024-12-30,DEN,UTA,132,121,H,Jordan Clarkson,24,5
2024-12-30,DEN,UTA,132,121,H,Walker Kessler,12,13
2024-12-30,DEN,UTA,132,121,H,Michael Porter Jr.,21,6
2024-12-30,DEN,UTA,132,121,H,Collin Sexton,22,2
2024-12-30,DEN,UTA,132,121,H,Isaiah Collier,8,4
2024-12-30,DEN,UTA,132,121,H,Johnny Juzang,14,4
2024-12-30,DEN,UTA,132,121,H,Peyton Watson,13,4
2024-12-30,DEN,UTA,132,121,H,Lauri Markkanen,17,1
2024-12-30,DEN,UTA,132,121,H,Kyle Filipowski,5,1
2024-12-30,DEN,UTA,132,121,H,Cody Williams,7,1
2024-12-30,DEN,UTA,132,121,H,Keyonte George,7,3
2024-12-30,DEN,UTA,132,121,H,Julian Strawther,4,2
2024-12-30,DEN,UTA,132,121,H,DeAndre Jordan,2,1
2024-12-30,DEN,UTA,132,121,H,Brice Sensabaugh,5,3
2024-12-30,DEN,UTA,132,121,H,Hunter Tyson,0,0
2024-12-30,NYK,WAS,126,106,H,Karl-Anthony Towns,32,13
2024-12-30,NYK,WAS,126,106,H,Josh Hart,23,15
2024-12-30,NYK,WAS,126,106,H,Jonas Valančiūnas,22,9
2024-12-30,NYK,WAS,126,106,H,Malcolm Brogdon,18,6
2024-12-30,NYK,WAS,126,106,H,OG Anunoby,18,8
2024-12-30,NYK,WAS,126,106,H,Corey Kispert,16,2
2024-12-30,NYK,WAS,126,106,H,Mikal Bridges,13,6
2024-12-30,NYK,WAS,126,106,H,Jalen Brunson,18,3
2024-12-30,NYK,WAS,126,106,H,Miles McBride,8,2
2024-12-30,NYK,WAS,126,106,H,Alex Sarr,18,4
2024-12-30,NYK,WAS,126,106,H,Carlton Carrington,6,5
2024-12-30,NYK,WAS,126,106,H,Landry Shamet,6,1
2024-12-30,NYK,WAS,126,106,H,Precious Achiuwa,5,4
2024-12-30,NYK,WAS,126,106,H,Bilal Coulibaly,6,3
2024-12-30,NYK,WAS,126,106,H,Kyle Kuzma,9,2
2024-12-30,NYK,WAS,126,106,H,Anthony Gill,2,2
2024-12-30,NYK,WAS,126,106,H,Jared Butler,2,0
2024-12-30,NYK,WAS,126,106,H,Jacob Toppin,0,1
2024-12-30,NYK,WAS,126,106,H,Cameron Payne,3,0
2024-12-30,NYK,WAS,126,106,H,Jericho Sims,0,1
2024-12-30,NYK,WAS,126,106,H,Patrick Baldwin Jr.,0,0
2024-12-30,NYK,WAS,126,106,H,Matt Ryan,0,0
2024-12-30,NYK,WAS,126,106,H,Justin Champagnie,3,8
2024-12-30,NYK,WAS,126,106,H,Tyler Kolek,0,0
2024-12-30,NYK,WAS,126,106,H,Tristan Vukcevic,0,0
2024-12-30,NYK,WAS,126,106,H,Kyshawn George,4,5
2024-12-30,NYK,WAS,126,106,H,Johnny Davis,0,0
2024-12-30,PHI,POR,125,103,H,Joel Embiid,37,9
2024-12-30,PHI,POR,125,103,H,Kelly Oubre Jr.,15,5
2024-12-30,PHI,POR,125,103,H,Anfernee Simons,25,4
2024-12-30,PHI,POR,125,103,H,Tyrese Maxey,23,1
2024-12-30,PHI,POR,125,103,H,Toumani Camara,12,10
2024-12-30,PHI,POR,125,103,H,Guerschon Yabusele,16,4
2024-12-30,PHI,POR,125,103,H,Deandre Ayton,12,6
2024-12-30,PHI,POR,125,103,H,Deni Avdija,17,7
2024-12-30,PHI,POR,125,103,H,Duop Reath,9,1
2024-12-30,PHI,POR,125,103,H,Caleb Martin,7,1
2024-12-30,PHI,POR,125,103,H,Scoot Henderson,6,0
2024-12-30,PHI,POR,125,103,H,Paul George,9,6
2024-12-30,PHI,POR,125,103,H,Ricky Council IV,7,1
2024-12-30,PHI,POR,125,103,H,Kris Murray,2,1
2024-12-30,PHI,POR,125,103,H,Reggie Jackson,3,2
2024-12-30,PHI,POR,125,103,H,Jabari Walker,5,0
2024-12-30,PHI,POR,125,103,H,Jeff Dowtin,3,2
2024-12-30,PHI,POR,125,103,H,Adem Bona,2,0
2024-12-30,PHI,POR,125,103,H,Pete Nance,3,1
2024-12-30,PHI,POR,125,103,H,Rayan Rupert,0,0
2024-12-30,PHI,POR,125,103,H,Bryce McGowens,0,1
2024-12-30,PHI,POR,125,103,H,Shaedon Sharpe,12,1
2024-12-30,PHI,POR,125,103,H,Donovan Clingan,3,1
2024-12-30,PHI,POR,125,103,H,Robert Williams,0,1
2024-12-30,DAL,SAC,100,110,A,De'Aaron Fox,33,6
2024-12-30,DAL,SAC,100,110,A,Spencer Dinwiddie,30,3
2024-12-30,DAL,SAC,100,110,A,Domantas Sabonis,17,16
2024-12-30,DAL,SAC,100,110,A,P.J. Washington,28,4
2024-12-30,DAL,SAC,100,110,A,Trey Lyles,14,4
2024-12-30,DAL,SAC,100,110,A,Brandon Williams,10,1
2024-12-30,DAL,SAC,100,110,A,DeMar DeRozan,14,4
2024-12-30,DAL,SAC,100,110,A,Daniel Gafford,8,6
2024-12-30,DAL,SAC,100,110,A,Dwight Powell,0,5
2024-12-30,DAL,SAC,100,110,A,Malik Monk,14,7
2024-12-30,DAL,SAC,100,110,A,Quentin Grimes,11,7
2024-12-30,DAL,SAC,100,110,A,Keon Ellis,7,5
2024-12-30,DAL,SAC,100,110,A,Alex Len,4,8
2024-12-30,DAL,SAC,100,110,A,Jaden Hardy,8,3
2024-12-30,DAL,SAC,100,110,A,Kevin Huerter,3,2
2024-12-30,DAL,SAC,100,110,A,Keegan Murray,4,6
2024-12-30,DAL,SAC,100,110,A,Jazian Gortman,5,2
2024-12-30,DAL,SAC,100,110,A,Olivier-Maxence Prosper,0,1
2024-12-30,DAL,SAC,100,110,A,Maxi Kleber,0,4
2024-12-30,DAL,SAC,100,110,A,Isaiah Crawford,0,0
2024-12-30,DAL,SAC,100,110,A,Kessler Edwards,0,0
2024-12-30,DAL,SAC,100,110,A,Colby Jones,0,0
2024-12-30,DAL,SAC,100,110,A,Isaac Jones,0,0
2024-12-30,DAL,SAC,100,110,A,Jordan McLaughlin,0,0
2024-12-30,CHI,CHO,115,108,H,Mark Williams,20,12
2024-12-30,CHI,CHO,115,108,H,Miles Bridges,31,12
2024-12-30,CHI,CHO,115,108,H,Torrey Craig,18,5
2024-12-30,CHI,CHO,115,108,H,Coby White,23,10
2024-12-30,CHI,CHO,115,108,H,Nikola Vučević,16,13
2024-12-30,CHI,CHO,115,108,H,Josh Giddey,13,12
2024-12-30,CHI,CHO,115,108,H,Patrick Williams,17,3
2024-12-30,CHI,CHO,115,108,H,Josh Green,14,6
2024-12-30,CHI,CHO,115,108,H,Seth Curry,17,2
2024-12-30,CHI,CHO,115,108,H,Jalen Smith,11,5
2024-12-30,CHI,CHO,115,108,H,Lonzo Ball,4,3
2024-12-30,CHI,CHO,115,108,H,DaQuan Jeffries,6,3
2024-12-30,CHI,CHO,115,108,H,Talen Horton-Tucker,4,5
2024-12-30,CHI,CHO,115,108,H,Dalen Terry,5,4
2024-12-30,CHI,CHO,115,108,H,KJ Simpson,6,2
2024-12-30,CHI,CHO,115,108,H,Vasilije Micić,7,3
2024-12-30,CHI,CHO,115,108,H,Tidjane Salaün,3,8
2024-12-30,CHI,CHO,115,108,H,Julian Phillips,2,1
2024-12-30,CHI,CHO,115,108,H,Moussa Diabaté,0,3
2024-12-30,CHI,CHO,115,108,H,Matas Buzelis,2,2
2024-12-30,CHI,CHO,115,108,H,Isaiah Wong,2,3
2024-12-30,CHI,CHO,115,108,H,Nick Richards,2,2
2024-12-30,LAC,NOP,116,113,H,Ivica Zubac,20,16
2024-12-30,LAC,NOP,116,113,H,Norman Powell,35,3
2024-12-30,LAC,NOP,116,113,H,Trey Murphy III,18,4
2024-12-30,LAC,NOP,116,113,H,CJ McCollum,33,2
2024-12-30,LAC,NOP,116,113,H,Herbert Jones,18,4
2024-12-30,LAC,NOP,116,113,H,Yves Missi,12,9
2024-12-30,LAC,NOP,116,113,H,James Harden,27,2
2024-12-30,LAC,NOP,116,113,H,Dejounte Murray,13,10
2024-12-30,LAC,NOP,116,113,H,Kris Dunn,7,3
2024-12-30,LAC,NOP,116,113,H,Derrick Jones Jr.,11,3
2024-12-30,LAC,NOP,116,113,H,Nicolas Batum,3,5
2024-12-30,LAC,NOP,116,113,H,Javonte Green,7,1
2024-12-30,LAC,NOP,116,113,H,Daniel Theis,6,2
2024-12-30,LAC,NOP,116,113,H,Mo Bamba,2,3
2024-12-30,LAC,NOP,116,113,H,Amir Coffey,6,3
2024-12-30,LAC,NOP,116,113,H,Brandon Boston Jr.,3,1
2024-12-30,LAC,NOP,116,113,H,Kevin Porter Jr.,5,2
2024-12-30,LAC,NOP,116,113,H,Jordan Hawkins,3,2
2024-12-30,CLE,GSW,113,95,H,Darius Garland,25,3
2024-12-30,CLE,GSW,113,95,H,Moses Moody,19,2
2024-12-30,CLE,GSW,113,95,H,Donovan Mitchell,23,3
2024-12-30,CLE,GSW,113,95,H,Trayce Jackson-Davis,16,16
2024-12-30,CLE,GSW,113,95,H,Jonathan Kuminga,18,10
2024-12-30,CLE,GSW,113,95,H,Dean Wade,10,13
2024-12-30,CLE,GSW,113,95,H,Jarrett Allen,12,9
2024-12-30,CLE,GSW,113,95,H,Ty Jerome,10,2
2024-12-30,CLE,GSW,113,95,H,Andrew Wiggins,11,3
2024-12-30,CLE,GSW,113,95,H,Stephen Curry,11,2
2024-12-30,CLE,GSW,113,95,H,Dennis Schröder,12,4
2024-12-30,CLE,GSW,113,95,H,Caris LeVert,9,1
2024-12-30,CLE,GSW,113,95,H,Georges Niang,3,3
2024-12-30,CLE,GSW,113,95,H,Pat Spencer,0,3
2024-12-30,CLE,GSW,113,95,H,Quinten Post,2,1
2024-12-30,CLE,GSW,113,95,H,Tristan Thompson,2,2
2024-12-30,CLE,GSW,113,95,H,Sam Merrill,5,2
2024-12-30,CLE,GSW,113,95,H,Craig Porter Jr.,2,1
2024-12-30,CLE,GSW,113,95,H,JT Thor,2,1
2024-12-30,CLE,GSW,113,95,H,Evan Mobley,7,7
2024-12-30,CLE,GSW,113,95,H,Jaylon Tyson,0,3
2024-12-30,CLE,GSW,113,95,H,Draymond Green,2,8
2024-12-30,CLE,GSW,113,95,H,Gui Santos,0,1
2024-12-30,CLE,GSW,113,95,H,Max Strus,3,4
2024-12-30,CLE,GSW,113,95,H,Lindy Waters III,2,2
2024-12-30,CLE,GSW,113,95,H,Buddy Hield,2,3
2024-12-31,MIN,OKC,105,113,A,Shai Gilgeous-Alexander,40,3
2024-12-31,MIN,OKC,105,113,A,Isaiah Hartenstein,15,10
2024-12-31,MIN,OKC,105,113,A,Mike Conley,16,1
2024-12-31,MIN,OKC,105,113,A,Anthony Edwards,20,7
2024-12-31,MIN,OKC,105,113,A,Naz Reid,19,8
2024-12-31,MIN,OKC,105,113,A,Jalen Williams,14,7
2024-12-31,MIN,OKC,105,113,A,Luguentz Dort,14,6
2024-12-31,MIN,OKC,105,113,A,Julius Randle,11,6
2024-12-31,MIN,OKC,105,113,A,Cason Wallace,5,2
2024-12-31,MIN,OKC,105,113,A,Rudy Gobert,8,7
2024-12-31,MIN,OKC,105,113,A,Donte DiVincenzo,10,4
2024-12-31,MIN,OKC,105,113,A,Isaiah Joe,7,0
2024-12-31,MIN,OKC,105,113,A,Aaron Wiggins,7,3
2024-12-31,MIN,OKC,105,113,A,Josh Minott,6,0
2024-12-31,MIN,OKC,105,113,A,Kenrich Williams,5,2
2024-12-31,MIN,OKC,105,113,A,Nickeil Alexander-Walker,8,4
2024-12-31,MIN,OKC,105,113,A,Jaylin Williams,3,1
2024-12-31,MIN,OKC,105,113,A,Ajay Mitchell,3,3
2024-12-31,MIN,OKC,105,113,A,Jaden McDaniels,7,6
2024-12-31,CLE,LAL,122,110,H,Austin Reaves,35,9
2024-12-31,CLE,LAL,122,110,H,Jarrett Allen,27,14
2024-12-31,CLE,LAL,122,110,H,Anthony Davis,28,13
2024-12-31,CLE,LAL,122,110,H,LeBron James,23,4
2024-12-31,CLE,LAL,122,110,H,Donovan Mitchell,26,4
2024-12-31,CLE,LAL,122,110,H,Evan Mobley,20,6
2024-12-31,CLE,LAL,122,110,H,Darius Garland,14,2
2024-12-31,CLE,LAL,122,110,H,Max Strus,15,3
2024-12-31,CLE,LAL,122,110,H,Georges Niang,9,3
2024-12-31,CLE,LAL,122,110,H,Dean Wade,3,9
2024-12-31,CLE,LAL,122,110,H,Shake Milton,6,2
2024-12-31,CLE,LAL,122,110,H,Ty Jerome,5,6
2024-12-31,CLE,LAL,122,110,H,Max Christie,5,1
2024-12-31,CLE,LAL,122,110,H,Rui Hachimura,7,5
2024-12-31,CLE,LAL,122,110,H,Caris LeVert,3,1
2024-12-31,CLE,LAL,122,110,H,Dorian Finney-Smith,2,2
2024-12-31,CLE,LAL,122,110,H,Dalton Knecht,4,3
2024-12-31,CLE,LAL,122,110,H,Cam Reddish,0,4
2024-12-31,CLE,LAL,122,110,H,Sam Merrill,0,0
2024-12-31,MEM,PHO,117,112,H,Jaren Jackson Jr.,38,12
2024-12-31,MEM,PHO,117,112,H,Kevin Durant,29,10
2024-12-31,MEM,PHO,117,112,H,Luke Kennard,17,7
2024-12-31,MEM,PHO,117,112,H,Desmond Bane,31,5
2024-12-31,MEM,PHO,117,112,H,Mason Plumlee,12,8
2024-12-31,MEM,PHO,117,112,H,Tyus Jones,21,4
2024-12-31,MEM,PHO,117,112,H,Ryan Dunn,8,9
2024-12-31,MEM,PHO,117,112,H,John Konchar,7,12
2024-12-31,MEM,PHO,117,112,H,Monte Morris,12,3
2024-12-31,MEM,PHO,117,112,H,Devin Booker,16,4
2024-12-31,MEM,PHO,117,112,H,Jay Huff,8,2
2024-12-31,MEM,PHO,117,112,H,Jaylen Wells,11,6
2024-12-31,MEM,PHO,117,112,H,Josh Okogie,9,2
2024-12-31,MEM,PHO,117,112,H,Cam Spencer,2,4
2024-12-31,MEM,PHO,117,112,H,Bradley Beal,3,1
2024-12-31,MEM,PHO,117,112,H,Scotty Pippen Jr.,2,2
2024-12-31,MEM,PHO,117,112,H,Damion Lee,0,0
2024-12-31,MEM,PHO,117,112,H,Colin Castleton,1,1
2024-12-31,MEM,PHO,117,112,H,Oso Ighodaro,2,2
2024-12-31,IND,MIL,112,120,A,Giannis Antetokounmpo,30,12
2024-12-31,IND,MIL,112,120,A,Bobby Portis,14,15
2024-12-31,IND,MIL,112,120,A,Bennedict Mathurin,25,9
2024-12-31,IND,MIL,112,120,A,Brook Lopez,16,5
2024-12-31,IND,MIL,112,120,A,Pascal Siakam,20,7
2024-12-31,IND,MIL,112,120,A,Myles Turner,16,10
2024-12-31,IND,MIL,112,120,A,Gary Trent Jr.,14,2
2024-12-31,IND,MIL,112,120,A,Jarace Walker,11,1
2024-12-31,IND,MIL,112,120,A,Tyrese Haliburton,12,7
2024-12-31,IND,MIL,112,120,A,Khris Middleton,15,6
2024-12-31,IND,MIL,112,120,A,Taurean Prince,9,3
2024-12-31,IND,MIL,112,120,A,T.J. McConnell,6,3
2024-12-31,IND,MIL,112,120,A,A.J. Green,9,2
2024-12-31,IND,MIL,112,120,A,Ben Sheppard,5,7
2024-12-31,IND,MIL,112,120,A,Thomas Bryant,3,2
2024-12-31,IND,MIL,112,120,A,Obi Toppin,4,2
2024-12-31,IND,MIL,112,120,A,Damian Lillard,9,4
2024-12-31,IND,MIL,112,120,A,Andre Jackson Jr.,4,2
2024-12-31,IND,MIL,112,120,A,Andrew Nembhard,10,2
2024-12-31,IND,MIL,112,120,A,Ryan Rollins,0,0
2024-12-31,LAC,SAS,86,122,A,Victor Wembanyama,27,9
2024-12-31,LAC,SAS,86,122,A,Stephon Castle,15,4
2024-12-31,LAC,SAS,86,122,A,Keldon Johnson,17,6
2024-12-31,LAC,SAS,86,122,A,Chris Paul,7,9
2024-12-31,LAC,SAS,86,122,A,Norman Powell,15,5
2024-12-31,LAC,SAS,86,122,A,Zach Collins,7,4
2024-12-31,LAC,SAS,86,122,A,Amir Coffey,14,2
2024-12-31,LAC,SAS,86,122,A,James Harden,17,3
2024-12-31,LAC,SAS,86,122,A,Harrison Barnes,11,4
2024-12-31,LAC,SAS,86,122,A,Jordan Miller,2,6
2024-12-31,LAC,SAS,86,122,A,Julian Champagnie,9,2
2024-12-31,LAC,SAS,86,122,A,Blake Wesley,2,0
2024-12-31,LAC,SAS,86,122,A,Devin Vassell,8,3
2024-12-31,LAC,SAS,86,122,A,Sandro Mamukelashvili,4,4
2024-12-31,LAC,SAS,86,122,A,Jeremy Sochan,4,5
2024-12-31,LAC,SAS,86,122,A,Kris Dunn,7,2
2024-12-31,LAC,SAS,86,122,A,Kai Jones,4,4
2024-12-31,LAC,SAS,86,122,A,Tre Jones,2,4
2024-12-31,LAC,SAS,86,122,A,Ivica Zubac,5,7
2024-12-31,LAC,SAS,86,122,A,Malaki Branham,5,1
2024-12-31,LAC,SAS,86,122,A,Derrick Jones Jr.,6,2
2024-12-31,LAC,SAS,86,122,A,Sidy Cissoko,2,0
2024-12-31,LAC,SAS,86,122,A,Charles Bassey,2,3
2024-12-31,LAC,SAS,86,122,A,Kobe Brown,5,0
2024-12-31,LAC,SAS,86,122,A,Bones Hyland,7,1
2024-12-31,LAC,SAS,86,122,A,Mo Bamba,2,2
2024-12-31,LAC,SAS,86,122,A,Kevin Porter Jr.,2,4
2024-12-31,LAC,SAS,86,122,A,Nicolas Batum,0,3
2024-12-31,BOS,TOR,125,71,H,Payton Pritchard,19,6
2024-12-31,BOS,TOR,125,71,H,Jrue Holiday,14,1
2024-12-31,BOS,TOR,125,71,H,Derrick White,16,4
2024-12-31,BOS,TOR,125,71,H,Jayson Tatum,23,8
2024-12-31,BOS,TOR,125,71,H,Jakob Poeltl,7,13
2024-12-31,BOS,TOR,125,71,H,Neemias Queta,8,4
2024-12-31,BOS,TOR,125,71,H,Sam Hauser,12,2
2024-12-31,BOS,TOR,125,71,H,Jaylen Brown,12,9
2024-12-31,BOS,TOR,125,71,H,Scottie Barnes,16,13
2024-12-31,BOS,TOR,125,71,H,Jordan Walsh,10,1
2024-12-31,BOS,TOR,125,71,H,Jamison Battle,9,3
2024-12-31,BOS,TOR,125,71,H,Drew Peterson,5,4
2024-12-31,BOS,TOR,125,71,H,Chris Boucher,7,2
2024-12-31,BOS,TOR,125,71,H,Xavier Tillman Sr.,2,0
2024-12-31,BOS,TOR,125,71,H,Davion Mitchell,9,2
2024-12-31,BOS,TOR,125,71,H,Bruce Brown,6,2
2024-12-31,BOS,TOR,125,71,H,Luke Kornet,2,4
2024-12-31,BOS,TOR,125,71,H,Kelly Olynyk,5,1
2024-12-31,BOS,TOR,125,71,H,Ulrich Chomche,2,0
2024-12-31,BOS,TOR,125,71,H,Al Horford,0,6
2024-12-31,BOS,TOR,125,71,H,Jaden Springer,2,0
2024-12-31,BOS,TOR,125,71,H,Jamal Shead,5,1
2024-12-31,BOS,TOR,125,71,H,Bruno Fernando,0,1
2024-12-31,BOS,TOR,125,71,H,Jonathan Mogbo,0,0
2024-12-31,BOS,TOR,125,71,H,A.J. Lawson,0,1
2024-12-31,BOS,TOR,125,71,H,Ja'Kobe Walter,3,2
2024-12-31,BOS,TOR,125,71,H,Ochai Agbaji,2,3
2025-01-01,BRK,TOR,113,130,A,Scottie Barnes,33,13
2025-01-01,BRK,TOR,113,130,A,Immanuel Quickley,21,4
2025-01-01,BRK,TOR,113,130,A,D'Angelo Russell,22,2
2025-01-01,BRK,TOR,113,130,A,Cameron Johnson,24,1
2025-01-01,BRK,TOR,113,130,A,Gradey Dick,22,3
2025-01-01,BRK,TOR,113,130,A,Nic Claxton,16,10
2025-01-01,BRK,TOR,113,130,A,Jakob Poeltl,12,9
2025-01-01,BRK,TOR,113,130,A,Ochai Agbaji,14,3
2025-01-01,BRK,TOR,113,130,A,Day'Ron Sharpe,11,8
2025-01-01,BRK,TOR,113,130,A,Ja'Kobe Walter,11,3
2025-01-01,BRK,TOR,113,130,A,Kelly Olynyk,7,2
2025-01-01,BRK,TOR,113,130,A,Keon Johnson,17,1
2025-01-01,BRK,TOR,113,130,A,Noah Clowney,5,3
2025-01-01,BRK,TOR,113,130,A,Tyrese Martin,2,4
2025-01-01,BRK,TOR,113,130,A,Jamal Shead,7,0
2025-01-01,BRK,TOR,113,130,A,Maxwell Lewis,3,0
2025-01-01,BRK,TOR,113,130,A,Chris Boucher,3,1
2025-01-01,BRK,TOR,113,130,A,Jalen Wilson,10,1
2025-01-01,BRK,TOR,113,130,A,Ben Simmons,2,2
2025-01-01,BRK,TOR,113,130,A,Reece Beekman,1,0
2025-01-01,BRK,TOR,113,130,A,Jamison Battle,0,0
2025-01-01,BRK,TOR,113,130,A,Jonathan Mogbo,0,0
2025-01-01,BRK,TOR,113,130,A,Ulrich Chomche,0,0
2025-01-01,BRK,TOR,113,130,A,Davion Mitchell,0,1
2025-01-01,ATL,DEN,120,139,A,Nikola Jokić,23,17
2025-01-01,ATL,DEN,120,139,A,Trae Young,30,4
2025-01-01,ATL,DEN,120,139,A,Russell Westbrook,16,2
2025-01-01,ATL,DEN,120,139,A,De'Andre Hunter,20,4
2025-01-01,ATL,DEN,120,139,A,Jamal Murray,21,3
2025-01-01,ATL,DEN,120,139,A,Michael Porter Jr.,21,4
2025-01-01,ATL,DEN,120,139,A,Christian Braun,15,3
2025-01-01,ATL,DEN,120,139,A,Vit Krejci,14,6
2025-01-01,ATL,DEN,120,139,A,DeAndre Jordan,8,7
2025-01-01,ATL,DEN,120,139,A,Julian Strawther,13,6
2025-01-01,ATL,DEN,120,139,A,Onyeka Okongwu,9,7
2025-01-01,ATL,DEN,120,139,A,Zaccharie Risacher,13,3
2025-01-01,ATL,DEN,120,139,A,Dyson Daniels,9,5
2025-01-01,ATL,DEN,120,139,A,Jalen Pickett,7,1
2025-01-01,ATL,DEN,120,139,A,Peyton Watson,11,0
2025-01-01,ATL,DEN,120,139,A,Garrison Mathews,9,5
2025-01-01,ATL,DEN,120,139,A,David Roddy,10,1
2025-01-01,ATL,DEN,120,139,A,Clint Capela,4,7
2025-01-01,ATL,DEN,120,139,A,Dominick Barlow,2,2
2025-01-01,ATL,DEN,120,139,A,Spencer Jones,2,0
2025-01-01,ATL,DEN,120,139,A,Zeke Nnaji,2,0
2025-01-01,ATL,DEN,120,139,A,Hunter Tyson,0,0
2025-01-01,NYK,UTA,119,103,H,Karl-Anthony Towns,31,21
2025-01-01,NYK,UTA,119,103,H,Collin Sexton,25,4
2025-01-01,NYK,UTA,119,103,H,Mikal Bridges,27,1
2025-01-01,NYK,UTA,119,103,H,OG Anunoby,22,3
2025-01-01,NYK,UTA,119,103,H,Josh Hart,15,14
2025-01-01,NYK,UTA,119,103,H,Jordan Clarkson,25,4
2025-01-01,NYK,UTA,119,103,H,Keyonte George,15,1
2025-01-01,NYK,UTA,119,103,H,Precious Achiuwa,12,3
2025-01-01,NYK,UTA,119,103,H,Lauri Markkanen,16,10
2025-01-01,NYK,UTA,119,103,H,Walker Kessler,6,8
2025-01-01,NYK,UTA,119,103,H,Cameron Payne,8,3
2025-01-01,NYK,UTA,119,103,H,Johnny Juzang,10,5
2025-01-01,NYK,UTA,119,103,H,Brice Sensabaugh,4,4
2025-01-01,NYK,UTA,119,103,H,Tyler Kolek,2,1
2025-01-01,NYK,UTA,119,103,H,Landry Shamet,2,1
2025-01-01,NYK,UTA,119,103,H,Kyle Filipowski,2,6
2025-01-01,NYK,UTA,119,103,H,Isaiah Collier,0,2
2025-01-01,NYK,UTA,119,103,H,Svi Mykhailiuk,0,1
2025-01-01,PHI,SAC,107,113,A,De'Aaron Fox,35,3
2025-01-01,PHI,SAC,107,113,A,Tyrese Maxey,27,2
2025-01-01,PHI,SAC,107,113,A,Paul George,30,8
2025-01-01,PHI,SAC,107,113,A,Domantas Sabonis,17,21
2025-01-01,PHI,SAC,107,113,A,Malik Monk,20,2
2025-01-01,PHI,SAC,107,113,A,DeMar DeRozan,18,5
2025-01-01,PHI,SAC,107,113,A,Caleb Martin,12,7
2025-01-01,PHI,SAC,107,113,A,Eric Gordon,14,1
2025-01-01,PHI,SAC,107,113,A,Keon Ellis,9,1
2025-01-01,PHI,SAC,107,113,A,Trey Lyles,12,7
2025-01-01,PHI,SAC,107,113,A,Andre Drummond,10,9
2025-01-01,PHI,SAC,107,113,A,Guerschon Yabusele,8,1
2025-01-01,PHI,SAC,107,113,A,Alex Len,0,1
2025-01-01,PHI,SAC,107,113,A,Reggie Jackson,3,2
2025-01-01,PHI,SAC,107,113,A,Ricky Council IV,3,4
2025-01-01,PHI,SAC,107,113,A,Justin Edwards,0,0
2025-01-01,PHI,SAC,107,113,A,Doug McDermott,0,0
2025-01-01,PHI,SAC,107,113,A,Kevin Huerter,2,5
2025-01-01,PHI,SAC,107,113,A,Kyle Lowry,0,0
2025-01-01,MIA,NOP,119,108,H,Bam Adebayo,23,9
2025-01-01,MIA,NOP,119,108,H,Tyler Herro,32,1
2025-01-01,MIA,NOP,119,108,H,Trey Murphy III,34,4
2025-01-01,MIA,NOP,119,108,H,CJ McCollum,22,4
2025-01-01,MIA,NOP,119,108,H,Brandon Boston Jr.,14,4
2025-01-01,MIA,NOP,119,108,H,Duncan Robinson,17,4
2025-01-01,MIA,NOP,119,108,H,Jaime Jaquez Jr.,12,4
2025-01-01,MIA,NOP,119,108,H,Kel'el Ware,10,5
2025-01-01,MIA,NOP,119,108,H,Jimmy Butler,9,4
2025-01-01,MIA,NOP,119,108,H,Jordan Hawkins,8,4
2025-01-01,MIA,NOP,119,108,H,Yves Missi,7,4
2025-01-01,MIA,NOP,119,108,H,Nikola Jović,8,7
2025-01-01,MIA,NOP,119,108,H,Herbert Jones,8,4
2025-01-01,MIA,NOP,119,108,H,Dejounte Murray,12,3
2025-01-01,MIA,NOP,119,108,H,Alec Burks,6,1
2025-01-01,MIA,NOP,119,108,H,Javonte Green,3,1
2025-01-01,MIA,NOP,119,108,H,Daniel Theis,0,3
2025-01-01,MIA,NOP,119,108,H,Haywood Highsmith,2,3
2025-01-01,CHI,WAS,107,125,A,Zach LaVine,32,1
2025-01-01,CHI,WAS,107,125,A,Jordan Poole,30,3
2025-01-01,CHI,WAS,107,125,A,Carlton Carrington,11,4
2025-01-01,CHI,WAS,107,125,A,Jonas Valančiūnas,14,6
2025-01-01,CHI,WAS,107,125,A,Justin Champagnie,15,2
2025-01-01,CHI,WAS,107,125,A,Coby White,17,2
2025-01-01,CHI,WAS,107,125,A,Malcolm Brogdon,12,4
2025-01-01,CHI,WAS,107,125,A,Alex Sarr,11,10
2025-01-01,CHI,WAS,107,125,A,Nikola Vučević,12,14
2025-01-01,CHI,WAS,107,125,A,Kyle Kuzma,5,5
2025-01-01,CHI,WAS,107,125,A,Lonzo Ball,5,8
2025-01-01,CHI,WAS,107,125,A,Corey Kispert,13,2
2025-01-01,CHI,WAS,107,125,A,Talen Horton-Tucker,7,3
2025-01-01,CHI,WAS,107,125,A,Patrick Williams,7,3
2025-01-01,CHI,WAS,107,125,A,Kyshawn George,9,4
2025-01-01,CHI,WAS,107,125,A,Dalen Terry,6,1
2025-01-01,CHI,WAS,107,125,A,Matas Buzelis,5,4
2025-01-01,CHI,WAS,107,125,A,Jevon Carter,3,0
2025-01-01,CHI,WAS,107,125,A,Julian Phillips,4,0
2025-01-01,CHI,WAS,107,125,A,Josh Giddey,6,6
2025-01-01,CHI,WAS,107,125,A,Anthony Gill,3,0
2025-01-01,CHI,WAS,107,125,A,Tristan Vukcevic,2,1
2025-01-01,CHI,WAS,107,125,A,Bilal Coulibaly,0,1
2025-01-01,CHI,WAS,107,125,A,Jared Butler,0,0
2025-01-01,CHI,WAS,107,125,A,Jalen Smith,3,2
2025-01-01,CHI,WAS,107,125,A,Johnny Davis,0,0
2025-01-01,DAL,HOU,99,110,A,Alperen Sengun,23,6
2025-01-01,DAL,HOU,99,110,A,Dereck Lively II,8,6
2025-01-01,DAL,HOU,99,110,A,Cam Whitmore,18,3
2025-01-01,DAL,HOU,99,110,A,Dillon Brooks,19,6
2025-01-01,DAL,HOU,99,110,A,Quentin Grimes,17,5
2025-01-01,DAL,HOU,99,110,A,Kyrie Irving,16,7
2025-01-01,DAL,HOU,99,110,A,Jalen Green,22,5
2025-01-01,DAL,HOU,99,110,A,Jabari Smith Jr.,12,2
2025-01-01,DAL,HOU,99,110,A,Fred VanVleet,5,5
2025-01-01,DAL,HOU,99,110,A,Klay Thompson,16,5
2025-01-01,DAL,HOU,99,110,A,Olivier-Maxence Prosper,6,3
2025-01-01,DAL,HOU,99,110,A,Jaden Hardy,11,0
2025-01-01,DAL,HOU,99,110,A,Steven Adams,4,4
2025-01-01,DAL,HOU,99,110,A,Dwight Powell,2,2
2025-01-01,DAL,HOU,99,110,A,P.J. Washington,6,3
2025-01-01,DAL,HOU,99,110,A,Maxi Kleber,5,2
2025-01-01,DAL,HOU,99,110,A,Daniel Gafford,4,4
2025-01-01,DAL,HOU,99,110,A,Jae'Sean Tate,3,3
2025-01-01,DAL,HOU,99,110,A,Aaron Holiday,4,1
2025-01-01,DAL,HOU,99,110,A,Spencer Dinwiddie,8,1
2025-01-01,DAL,HOU,99,110,A,Brandon Williams,0,0
2025-01-01,DAL,HOU,99,110,A,Jazian Gortman,0,0
2025-01-01,DET,ORL,105,96,H,Jalen Duren,18,11
2025-01-01,DET,ORL,105,96,H,Kentavious Caldwell-Pope,21,2
2025-01-01,DET,ORL,105,96,H,Jalen Suggs,24,4
2025-01-01,DET,ORL,105,96,H,Tobias Harris,17,8
2025-01-01,DET,ORL,105,96,H,Jaden Ivey,22,1
2025-01-01,DET,ORL,105,96,H,Cade Cunningham,19,8
2025-01-01,DET,ORL,105,96,H,Wendell Carter Jr.,15,8
2025-01-01,DET,ORL,105,96,H,Isaiah Stewart,7,8
2025-01-01,DET,ORL,105,96,H,Jett Howard,9,1
2025-01-01,DET,ORL,105,96,H,Tim Hardaway Jr.,12,2
2025-01-01,DET,ORL,105,96,H,Goga Bitadze,8,3
2025-01-01,DET,ORL,105,96,H,Gary Harris,4,2
2025-01-01,DET,ORL,105,96,H,Caleb Houstan,3,2
2025-01-01,DET,ORL,105,96,H,Cole Anthony,8,2
2025-01-01,DET,ORL,105,96,H,Ausar Thompson,6,5
2025-01-01,DET,ORL,105,96,H,Jonathan Isaac,4,2
2025-01-01,DET,ORL,105,96,H,Cory Joseph,0,1
2025-01-01,DET,ORL,105,96,H,Ron Holland,2,0
2025-01-01,DET,ORL,105,96,H,Marcus Sasser,0,0
2025-01-01,DET,ORL,105,96,H,Tristan Da Silva,0,6
2025-01-01,DET,ORL,105,96,H,Malik Beasley,2,6
2025-01-02,IND,MIA,128,115,H,Tyrese Haliburton,33,5
2025-01-02,IND,MIA,128,115,H,Kel'el Ware,25,0
2025-01-02,IND,MIA,128,115,H,Bam Adebayo,20,8
2025-01-02,IND,MIA,128,115,H,Pascal Siakam,18,11
2025-01-02,IND,MIA,128,115,H,Myles Turner,21,5
2025-01-02,IND,MIA,128,115,H,Terry Rozier,16,5
2025-01-02,IND,MIA,128,115,H,Jimmy Butler,9,2
2025-01-02,IND,MIA,128,115,H,Tyler Herro,17,3
2025-01-02,IND,MIA,128,115,H,Andrew Nembhard,6,6
2025-01-02,IND,MIA,128,115,H,Jarace Walker,12,1
2025-01-02,IND,MIA,128,115,H,Obi Toppin,12,6
2025-01-02,IND,MIA,128,115,H,Nikola Jović,8,2
2025-01-02,IND,MIA,128,115,H,Keshad Johnson,5,6
2025-01-02,IND,MIA,128,115,H,Ben Sheppard,3,2
2025-01-02,IND,MIA,128,115,H,T.J. McConnell,8,1
2025-01-02,IND,MIA,128,115,H,Duncan Robinson,6,1
2025-01-02,IND,MIA,128,115,H,Haywood Highsmith,6,4
2025-01-02,IND,MIA,128,115,H,Bennedict Mathurin,12,2
2025-01-02,IND,MIA,128,115,H,Jaime Jaquez Jr.,0,4
2025-01-02,IND,MIA,128,115,H,Alec Burks,3,2
2025-01-02,IND,MIA,128,115,H,Thomas Bryant,3,0
2025-01-02,IND,MIA,128,115,H,Pelle Larsson,0,0
2025-01-02,IND,MIA,128,115,H,Josh Christopher,0,2
2025-01-02,IND,MIA,128,115,H,Johnny Furphy,0,0
2025-01-02,GSW,PHI,139,105,H,Stephen Curry,30,6
2025-01-02,GSW,PHI,139,105,H,Joel Embiid,28,14
2025-01-02,GSW,PHI,139,105,H,Jonathan Kuminga,20,5
2025-01-02,GSW,PHI,139,105,H,Dennis Schröder,15,4
2025-01-02,GSW,PHI,139,105,H,Draymond Green,15,6
2025-01-02,GSW,PHI,139,105,H,Andrew Wiggins,15,7
2025-01-02,GSW,PHI,139,105,H,Guerschon Yabusele,13,6
2025-01-02,GSW,PHI,139,105,H,Tyrese Maxey,14,3
2025-01-02,GSW,PHI,139,105,H,Paul George,19,2
2025-01-02,GSW,PHI,139,105,H,Ricky Council IV,12,2
2025-01-02,GSW,PHI,139,105,H,Moses Moody,12,2
2025-01-02,GSW,PHI,139,105,H,Lindy Waters III,10,2
2025-01-02,GSW,PHI,139,105,H,Kevon Looney,6,2
2025-01-02,GSW,PHI,139,105,H,Kyle Anderson,8,1
2025-01-02,GSW,PHI,139,105,H,Jeff Dowtin,6,1
2025-01-02,GSW,PHI,139,105,H,Gui Santos,2,0
2025-01-02,GSW,PHI,139,105,H,Justin Edwards,4,0
2025-01-02,GSW,PHI,139,105,H,Trayce Jackson-Davis,3,5
2025-01-02,GSW,PHI,139,105,H,Eric Gordon,3,1
2025-01-02,GSW,PHI,139,105,H,Reggie Jackson,2,1
2025-01-02,GSW,PHI,139,105,H,Pat Spencer,0,2
2025-01-02,GSW,PHI,139,105,H,Caleb Martin,2,0
2025-01-02,GSW,PHI,139,105,H,Adem Bona,0,3
2025-01-02,GSW,PHI,139,105,H,Kyle Lowry,2,0
2025-01-02,GSW,PHI,139,105,H,Buddy Hield,3,1
2025-01-02,LAL,POR,114,106,H,LeBron James,38,3
2025-01-02,LAL,POR,114,106,H,Max Christie,28,3
2025-01-02,LAL,POR,114,106,H,Deni Avdija,19,10
2025-01-02,LAL,POR,114,106,H,Toumani Camara,18,4
2025-01-02,LAL,POR,114,106,H,Anfernee Simons,23,3
2025-01-02,LAL,POR,114,106,H,Austin Reaves,15,8
2025-01-02,LAL,POR,114,106,H,Scoot Henderson,12,5
2025-01-02,LAL,POR,114,106,H,Christian Koloko,8,8
2025-01-02,LAL,POR,114,106,H,Shaedon Sharpe,19,5
2025-01-02,LAL,POR,114,106,H,Donovan Clingan,4,3
2025-01-02,LAL,POR,114,106,H,Jaxson Hayes,4,6
2025-01-02,LAL,POR,114,106,H,Deandre Ayton,6,6
2025-01-02,LAL,POR,114,106,H,Rui Hachimura,6,4
2025-01-02,LAL,POR,114,106,H,Kris Murray,3,5
2025-01-02,LAL,POR,114,106,H,Cam Reddish,2,3
2025-01-02,LAL,POR,114,106,H,Shake Milton,4,3
2025-01-02,LAL,POR,114,106,H,Dorian Finney-Smith,3,4
2025-01-02,LAL,POR,114,106,H,Dalton Knecht,6,1
2025-01-02,LAL,POR,114,106,H,Dalano Banton,2,1
2025-01-02,LAC,OKC,98,116,A,Shai Gilgeous-Alexander,29,3
2025-01-02,LAC,OKC,98,116,A,Amir Coffey,26,3
2025-01-02,LAC,OKC,98,116,A,Jalen Williams,18,3
2025-01-02,LAC,OKC,98,116,A,Isaiah Hartenstein,11,9
2025-01-02,LAC,OKC,98,116,A,Jordan Miller,10,4
2025-01-02,LAC,OKC,98,116,A,Mo Bamba,12,8
2025-01-02,LAC,OKC,98,116,A,Cason Wallace,9,2
2025-01-02,LAC,OKC,98,116,A,Ajay Mitchell,11,2
2025-01-02,LAC,OKC,98,116,A,Aaron Wiggins,9,4
2025-01-02,LAC,OKC,98,116,A,Ivica Zubac,11,9
2025-01-02,LAC,OKC,98,116,A,Kevin Porter Jr.,11,3
2025-01-02,LAC,OKC,98,116,A,Kris Dunn,8,2
2025-01-02,LAC,OKC,98,116,A,Isaiah Joe,9,2
2025-01-02,LAC,OKC,98,116,A,Luguentz Dort,9,1
2025-01-02,LAC,OKC,98,116,A,Kai Jones,6,3
2025-01-02,LAC,OKC,98,116,A,Kenrich Williams,7,1
2025-01-02,LAC,OKC,98,116,A,Derrick Jones Jr.,6,6
2025-01-02,LAC,OKC,98,116,A,Ousmane Dieng,2,0
2025-01-02,LAC,OKC,98,116,A,Bones Hyland,2,1
2025-01-02,LAC,OKC,98,116,A,Kobe Brown,0,3
2025-01-02,LAC,OKC,98,116,A,Jaylin Williams,2,7
2025-01-02,LAC,OKC,98,116,A,Nicolas Batum,0,2
2025-01-02,LAC,OKC,98,116,A,Branden Carlson,0,0
2025-01-02,LAC,OKC,98,116,A,Dillon Jones,0,1
2025-01-02,LAC,OKC,98,116,A,Norman Powell,6,1
2025-01-02,BOS,MIN,118,115,H,Jayson Tatum,33,8
2025-01-02,BOS,MIN,118,115,H,Julius Randle,27,8
2025-01-02,BOS,MIN,118,115,H,Derrick White,26,2
2025-01-02,BOS,MIN,118,115,H,Naz Reid,20,5
2025-01-02,BOS,MIN,118,115,H,Jaden McDaniels,19,8
2025-01-02,BOS,MIN,118,115,H,Jrue Holiday,11,3
2025-01-02,BOS,MIN,118,115,H,Sam Hauser,15,3
2025-01-02,BOS,MIN,118,115,H,Al Horford,9,5
2025-01-02,BOS,MIN,118,115,H,Anthony Edwards,15,4
2025-01-02,BOS,MIN,118,115,H,Donte DiVincenzo,12,3
2025-01-02,BOS,MIN,118,115,H,Payton Pritchard,9,2
2025-01-02,BOS,MIN,118,115,H,Neemias Queta,8,5
2025-01-02,BOS,MIN,118,115,H,Luke Kornet,7,3
2025-01-02,BOS,MIN,118,115,H,Rudy Gobert,6,7
2025-01-02,BOS,MIN,118,115,H,Josh Minott,7,1
2025-01-02,BOS,MIN,118,115,H,Mike Conley,5,2
2025-01-02,BOS,MIN,118,115,H,Nickeil Alexander-Walker,4,3
2025-01-02,BOS,MIN,118,115,H,Jordan Walsh,0,0
2025-01-02,BRK,MIL,113,110,H,Giannis Antetokounmpo,27,13
2025-01-02,BRK,MIL,113,110,H,Cam Thomas,24,7
2025-01-02,BRK,MIL,113,110,H,Nic Claxton,16,11
2025-01-02,BRK,MIL,113,110,H,Cameron Johnson,26,5
2025-01-02,BRK,MIL,113,110,H,Damian Lillard,23,3
2025-01-02,BRK,MIL,113,110,H,D'Angelo Russell,11,3
2025-01-02,BRK,MIL,113,110,H,Khris Middleton,12,3
2025-01-02,BRK,MIL,113,110,H,Bobby Portis,15,8
2025-01-02,BRK,MIL,113,110,H,Jalen Wilson,13,4
2025-01-02,BRK,MIL,113,110,H,Ziaire Williams,8,6
2025-01-02,BRK,MIL,113,110,H,Taurean Prince,8,3
2025-01-02,BRK,MIL,113,110,H,Keon Johnson,9,9
2025-01-02,BRK,MIL,113,110,H,Day'Ron Sharpe,6,6
2025-01-02,BRK,MIL,113,110,H,Brook Lopez,7,3
2025-01-02,BRK,MIL,113,110,H,Gary Trent Jr.,10,2
2025-01-02,BRK,MIL,113,110,H,Pat Connaughton,2,4
2025-01-02,BRK,MIL,113,110,H,Ryan Rollins,4,2
2025-01-02,BRK,MIL,113,110,H,Tyrese Martin,0,0
2025-01-02,BRK,MIL,113,110,H,MarJon Beauchamp,0,3
2025-01-02,BRK,MIL,113,110,H,Andre Jackson Jr.,2,2
2025-01-03,NOP,WAS,132,120,H,CJ McCollum,50,3
2025-01-03,NOP,WAS,132,120,H,Jordan Poole,26,4
2025-01-03,NOP,WAS,132,120,H,Dejounte Murray,11,4
2025-01-03,NOP,WAS,132,120,H,Alex Sarr,19,7
2025-01-03,NOP,WAS,132,120,H,Yves Missi,12,11
2025-01-03,NOP,WAS,132,120,H,Malcolm Brogdon,16,3
2025-01-03,NOP,WAS,132,120,H,Kyle Kuzma,14,7
2025-01-03,NOP,WAS,132,120,H,Trey Murphy III,17,5
2025-01-03,NOP,WAS,132,120,H,Brandon Boston Jr.,13,4
2025-01-03,NOP,WAS,132,120,H,Herbert Jones,10,1
2025-01-03,NOP,WAS,132,120,H,Justin Champagnie,12,7
2025-01-03,NOP,WAS,132,120,H,Jose Alvarado,5,2
2025-01-03,NOP,WAS,132,120,H,Carlton Carrington,8,3
2025-01-03,NOP,WAS,132,120,H,Corey Kispert,8,2
2025-01-03,NOP,WAS,132,120,H,Jonas Valančiūnas,9,10
2025-01-03,NOP,WAS,132,120,H,Daniel Theis,7,4
2025-01-03,NOP,WAS,132,120,H,Jeremiah Robinson-Earl,3,1
2025-01-03,NOP,WAS,132,120,H,Patrick Baldwin Jr.,3,0
2025-01-03,NOP,WAS,132,120,H,Kyshawn George,5,5
2025-01-03,NOP,WAS,132,120,H,Jordan Hawkins,4,2
2025-01-03,NOP,WAS,132,120,H,Jared Butler,0,0
2025-01-03,NOP,WAS,132,120,H,Johnny Davis,0,0
2025-01-03,NOP,WAS,132,120,H,Anthony Gill,0,0
2025-01-03,DEN,SAS,110,113,A,Nikola Jokić,41,18
2025-01-03,DEN,SAS,110,113,A,Victor Wembanyama,35,18
2025-01-03,DEN,SAS,110,113,A,Michael Porter Jr.,22,4
2025-01-03,DEN,SAS,110,113,A,Devin Vassell,18,6
2025-01-03,DEN,SAS,110,113,A,Christian Braun,11,8
2025-01-03,DEN,SAS,110,113,A,Julian Champagnie,15,4
2025-01-03,DEN,SAS,110,113,A,Keldon Johnson,16,4
2025-01-03,DEN,SAS,110,113,A,Russell Westbrook,9,6
2025-01-03,DEN,SAS,110,113,A,Chris Paul,7,8
2025-01-03,DEN,SAS,110,113,A,Julian Strawther,11,1
2025-01-03,DEN,SAS,110,113,A,Jamal Murray,14,4
2025-01-03,DEN,SAS,110,113,A,Stephon Castle,8,3
2025-01-03,DEN,SAS,110,113,A,Harrison Barnes,8,4
2025-01-03,DEN,SAS,110,113,A,Peyton Watson,2,2
2025-01-03,DEN,SAS,110,113,A,Zach Collins,4,5
2025-01-03,DEN,SAS,110,113,A,Tre Jones,2,4
2025-01-03,DEN,SAS,110,113,A,DeAndre Jordan,0,2
2025-01-03,DEN,SAS,110,113,A,Hunter Tyson,0,1
2025-01-03,CLE,DAL,134,122,H,Evan Mobley,34,10
2025-01-03,CLE,DAL,134,122,H,Quentin Grimes,26,2
2025-01-03,CLE,DAL,134,122,H,Darius Garland,16,4
2025-01-03,CLE,DAL,134,122,H,Daniel Gafford,12,8
2025-01-03,CLE,DAL,134,122,H,Caris LeVert,17,4
2025-01-03,CLE,DAL,134,122,H,Donovan Mitchell,15,0
2025-01-03,CLE,DAL,134,122,H,Klay Thompson,16,3
2025-01-03,CLE,DAL,134,122,H,Jaden Hardy,17,3
2025-01-03,CLE,DAL,134,122,H,Georges Niang,15,2
2025-01-03,CLE,DAL,134,122,H,Ty Jerome,9,2
2025-01-03,CLE,DAL,134,122,H,Dereck Lively II,7,11
2025-01-03,CLE,DAL,134,122,H,Brandon Williams,13,3
2025-01-03,CLE,DAL,134,122,H,Dean Wade,10,3
2025-01-03,CLE,DAL,134,122,H,Jarrett Allen,11,9
2025-01-03,CLE,DAL,134,122,H,Max Strus,2,6
2025-01-03,CLE,DAL,134,122,H,P.J. Washington,15,7
2025-01-03,CLE,DAL,134,122,H,Olivier-Maxence Prosper,4,4
2025-01-03,CLE,DAL,134,122,H,Markieff Morris,5,1
2025-01-03,CLE,DAL,134,122,H,Maxi Kleber,2,4
2025-01-03,CLE,DAL,134,122,H,JT Thor,3,2
2025-01-03,CLE,DAL,134,122,H,Jazian Gortman,3,0
2025-01-03,CLE,DAL,134,122,H,Craig Porter Jr.,2,0
2025-01-03,CLE,DAL,134,122,H,Dwight Powell,0,3
2025-01-03,CLE,DAL,134,122,H,Tristan Thompson,0,2
2025-01-03,CLE,DAL,134,122,H,Spencer Dinwiddie,2,4
2025-01-03,CLE,DAL,134,122,H,Jaylon Tyson,0,2
2025-01-03,MEM,SAC,133,138,A,Jaylen Wells,30,5
2025-01-03,MEM,SAC,133,138,A,Malik Monk,31,2
2025-01-03,MEM,SAC,133,138,A,DeMar DeRozan,29,3
2025-01-03,MEM,SAC,133,138,A,Desmond Bane,22,7
2025-01-03,MEM,SAC,133,138,A,Domantas Sabonis,17,10
2025-01-03,MEM,SAC,133,138,A,Trey Lyles,16,6
2025-01-03,MEM,SAC,133,138,A,Jaren Jackson Jr.,28,6
2025-01-03,MEM,SAC,133,138,A,De'Aaron Fox,23,3
2025-01-03,MEM,SAC,133,138,A,Luke Kennard,11,8
2025-01-03,MEM,SAC,133,138,A,Scotty Pippen Jr.,16,2
2025-01-03,MEM,SAC,133,138,A,Brandon Clarke,11,8
2025-01-03,MEM,SAC,133,138,A,Keon Ellis,13,4
2025-01-03,MEM,SAC,133,138,A,Jake LaRavia,6,3
2025-01-03,MEM,SAC,133,138,A,Kevin Huerter,5,3
2025-01-03,MEM,SAC,133,138,A,Alex Len,4,1
2025-01-03,MEM,SAC,133,138,A,Zach Edey,9,7
2025-01-03,MEM,SAC,133,138,A,Jay Huff,0,1
2025-01-03,MEM,SAC,133,138,A,Devin Carter,0,5
2025-01-03,MEM,SAC,133,138,A,John Konchar,0,4
2025-01-03,NYK,OKC,107,117,A,Shai Gilgeous-Alexander,33,4
2025-01-03,NYK,OKC,107,117,A,Karl-Anthony Towns,17,22
2025-01-03,NYK,OKC,107,117,A,Aaron Wiggins,19,5
2025-01-03,NYK,OKC,107,117,A,Jalen Williams,20,4
2025-01-03,NYK,OKC,107,117,A,Mikal Bridges,24,3
2025-01-03,NYK,OKC,107,117,A,OG Anunoby,20,2
2025-01-03,NYK,OKC,107,117,A,Josh Hart,19,7
2025-01-03,NYK,OKC,107,117,A,Jalen Brunson,22,3
2025-01-03,NYK,OKC,107,117,A,Isaiah Hartenstein,4,14
2025-01-03,NYK,OKC,107,117,A,Luguentz Dort,11,2
2025-01-03,NYK,OKC,107,117,A,Jaylin Williams,6,3
2025-01-03,NYK,OKC,107,117,A,Isaiah Joe,7,2
2025-01-03,NYK,OKC,107,117,A,Ajay Mitchell,8,1
2025-01-03,NYK,OKC,107,117,A,Cason Wallace,5,4
2025-01-03,NYK,OKC,107,117,A,Landry Shamet,2,0
2025-01-03,NYK,OKC,107,117,A,Precious Achiuwa,3,5
2025-01-03,NYK,OKC,107,117,A,Kenrich Williams,4,2
2025-01-03,NYK,OKC,107,117,A,Cameron Payne,0,0
2025-01-03,ATL,LAL,102,119,A,Trae Young,33,0
2025-01-03,ATL,LAL,102,119,A,LeBron James,30,3
2025-01-03,ATL,LAL,102,119,A,Anthony Davis,18,19
2025-01-03,ATL,LAL,102,119,A,Onyeka Okongwu,14,11
2025-01-03,ATL,LAL,102,119,A,Jalen Johnson,19,8
2025-01-03,ATL,LAL,102,119,A,Dyson Daniels,13,3
2025-01-03,ATL,LAL,102,119,A,Rui Hachimura,13,8
2025-01-03,ATL,LAL,102,119,A,Dalton Knecht,13,4
2025-01-03,ATL,LAL,102,119,A,Austin Reaves,20,7
2025-01-03,ATL,LAL,102,119,A,Max Christie,9,4
2025-01-03,ATL,LAL,102,119,A,Bogdan Bogdanović,5,2
2025-01-03,ATL,LAL,102,119,A,Clint Capela,8,7
2025-01-03,ATL,LAL,102,119,A,Dorian Finney-Smith,8,5
2025-01-03,ATL,LAL,102,119,A,Shake Milton,2,4
2025-01-03,ATL,LAL,102,119,A,Cam Reddish,3,1
2025-01-03,ATL,LAL,102,119,A,Zaccharie Risacher,7,3
2025-01-03,ATL,LAL,102,119,A,Jaxson Hayes,3,1
2025-01-03,ATL,LAL,102,119,A,Dominick Barlow,0,1
2025-01-03,ATL,LAL,102,119,A,Bronny James,0,0
2025-01-03,ATL,LAL,102,119,A,David Roddy,0,1
2025-01-03,ATL,LAL,102,119,A,Garrison Mathews,0,0
2025-01-03,ATL,LAL,102,119,A,De'Andre Hunter,3,3
2025-01-03,ORL,TOR,106,97,H,Tristan Da Silva,25,4
2025-01-03,ORL,TOR,106,97,H,Jakob Poeltl,25,6
2025-01-03,ORL,TOR,106,97,H,Goga Bitadze,11,13
2025-01-03,ORL,TOR,106,97,H,Kentavious Caldwell-Pope,15,1
2025-01-03,ORL,TOR,106,97,H,Scottie Barnes,20,9
2025-01-03,ORL,TOR,106,97,H,Ochai Agbaji,15,3
2025-01-03,ORL,TOR,106,97,H,Cole Anthony,9,4
2025-01-03,ORL,TOR,106,97,H,Cory Joseph,11,0
2025-01-03,ORL,TOR,106,97,H,Trevelin Queen,5,2
2025-01-03,ORL,TOR,106,97,H,Caleb Houstan,6,3
2025-01-03,ORL,TOR,106,97,H,Jonathan Isaac,7,4
2025-01-03,ORL,TOR,106,97,H,Immanuel Quickley,11,4
2025-01-03,ORL,TOR,106,97,H,Kelly Olynyk,6,2
2025-01-03,ORL,TOR,106,97,H,Wendell Carter Jr.,6,9
2025-01-03,ORL,TOR,106,97,H,Davion Mitchell,3,4
2025-01-03,ORL,TOR,106,97,H,Jamal Shead,2,1
2025-01-03,ORL,TOR,106,97,H,Ja'Kobe Walter,5,2
2025-01-03,ORL,TOR,106,97,H,Jalen Suggs,6,2
2025-01-03,ORL,TOR,106,97,H,Gradey Dick,8,5
2025-01-03,ORL,TOR,106,97,H,Bruce Brown,2,1
2025-01-03,ORL,TOR,106,97,H,Jett Howard,5,0
2025-01-03,CHO,DET,94,98,A,Tobias Harris,24,10
2025-01-03,CHO,DET,94,98,A,Mark Williams,18,9
2025-01-03,CHO,DET,94,98,A,Nick Richards,10,4
2025-01-03,CHO,DET,94,98,A,Miles Bridges,20,9
2025-01-03,CHO,DET,94,98,A,Jalen Duren,10,14
2025-01-03,CHO,DET,94,98,A,Cade Cunningham,18,5
2025-01-03,CHO,DET,94,98,A,Seth Curry,9,3
2025-01-03,CHO,DET,94,98,A,Isaiah Stewart,5,7
2025-01-03,CHO,DET,94,98,A,Tidjane Salaün,9,1
2025-01-03,CHO,DET,94,98,A,Josh Green,9,4
2025-01-03,CHO,DET,94,98,A,KJ Simpson,8,3
2025-01-03,CHO,DET,94,98,A,Tim Hardaway Jr.,11,2
2025-01-03,CHO,DET,94,98,A,Cody Martin,4,7
2025-01-03,CHO,DET,94,98,A,Malik Beasley,12,2
2025-01-03,CHO,DET,94,98,A,Paul Reed,2,0
2025-01-03,CHO,DET,94,98,A,Ron Holland,9,3
2025-01-03,CHO,DET,94,98,A,Nick Smith Jr.,3,2
2025-01-03,CHO,DET,94,98,A,Ausar Thompson,4,5
2025-01-03,CHO,DET,94,98,A,Wendell Moore Jr.,0,0
2025-01-03,CHO,DET,94,98,A,Marcus Sasser,3,3
2025-01-03,CHO,DET,94,98,A,Vasilije Micić,4,3
2025-01-03,BOS,HOU,109,86,H,Payton Pritchard,20,4
2025-01-03,BOS,HOU,109,86,H,Jalen Green,27,3
2025-01-03,BOS,HOU,109,86,H,Derrick White,23,4
2025-01-03,BOS,HOU,109,86,H,Jayson Tatum,20,6
2025-01-03,BOS,HOU,109,86,H,Jrue Holiday,14,4
2025-01-03,BOS,HOU,109,86,H,Luke Kornet,9,10
2025-01-03,BOS,HOU,109,86,H,Kristaps Porziņģis,11,5
2025-01-03,BOS,HOU,109,86,H,Steven Adams,6,4
2025-01-03,BOS,HOU,109,86,H,Alperen Sengun,14,7
2025-01-03,BOS,HOU,109,86,H,Jeff Green,7,5
2025-01-03,BOS,HOU,109,86,H,Drew Peterson,5,1
2025-01-03,BOS,HOU,109,86,H,Fred VanVleet,8,1
2025-01-03,BOS,HOU,109,86,H,Cam Whitmore,11,6
2025-01-03,BOS,HOU,109,86,H,Dillon Brooks,10,2
2025-01-03,BOS,HOU,109,86,H,Neemias Queta,5,2
2025-01-03,BOS,HOU,109,86,H,Jock Landale,3,2
2025-01-03,BOS,HOU,109,86,H,Jaden Springer,2,0
2025-01-03,BOS,HOU,109,86,H,Jae'Sean Tate,0,4
2025-01-03,BOS,HOU,109,86,H,Sam Hauser,0,3
2025-01-03,BOS,HOU,109,86,H,Xavier Tillman Sr.,0,0
2025-01-03,BOS,HOU,109,86,H,Reed Sheppard,0,0
2025-01-03,BOS,HOU,109,86,H,Aaron Holiday,0,3
2025-01-03,BOS,HOU,109,86,H,Jordan Walsh,0,2
2025-01-04,DEN,SAS,122,111,H,Nikola Jokić,46,9
2025-01-04,DEN,SAS,122,111,H,Michael Porter Jr.,28,10
2025-01-04,DEN,SAS,122,111,H,Harrison Barnes,22,1
2025-01-04,DEN,SAS,122,111,H,Victor Wembanyama,20,23
2025-01-04,DEN,SAS,122,111,H,Russell Westbrook,9,10
2025-01-04,DEN,SAS,122,111,H,Jamal Murray,13,6
2025-01-04,DEN,SAS,122,111,H,Devin Vassell,19,8
2025-01-04,DEN,SAS,122,111,H,Tre Jones,9,1
2025-01-04,DEN,SAS,122,111,H,Peyton Watson,8,8
2025-01-04,DEN,SAS,122,111,H,Keldon Johnson,10,8
2025-01-04,DEN,SAS,122,111,H,Julian Champagnie,10,3
2025-01-04,DEN,SAS,122,111,H,Christian Braun,8,2
2025-01-04,DEN,SAS,122,111,H,Jeremy Sochan,5,8
2025-01-04,DEN,SAS,122,111,H,Stephon Castle,10,1
2025-01-04,DEN,SAS,122,111,H,Jalen Pickett,2,2
2025-01-04,DEN,SAS,122,111,H,DeAndre Jordan,3,6
2025-01-04,DEN,SAS,122,111,H,Julian Strawther,5,5
2025-01-04,DEN,SAS,122,111,H,Chris Paul,2,0
2025-01-04,DEN,SAS,122,111,H,Charles Bassey,0,1
2025-01-04,DEN,SAS,122,111,H,Zach Collins,4,4
2025-01-04,DEN,SAS,122,111,H,Hunter Tyson,0,0
2025-01-04,CHI,NYK,139,126,H,Karl-Anthony Towns,44,16
2025-01-04,CHI,NYK,139,126,H,Jalen Brunson,33,2
2025-01-04,CHI,NYK,139,126,H,Zach LaVine,33,4
2025-01-04,CHI,NYK,139,126,H,Coby White,33,2
2025-01-04,CHI,NYK,139,126,H,Josh Giddey,15,10
2025-01-04,CHI,NYK,139,126,H,Nikola Vučević,22,12
2025-01-04,CHI,NYK,139,126,H,Lonzo Ball,8,2
2025-01-04,CHI,NYK,139,126,H,Mikal Bridges,18,3
2025-01-04,CHI,NYK,139,126,H,Josh Hart,2,16
2025-01-04,CHI,NYK,139,126,H,Jalen Smith,10,5
2025-01-04,CHI,NYK,139,126,H,Julian Phillips,7,1
2025-01-04,CHI,NYK,139,126,H,Precious Achiuwa,5,5
2025-01-04,CHI,NYK,139,126,H,OG Anunoby,12,5
2025-01-04,CHI,NYK,139,126,H,Cameron Payne,8,0
2025-01-04,CHI,NYK,139,126,H,Patrick Williams,5,5
2025-01-04,CHI,NYK,139,126,H,Matas Buzelis,2,1
2025-01-04,CHI,NYK,139,126,H,Landry Shamet,4,1
2025-01-04,CHI,NYK,139,126,H,Talen Horton-Tucker,2,0
2025-01-04,CHI,NYK,139,126,H,Matt Ryan,0,1
2025-01-04,CHI,NYK,139,126,H,Tyler Kolek,0,0
2025-01-04,CHI,NYK,139,126,H,Jericho Sims,0,0
2025-01-04,CHI,NYK,139,126,H,Jacob Toppin,0,0
2025-01-04,CHI,NYK,139,126,H,Dalen Terry,2,1
2025-01-04,DET,MIN,119,105,H,Anthony Edwards,53,6
2025-01-04,DET,MIN,119,105,H,Cade Cunningham,40,6
2025-01-04,DET,MIN,119,105,H,Ausar Thompson,10,10
2025-01-04,DET,MIN,119,105,H,Malik Beasley,23,2
2025-01-04,DET,MIN,119,105,H,Julius Randle,17,7
2025-01-04,DET,MIN,119,105,H,Tobias Harris,16,11
2025-01-04,DET,MIN,119,105,H,Jalen Duren,5,7
2025-01-04,DET,MIN,119,105,H,Isaiah Stewart,8,6
2025-01-04,DET,MIN,119,105,H,Jaden McDaniels,8,5
2025-01-04,DET,MIN,119,105,H,Ron Holland,8,2
2025-01-04,DET,MIN,119,105,H,Naz Reid,9,3
2025-01-04,DET,MIN,119,105,H,Nickeil Alexander-Walker,7,2
2025-01-04,DET,MIN,119,105,H,Donte DiVincenzo,5,4
2025-01-04,DET,MIN,119,105,H,Tim Hardaway Jr.,7,2
2025-01-04,DET,MIN,119,105,H,Rudy Gobert,6,6
2025-01-04,DET,MIN,119,105,H,Mike Conley,0,0
2025-01-04,DET,MIN,119,105,H,Marcus Sasser,2,1
2025-01-04,MIA,UTA,100,136,A,Brice Sensabaugh,34,7
2025-01-04,MIA,UTA,100,136,A,John Collins,24,9
2025-01-04,MIA,UTA,100,136,A,Walker Kessler,14,16
2025-01-04,MIA,UTA,100,136,A,Nikola Jović,17,1
2025-01-04,MIA,UTA,100,136,A,Lauri Markkanen,15,4
2025-01-04,MIA,UTA,100,136,A,Collin Sexton,17,5
2025-01-04,MIA,UTA,100,136,A,Duncan Robinson,16,2
2025-01-04,MIA,UTA,100,136,A,Tyler Herro,15,4
2025-01-04,MIA,UTA,100,136,A,Jaime Jaquez Jr.,13,2
2025-01-04,MIA,UTA,100,136,A,Isaiah Collier,7,2
2025-01-04,MIA,UTA,100,136,A,Kel'el Ware,12,4
2025-01-04,MIA,UTA,100,136,A,Johnny Juzang,8,5
2025-01-04,MIA,UTA,100,136,A,Keyonte George,11,6
2025-01-04,MIA,UTA,100,136,A,Keshad Johnson,7,4
2025-01-04,MIA,UTA,100,136,A,Josh Christopher,5,0
2025-01-04,MIA,UTA,100,136,A,Kyle Filipowski,4,3
2025-01-04,MIA,UTA,100,136,A,Pelle Larsson,1,2
2025-01-04,MIA,UTA,100,136,A,Haywood Highsmith,2,3
2025-01-04,MIA,UTA,100,136,A,Terry Rozier,8,1
2025-01-04,MIA,UTA,100,136,A,Jordan Clarkson,2,0
2025-01-04,MIA,UTA,100,136,A,Bam Adebayo,4,8
2025-01-04,MIA,UTA,100,136,A,Alec Burks,0,1
2025-01-04,MIA,UTA,100,136,A,Micah Potter,0,0
2025-01-04,IND,PHO,126,108,H,Tyrese Haliburton,27,5
2025-01-04,IND,PHO,126,108,H,Kevin Durant,25,7
2025-01-04,IND,PHO,126,108,H,Devin Booker,20,8
2025-01-04,IND,PHO,126,108,H,Myles Turner,20,6
2025-01-04,IND,PHO,126,108,H,Obi Toppin,12,3
2025-01-04,IND,PHO,126,108,H,Bennedict Mathurin,13,10
2025-01-04,IND,PHO,126,108,H,Grayson Allen,13,4
2025-01-04,IND,PHO,126,108,H,Andrew Nembhard,9,3
2025-01-04,IND,PHO,126,108,H,Pascal Siakam,15,9
2025-01-04,IND,PHO,126,108,H,Ryan Dunn,13,4
2025-01-04,IND,PHO,126,108,H,Ben Sheppard,10,2
2025-01-04,IND,PHO,126,108,H,Monte Morris,12,0
2025-01-04,IND,PHO,126,108,H,Josh Okogie,6,3
2025-01-04,IND,PHO,126,108,H,Jarace Walker,7,0
2025-01-04,IND,PHO,126,108,H,Thomas Bryant,5,6
2025-01-04,IND,PHO,126,108,H,Bol Bol,5,1
2025-01-04,IND,PHO,126,108,H,T.J. McConnell,8,3
2025-01-04,IND,PHO,126,108,H,Bradley Beal,8,3
2025-01-04,IND,PHO,126,108,H,Mason Plumlee,4,5
2025-01-04,IND,PHO,126,108,H,Damion Lee,2,1
2025-01-04,IND,PHO,126,108,H,Johnny Furphy,0,0
2025-01-04,IND,PHO,126,108,H,TyTy Washington Jr.,0,0
2025-01-04,BRK,PHI,94,123,A,Joel Embiid,28,12
2025-01-04,BRK,PHI,94,123,A,Caleb Martin,17,4
2025-01-04,BRK,PHI,94,123,A,Ziaire Williams,19,3
2025-01-04,BRK,PHI,94,123,A,Paul George,17,4
2025-01-04,BRK,PHI,94,123,A,Keon Johnson,15,8
2025-01-04,BRK,PHI,94,123,A,Tyrese Maxey,18,2
2025-01-04,BRK,PHI,94,123,A,Kyle Lowry,5,4
2025-01-04,BRK,PHI,94,123,A,Tyrese Martin,16,5
2025-01-04,BRK,PHI,94,123,A,Justin Edwards,11,5
2025-01-04,BRK,PHI,94,123,A,Nic Claxton,10,5
2025-01-04,BRK,PHI,94,123,A,Ricky Council IV,4,4
2025-01-04,BRK,PHI,94,123,A,Andre Drummond,6,4
2025-01-04,BRK,PHI,94,123,A,Adem Bona,6,3
2025-01-04,BRK,PHI,94,123,A,Guerschon Yabusele,3,6
2025-01-04,BRK,PHI,94,123,A,D'Angelo Russell,5,1
2025-01-04,BRK,PHI,94,123,A,Reggie Jackson,8,2
2025-01-04,BRK,PHI,94,123,A,Reece Beekman,7,1
2025-01-04,BRK,PHI,94,123,A,Day'Ron Sharpe,5,5
2025-01-04,BRK,PHI,94,123,A,Noah Clowney,3,6
2025-01-04,BRK,PHI,94,123,A,Jalen Wilson,11,4
2025-01-04,BRK,PHI,94,123,A,Tosan Evbuomwan,3,1
2025-01-04,BRK,PHI,94,123,A,Eric Gordon,0,0
2025-01-04,ATL,LAC,105,131,A,Ivica Zubac,18,18
2025-01-04,ATL,LAC,105,131,A,Trae Young,20,4
2025-01-04,ATL,LAC,105,131,A,Kevin Porter Jr.,15,3
2025-01-04,ATL,LAC,105,131,A,Norman Powell,20,4
2025-01-04,ATL,LAC,105,131,A,James Harden,10,2
2025-01-04,ATL,LAC,105,131,A,Terance Mann,12,3
2025-01-04,ATL,LAC,105,131,A,David Roddy,9,3
2025-01-04,ATL,LAC,105,131,A,Amir Coffey,17,4
2025-01-04,ATL,LAC,105,131,A,Garrison Mathews,15,8
2025-01-04,ATL,LAC,105,131,A,Derrick Jones Jr.,12,3
2025-01-04,ATL,LAC,105,131,A,Zaccharie Risacher,13,5
2025-01-04,ATL,LAC,105,131,A,De'Andre Hunter,18,3
2025-01-04,ATL,LAC,105,131,A,Dyson Daniels,11,3
2025-01-04,ATL,LAC,105,131,A,Kawhi Leonard,12,3
2025-01-04,ATL,LAC,105,131,A,Kobe Brown,5,4
2025-01-04,ATL,LAC,105,131,A,Onyeka Okongwu,4,8
2025-01-04,ATL,LAC,105,131,A,Clint Capela,6,7
2025-01-04,ATL,LAC,105,131,A,Jordan Miller,2,0
2025-01-04,ATL,LAC,105,131,A,Nicolas Batum,4,0
2025-01-04,ATL,LAC,105,131,A,Vit Krejci,9,2
2025-01-04,ATL,LAC,105,131,A,Kai Jones,2,0
2025-01-04,ATL,LAC,105,131,A,Kris Dunn,2,3
2025-01-04,ATL,LAC,105,131,A,Dominick Barlow,0,0
2025-01-04,ATL,LAC,105,131,A,Bones Hyland,0,1
2025-01-04,MIL,POR,102,105,A,Giannis Antetokounmpo,31,11
2025-01-04,MIL,POR,102,105,A,Anfernee Simons,28,3
2025-01-04,MIL,POR,102,105,A,A.J. Green,21,2
2025-01-04,MIL,POR,102,105,A,Deni Avdija,19,14
2025-01-04,MIL,POR,102,105,A,Toumani Camara,15,6
2025-01-04,MIL,POR,102,105,A,Damian Lillard,16,2
2025-01-04,MIL,POR,102,105,A,Shaedon Sharpe,16,4
2025-01-04,MIL,POR,102,105,A,Andre Jackson Jr.,6,3
2025-01-04,MIL,POR,102,105,A,Scoot Henderson,9,7
2025-01-04,MIL,POR,102,105,A,Deandre Ayton,10,13
2025-01-04,MIL,POR,102,105,A,Bobby Portis,9,7
2025-01-04,MIL,POR,102,105,A,Taurean Prince,5,3
2025-01-04,MIL,POR,102,105,A,Donovan Clingan,4,5
2025-01-04,MIL,POR,102,105,A,Ryan Rollins,2,0
2025-01-04,MIL,POR,102,105,A,Brook Lopez,5,6
2025-01-04,MIL,POR,102,105,A,Kris Murray,4,3
2025-01-04,MIL,POR,102,105,A,Gary Trent Jr.,5,2
2025-01-04,MIL,POR,102,105,A,Khris Middleton,2,7
2025-01-04,GSW,MEM,121,113,H,Andrew Wiggins,24,2
2025-01-04,GSW,MEM,121,113,H,Jake LaRavia,17,4
2025-01-04,GSW,MEM,121,113,H,Lindy Waters III,16,3
2025-01-04,GSW,MEM,121,113,H,Desmond Bane,22,4
2025-01-04,GSW,MEM,121,113,H,Jaren Jackson Jr.,23,9
2025-01-04,GSW,MEM,121,113,H,Dennis Schröder,17,3
2025-01-04,GSW,MEM,121,113,H,Trayce Jackson-Davis,11,9
2025-01-04,GSW,MEM,121,113,H,Scotty Pippen Jr.,12,5
2025-01-04,GSW,MEM,121,113,H,Brandon Clarke,10,6
2025-01-04,GSW,MEM,121,113,H,Buddy Hield,14,2
2025-01-04,GSW,MEM,121,113,H,Kyle Anderson,7,3
2025-01-04,GSW,MEM,121,113,H,Jay Huff,9,2
2025-01-04,GSW,MEM,121,113,H,Jonathan Kuminga,13,2
2025-01-04,GSW,MEM,121,113,H,Draymond Green,9,2
2025-01-04,GSW,MEM,121,113,H,Cam Spencer,7,1
2025-01-04,GSW,MEM,121,113,H,Moses Moody,8,0
2025-01-04,GSW,MEM,121,113,H,Jaylen Wells,8,6
2025-01-04,GSW,MEM,121,113,H,Pat Spencer,2,3
2025-01-04,GSW,MEM,121,113,H,Zach Edey,5,6
2025-01-05,BOS,OKC,92,105,A,Shai Gilgeous-Alexander,33,11
2025-01-05,BOS,OKC,92,105,A,Jayson Tatum,26,10
2025-01-05,BOS,OKC,92,105,A,Kristaps Porziņģis,19,9
2025-01-05,BOS,OKC,92,105,A,Jaylen Brown,21,3
2025-01-05,BOS,OKC,92,105,A,Aaron Wiggins,15,1
2025-01-05,BOS,OKC,92,105,A,Cason Wallace,13,3
2025-01-05,BOS,OKC,92,105,A,Isaiah Hartenstein,8,10
2025-01-05,BOS,OKC,92,105,A,Luguentz Dort,14,6
2025-01-05,BOS,OKC,92,105,A,Derrick White,11,4
2025-01-05,BOS,OKC,92,105,A,Isaiah Joe,6,2
2025-01-05,BOS,OKC,92,105,A,Al Horford,6,8
2025-01-05,BOS,OKC,92,105,A,Luke Kornet,4,4
2025-01-05,BOS,OKC,92,105,A,Jalen Williams,10,6
2025-01-05,BOS,OKC,92,105,A,Kenrich Williams,3,1
2025-01-05,BOS,OKC,92,105,A,Jaylin Williams,3,6
2025-01-05,BOS,OKC,92,105,A,Jrue Holiday,2,8
2025-01-05,BOS,OKC,92,105,A,Sam Hauser,3,1
2025-01-05,BOS,OKC,92,105,A,Payton Pritchard,0,1
2025-01-05,GSW,SAC,99,129,A,Malik Monk,26,3
2025-01-05,GSW,SAC,99,129,A,Domantas Sabonis,22,13
2025-01-05,GSW,SAC,99,129,A,Stephen Curry,26,7
2025-01-05,GSW,SAC,99,129,A,Kevin Huerter,16,1
2025-01-05,GSW,SAC,99,129,A,Keon Ellis,11,1
2025-01-05,GSW,SAC,99,129,A,Andrew Wiggins,18,4
2025-01-05,GSW,SAC,99,129,A,Kevon Looney,9,5
2025-01-05,GSW,SAC,99,129,A,Moses Moody,13,1
2025-01-05,GSW,SAC,99,129,A,Devin Carter,13,7
2025-01-05,GSW,SAC,99,129,A,Keegan Murray,11,4
2025-01-05,GSW,SAC,99,129,A,Trey Lyles,7,9
2025-01-05,GSW,SAC,99,129,A,Draymond Green,10,4
2025-01-05,GSW,SAC,99,129,A,Pat Spencer,4,1
2025-01-05,GSW,SAC,99,129,A,Doug McDermott,6,0
2025-01-05,GSW,SAC,99,129,A,Alex Len,2,2
2025-01-05,GSW,SAC,99,129,A,Lindy Waters III,5,2
2025-01-05,GSW,SAC,99,129,A,Buddy Hield,7,3
2025-01-05,GSW,SAC,99,129,A,Orlando Robinson,3,2
2025-01-05,GSW,SAC,99,129,A,Kyle Anderson,2,2
2025-01-05,GSW,SAC,99,129,A,DeMar DeRozan,12,0
2025-01-05,GSW,SAC,99,129,A,Gui Santos,2,2
2025-01-05,GSW,SAC,99,129,A,Jordan McLaughlin,0,1
2025-01-05,GSW,SAC,99,129,A,Dennis Schröder,3,2
2025-01-05,GSW,SAC,99,129,A,Trayce Jackson-Davis,0,2
2025-01-05,HOU,LAL,119,115,H,Anthony Davis,30,13
2025-01-05,HOU,LAL,119,115,H,Jalen Green,33,6
2025-01-05,HOU,LAL,119,115,H,LeBron James,21,13
2025-01-05,HOU,LAL,119,115,H,Austin Reaves,21,0
2025-01-05,HOU,LAL,119,115,H,Amen Thompson,23,16
2025-01-05,HOU,LAL,119,115,H,Max Christie,14,6
2025-01-05,HOU,LAL,119,115,H,Steven Adams,8,9
2025-01-05,HOU,LAL,119,115,H,Dorian Finney-Smith,13,2
2025-01-05,HOU,LAL,119,115,H,Fred VanVleet,15,2
2025-01-05,HOU,LAL,119,115,H,Alperen Sengun,14,6
2025-01-05,HOU,LAL,119,115,H,Rui Hachimura,13,1
2025-01-05,HOU,LAL,119,115,H,Cam Whitmore,8,4
2025-01-05,HOU,LAL,119,115,H,Jae'Sean Tate,6,1
2025-01-05,HOU,LAL,119,115,H,Dillon Brooks,5,5
2025-01-05,HOU,LAL,119,115,H,Aaron Holiday,7,0
2025-01-05,HOU,LAL,119,115,H,Jaxson Hayes,2,2
2025-01-05,HOU,LAL,119,115,H,Cam Reddish,0,0
2025-01-05,HOU,LAL,119,115,H,Shake Milton,1,1
2025-01-05,HOU,LAL,119,115,H,Dalton Knecht,0,1
2025-01-05,CHO,CLE,105,115,A,Jarrett Allen,19,11
2025-01-05,CHO,CLE,105,115,A,Darius Garland,25,3
2025-01-05,CHO,CLE,105,115,A,Brandon Miller,24,2
2025-01-05,CHO,CLE,105,115,A,Nick Smith Jr.,18,5
2025-01-05,CHO,CLE,105,115,A,Evan Mobley,17,5
2025-01-05,CHO,CLE,105,115,A,Cody Martin,8,6
2025-01-05,CHO,CLE,105,115,A,Donovan Mitchell,19,3
2025-01-05,CHO,CLE,105,115,A,LaMelo Ball,24,3
2025-01-05,CHO,CLE,105,115,A,Mark Williams,11,9
2025-01-05,CHO,CLE,105,115,A,Ty Jerome,8,4
2025-01-05,CHO,CLE,105,115,A,Max Strus,9,3
2025-01-05,CHO,CLE,105,115,A,Miles Bridges,11,8
2025-01-05,CHO,CLE,105,115,A,Dean Wade,6,4
2025-01-05,CHO,CLE,105,115,A,Tidjane Salaün,6,9
2025-01-05,CHO,CLE,105,115,A,Georges Niang,10,2
2025-01-05,CHO,CLE,105,115,A,Caris LeVert,2,5
2025-01-05,CHO,CLE,105,115,A,Taj Gibson,1,0
2025-01-05,CHO,CLE,105,115,A,Nick Richards,0,4
2025-01-05,CHO,CLE,105,115,A,Craig Porter Jr.,0,0
2025-01-05,CHO,CLE,105,115,A,Josh Green,0,1
2025-01-05,CHO,CLE,105,115,A,JT Thor,0,0
2025-01-05,CHO,CLE,105,115,A,Jaylon Tyson,0,1
2025-01-05,CHO,CLE,105,115,A,Tristan Thompson,0,0
2025-01-05,CHO,CLE,105,115,A,Vasilije Micić,0,0
2025-01-05,CHO,CLE,105,115,A,KJ Simpson,2,1
2025-01-05,NOP,WAS,110,98,H,Kyle Kuzma,28,5
2025-01-05,NOP,WAS,110,98,H,Yves Missi,16,7
2025-01-05,NOP,WAS,110,98,H,Trey Murphy III,22,8
2025-01-05,NOP,WAS,110,98,H,Carlton Carrington,16,7
2025-01-05,NOP,WAS,110,98,H,Alex Sarr,18,11
2025-01-05,NOP,WAS,110,98,H,CJ McCollum,25,3
2025-01-05,NOP,WAS,110,98,H,Jared Butler,17,4
2025-01-05,NOP,WAS,110,98,H,Dejounte Murray,14,10
2025-01-05,NOP,WAS,110,98,H,Herbert Jones,11,4
2025-01-05,NOP,WAS,110,98,H,Daniel Theis,5,7
2025-01-05,NOP,WAS,110,98,H,Jonas Valančiūnas,6,7
2025-01-05,NOP,WAS,110,98,H,Jeremiah Robinson-Earl,3,4
2025-01-05,NOP,WAS,110,98,H,Malcolm Brogdon,4,3
2025-01-05,NOP,WAS,110,98,H,Justin Champagnie,3,5
2025-01-05,NOP,WAS,110,98,H,Jose Alvarado,3,0
2025-01-05,NOP,WAS,110,98,H,Brandon Boston Jr.,5,4
2025-01-05,NOP,WAS,110,98,H,Anthony Gill,0,0
2025-01-05,NOP,WAS,110,98,H,Johnny Davis,0,0
2025-01-05,NOP,WAS,110,98,H,Jordan Hawkins,6,2
2025-01-05,NOP,WAS,110,98,H,Corey Kispert,5,1
2025-01-05,NOP,WAS,110,98,H,Kyshawn George,1,3
2025-01-05,ORL,UTA,92,105,A,Brice Sensabaugh,27,3
2025-01-05,ORL,UTA,92,105,A,Jett Howard,21,2
2025-01-05,ORL,UTA,92,105,A,Walker Kessler,10,17
2025-01-05,ORL,UTA,92,105,A,Wendell Carter Jr.,15,6
2025-01-05,ORL,UTA,92,105,A,Kyle Filipowski,12,7
2025-01-05,ORL,UTA,92,105,A,Trevelin Queen,11,3
2025-01-05,ORL,UTA,92,105,A,Svi Mykhailiuk,12,4
2025-01-05,ORL,UTA,92,105,A,Johnny Juzang,12,3
2025-01-05,ORL,UTA,92,105,A,Collin Sexton,20,4
2025-01-05,ORL,UTA,92,105,A,Goga Bitadze,9,11
2025-01-05,ORL,UTA,92,105,A,Drew Eubanks,7,3
2025-01-05,ORL,UTA,92,105,A,Caleb Houstan,9,2
2025-01-05,ORL,UTA,92,105,A,Cole Anthony,12,4
2025-01-05,ORL,UTA,92,105,A,Tristan Da Silva,6,9
2025-01-05,ORL,UTA,92,105,A,Cory Joseph,5,0
2025-01-05,ORL,UTA,92,105,A,Micah Potter,3,2
2025-01-05,ORL,UTA,92,105,A,Jonathan Isaac,2,4
2025-01-05,ORL,UTA,92,105,A,Isaiah Collier,2,5
2025-01-05,ORL,UTA,92,105,A,Kentavious Caldwell-Pope,2,2
2025-01-05,ORL,UTA,92,105,A,Patty Mills,0,2
2025-01-06,DAL,MEM,104,119,A,Jaren Jackson Jr.,35,13
2025-01-06,DAL,MEM,104,119,A,Scotty Pippen Jr.,18,5
2025-01-06,DAL,MEM,104,119,A,Dereck Lively II,14,12
2025-01-06,DAL,MEM,104,119,A,Jaylen Wells,17,11
2025-01-06,DAL,MEM,104,119,A,P.J. Washington,17,10
2025-01-06,DAL,MEM,104,119,A,Naji Marshall,16,6
2025-01-06,DAL,MEM,104,119,A,Luke Kennard,13,4
2025-01-06,DAL,MEM,104,119,A,Klay Thompson,15,4
2025-01-06,DAL,MEM,104,119,A,Jaden Hardy,15,3
2025-01-06,DAL,MEM,104,119,A,Jay Huff,11,1
2025-01-06,DAL,MEM,104,119,A,John Konchar,5,13
2025-01-06,DAL,MEM,104,119,A,Quentin Grimes,9,6
2025-01-06,DAL,MEM,104,119,A,Jake LaRavia,7,2
2025-01-06,DAL,MEM,104,119,A,Dwight Powell,2,5
2025-01-06,DAL,MEM,104,119,A,Spencer Dinwiddie,6,1
2025-01-06,DAL,MEM,104,119,A,Daniel Gafford,5,1
2025-01-06,DAL,MEM,104,119,A,Maxi Kleber,4,2
2025-01-06,DAL,MEM,104,119,A,Brandon Clarke,6,2
2025-01-06,DAL,MEM,104,119,A,Zach Edey,4,3
2025-01-06,DAL,MEM,104,119,A,Cam Spencer,3,0
2025-01-06,DAL,MEM,104,119,A,Brandon Williams,1,0
2025-01-06,DAL,MEM,104,119,A,Olivier-Maxence Prosper,0,0
2025-01-06,DAL,MEM,104,119,A,Yuki Kawamura,0,1
2025-01-06,CHI,SAS,114,110,H,Zach LaVine,35,10
2025-01-06,CHI,SAS,114,110,H,Nikola Vučević,24,11
2025-01-06,CHI,SAS,114,110,H,Coby White,23,2
2025-01-06,CHI,SAS,114,110,H,Chris Paul,18,6
2025-01-06,CHI,SAS,114,110,H,Victor Wembanyama,23,14
2025-01-06,CHI,SAS,114,110,H,Jeremy Sochan,11,4
2025-01-06,CHI,SAS,114,110,H,Patrick Williams,12,1
2025-01-06,CHI,SAS,114,110,H,Harrison Barnes,10,4
2025-01-06,CHI,SAS,114,110,H,Julian Champagnie,12,4
2025-01-06,CHI,SAS,114,110,H,Devin Vassell,11,4
2025-01-06,CHI,SAS,114,110,H,Stephon Castle,10,1
2025-01-06,CHI,SAS,114,110,H,Jalen Smith,9,8
2025-01-06,CHI,SAS,114,110,H,Keldon Johnson,11,3
2025-01-06,CHI,SAS,114,110,H,Tre Jones,2,4
2025-01-06,CHI,SAS,114,110,H,Lonzo Ball,5,4
2025-01-06,CHI,SAS,114,110,H,Josh Giddey,6,7
2025-01-06,CHI,SAS,114,110,H,Charles Bassey,2,5
2025-01-06,CHI,SAS,114,110,H,Matas Buzelis,0,1
2025-01-06,CHI,SAS,114,110,H,Julian Phillips,0,1
2025-01-06,CHI,SAS,114,110,H,Dalen Terry,0,2
2025-01-06,DET,POR,118,115,H,Anfernee Simons,36,2
2025-01-06,DET,POR,118,115,H,Cade Cunningham,32,6
2025-01-06,DET,POR,118,115,H,Shaedon Sharpe,20,8
2025-01-06,DET,POR,118,115,H,Tim Hardaway Jr.,26,0
2025-01-06,DET,POR,118,115,H,Tobias Harris,17,5
2025-01-06,DET,POR,118,115,H,Deandre Ayton,18,11
2025-01-06,DET,POR,118,115,H,Jalen Duren,14,12
2025-01-06,DET,POR,118,115,H,Kris Murray,11,4
2025-01-06,DET,POR,118,115,H,Deni Avdija,14,4
2025-01-06,DET,POR,118,115,H,Toumani Camara,12,3
2025-01-06,DET,POR,118,115,H,Simone Fontecchio,10,6
2025-01-06,DET,POR,118,115,H,Ron Holland,8,2
2025-01-06,DET,POR,118,115,H,Marcus Sasser,4,3
2025-01-06,DET,POR,118,115,H,Isaiah Stewart,2,6
2025-01-06,DET,POR,118,115,H,Donovan Clingan,4,5
2025-01-06,DET,POR,118,115,H,Malik Beasley,5,3
2025-01-06,DET,POR,118,115,H,Paul Reed,0,0
2025-01-06,DET,POR,118,115,H,Wendell Moore Jr.,0,2
2025-01-06,DET,POR,118,115,H,Scoot Henderson,0,1
2025-01-06,LAC,MIN,106,108,A,Anthony Edwards,37,7
2025-01-06,LAC,MIN,106,108,A,Ivica Zubac,17,16
2025-01-06,LAC,MIN,106,108,A,Norman Powell,25,6
2025-01-06,LAC,MIN,106,108,A,James Harden,22,8
2025-01-06,LAC,MIN,106,108,A,Naz Reid,18,7
2025-01-06,LAC,MIN,106,108,A,Jaden McDaniels,11,2
2025-01-06,LAC,MIN,106,108,A,Mike Conley,11,4
2025-01-06,LAC,MIN,106,108,A,Kevin Porter Jr.,7,6
2025-01-06,LAC,MIN,106,108,A,Rudy Gobert,8,18
2025-01-06,LAC,MIN,106,108,A,Donte DiVincenzo,15,9
2025-01-06,LAC,MIN,106,108,A,Derrick Jones Jr.,10,2
2025-01-06,LAC,MIN,106,108,A,Amir Coffey,9,4
2025-01-06,LAC,MIN,106,108,A,Terance Mann,3,0
2025-01-06,LAC,MIN,106,108,A,Kawhi Leonard,8,2
2025-01-06,LAC,MIN,106,108,A,Nicolas Batum,3,3
2025-01-06,LAC,MIN,106,108,A,Nickeil Alexander-Walker,3,2
2025-01-06,LAC,MIN,106,108,A,Kris Dunn,2,2
2025-01-06,LAC,MIN,106,108,A,Joe Ingles,0,0
2025-01-06,LAC,MIN,106,108,A,Josh Minott,0,0
2025-01-06,LAC,MIN,106,108,A,Julius Randle,5,6
2025-01-06,PHI,PHO,99,109,A,Bradley Beal,25,3
2025-01-06,PHI,PHO,99,109,A,Tyrese Maxey,31,0
2025-01-06,PHI,PHO,99,109,A,Kevin Durant,23,6
2025-01-06,PHI,PHO,99,109,A,Kelly Oubre Jr.,26,11
2025-01-06,PHI,PHO,99,109,A,Guerschon Yabusele,14,10
2025-01-06,PHI,PHO,99,109,A,Ryan Dunn,15,4
2025-01-06,PHI,PHO,99,109,A,Caleb Martin,8,7
2025-01-06,PHI,PHO,99,109,A,Paul George,13,9
2025-01-06,PHI,PHO,99,109,A,Oso Ighodaro,8,6
2025-01-06,PHI,PHO,99,109,A,Mason Plumlee,2,7
2025-01-06,PHI,PHO,99,109,A,Monte Morris,7,0
2025-01-06,PHI,PHO,99,109,A,Devin Booker,10,4
2025-01-06,PHI,PHO,99,109,A,Grayson Allen,6,1
2025-01-06,PHI,PHO,99,109,A,Justin Edwards,3,3
2025-01-06,PHI,PHO,99,109,A,Jusuf Nurkić,5,7
2025-01-06,PHI,PHO,99,109,A,Tyus Jones,5,3
2025-01-06,PHI,PHO,99,109,A,Josh Okogie,3,3
2025-01-06,PHI,PHO,99,109,A,Adem Bona,4,5
2025-01-06,PHI,PHO,99,109,A,Jeff Dowtin,0,0
2025-01-06,PHI,PHO,99,109,A,Reggie Jackson,0,1
2025-01-06,PHI,PHO,99,109,A,Ricky Council IV,0,0
2025-01-06,PHI,PHO,99,109,A,Eric Gordon,0,0
2025-01-06,MIL,TOR,128,104,H,RJ Barrett,25,9
2025-01-06,MIL,TOR,128,104,H,Damian Lillard,25,5
2025-01-06,MIL,TOR,128,104,H,Bobby Portis,20,7
2025-01-06,MIL,TOR,128,104,H,Gary Trent Jr.,17,3
2025-01-06,MIL,TOR,128,104,H,Scottie Barnes,21,2
2025-01-06,MIL,TOR,128,104,H,Brook Lopez,16,4
2025-01-06,MIL,TOR,128,104,H,Giannis Antetokounmpo,11,12
2025-01-06,MIL,TOR,128,104,H,Jakob Poeltl,12,7
2025-01-06,MIL,TOR,128,104,H,Taurean Prince,8,2
2025-01-06,MIL,TOR,128,104,H,Andre Jackson Jr.,5,4
2025-01-06,MIL,TOR,128,104,H,Ryan Rollins,10,4
2025-01-06,MIL,TOR,128,104,H,Immanuel Quickley,11,1
2025-01-06,MIL,TOR,128,104,H,Gradey Dick,11,3
2025-01-06,MIL,TOR,128,104,H,Jonathan Mogbo,5,1
2025-01-06,MIL,TOR,128,104,H,Jamal Shead,3,2
2025-01-06,MIL,TOR,128,104,H,Ja'Kobe Walter,8,2
2025-01-06,MIL,TOR,128,104,H,Stanley Umude,3,2
2025-01-06,MIL,TOR,128,104,H,Ochai Agbaji,2,4
2025-01-06,MIL,TOR,128,104,H,Kelly Olynyk,3,1
2025-01-06,MIL,TOR,128,104,H,A.J. Green,5,0
2025-01-06,MIL,TOR,128,104,H,Delon Wright,3,0
2025-01-06,MIL,TOR,128,104,H,Bruce Brown,3,3
2025-01-06,MIL,TOR,128,104,H,Pat Connaughton,2,1
2025-01-06,MIL,TOR,128,104,H,Liam Robbins,1,2
2025-01-06,MIL,TOR,128,104,H,MarJon Beauchamp,2,0
2025-01-06,MIA,SAC,118,123,A,Domantas Sabonis,21,18
2025-01-06,MIA,SAC,118,123,A,Jaime Jaquez Jr.,16,12
2025-01-06,MIA,SAC,118,123,A,DeMar DeRozan,30,3
2025-01-06,MIA,SAC,118,123,A,Tyler Herro,26,7
2025-01-06,MIA,SAC,118,123,A,Keon Ellis,17,8
2025-01-06,MIA,SAC,118,123,A,Keegan Murray,14,12
2025-01-06,MIA,SAC,118,123,A,Malik Monk,23,5
2025-01-06,MIA,SAC,118,123,A,Bam Adebayo,18,12
2025-01-06,MIA,SAC,118,123,A,Haywood Highsmith,14,6
2025-01-06,MIA,SAC,118,123,A,Terry Rozier,18,7
2025-01-06,MIA,SAC,118,123,A,Nikola Jović,12,3
2025-01-06,MIA,SAC,118,123,A,Devin Carter,5,4
2025-01-06,MIA,SAC,118,123,A,Kel'el Ware,6,3
2025-01-06,MIA,SAC,118,123,A,Duncan Robinson,8,2
2025-01-06,MIA,SAC,118,123,A,Kevin Huerter,7,2
2025-01-06,MIA,SAC,118,123,A,Trey Lyles,6,6
2025-01-06,MIA,SAC,118,123,A,Doug McDermott,0,0
2025-01-06,MIA,SAC,118,123,A,Pelle Larsson,0,1
2025-01-06,MIA,SAC,118,123,A,Alex Len,0,2
2025-01-06,BRK,IND,99,113,A,Tyrese Haliburton,23,2
2025-01-06,BRK,IND,99,113,A,Day'Ron Sharpe,16,13
2025-01-06,BRK,IND,99,113,A,Pascal Siakam,19,6
2025-01-06,BRK,IND,99,113,A,Myles Turner,10,5
2025-01-06,BRK,IND,99,113,A,Bennedict Mathurin,20,3
2025-01-06,BRK,IND,99,113,A,Ziaire Williams,10,8
2025-01-06,BRK,IND,99,113,A,Tyrese Martin,15,5
2025-01-06,BRK,IND,99,113,A,Keon Johnson,12,4
2025-01-06,BRK,IND,99,113,A,T.J. McConnell,8,1
2025-01-06,BRK,IND,99,113,A,Thomas Bryant,8,3
2025-01-06,BRK,IND,99,113,A,Obi Toppin,11,5
2025-01-06,BRK,IND,99,113,A,Andrew Nembhard,8,5
2025-01-06,BRK,IND,99,113,A,Jalen Wilson,8,4
2025-01-06,BRK,IND,99,113,A,Noah Clowney,14,4
2025-01-06,BRK,IND,99,113,A,Reece Beekman,9,0
2025-01-06,BRK,IND,99,113,A,Tosan Evbuomwan,8,6
2025-01-06,BRK,IND,99,113,A,Nic Claxton,4,7
2025-01-06,BRK,IND,99,113,A,Jarace Walker,4,3
2025-01-06,BRK,IND,99,113,A,Johnny Furphy,2,0
2025-01-06,BRK,IND,99,113,A,Dariq Whitehead,3,0
2025-01-06,BRK,IND,99,113,A,James Johnson,0,0
2025-01-06,BRK,IND,99,113,A,Ben Sheppard,0,2
2025-01-06,NYK,ORL,94,103,A,Josh Hart,15,14
2025-01-06,NYK,ORL,94,103,A,Cole Anthony,24,7
2025-01-06,NYK,ORL,94,103,A,Wendell Carter Jr.,19,2
2025-01-06,NYK,ORL,94,103,A,Jonathan Isaac,13,9
2025-01-06,NYK,ORL,94,103,A,Mikal Bridges,24,5
2025-01-06,NYK,ORL,94,103,A,Kentavious Caldwell-Pope,15,4
2025-01-06,NYK,ORL,94,103,A,Jalen Brunson,24,1
2025-01-06,NYK,ORL,94,103,A,Goga Bitadze,6,8
2025-01-06,NYK,ORL,94,103,A,Anthony Black,9,1
2025-01-06,NYK,ORL,94,103,A,OG Anunoby,9,4
2025-01-06,NYK,ORL,94,103,A,Precious Achiuwa,10,2
2025-01-06,NYK,ORL,94,103,A,Jericho Sims,4,10
2025-01-06,NYK,ORL,94,103,A,Tristan Da Silva,8,6
2025-01-06,NYK,ORL,94,103,A,Jett Howard,9,1
2025-01-06,NYK,ORL,94,103,A,Cameron Payne,8,1
2025-01-06,NYK,ORL,94,103,A,Trevelin Queen,0,0
2025-01-06,NYK,ORL,94,103,A,Caleb Houstan,0,1
2025-01-06,NYK,ORL,94,103,A,Landry Shamet,0,1
2025-01-07,CHO,PHO,115,104,H,Devin Booker,39,6
2025-01-07,CHO,PHO,115,104,H,LaMelo Ball,32,10
2025-01-07,CHO,PHO,115,104,H,Kevin Durant,26,6
2025-01-07,CHO,PHO,115,104,H,Nick Richards,15,12
2025-01-07,CHO,PHO,115,104,H,Miles Bridges,21,7
2025-01-07,CHO,PHO,115,104,H,Mark Williams,9,10
2025-01-07,CHO,PHO,115,104,H,Nick Smith Jr.,8,4
2025-01-07,CHO,PHO,115,104,H,Grayson Allen,9,3
2025-01-07,CHO,PHO,115,104,H,Jusuf Nurkić,8,3
2025-01-07,CHO,PHO,115,104,H,Cody Martin,4,5
2025-01-07,CHO,PHO,115,104,H,Josh Green,5,6
2025-01-07,CHO,PHO,115,104,H,Bradley Beal,10,0
2025-01-07,CHO,PHO,115,104,H,Mason Plumlee,0,12
2025-01-07,CHO,PHO,115,104,H,Tidjane Salaün,4,2
2025-01-07,CHO,PHO,115,104,H,Brandon Miller,13,3
2025-01-07,CHO,PHO,115,104,H,Tyus Jones,4,1
2025-01-07,CHO,PHO,115,104,H,Vasilije Micić,4,0
2025-01-07,CHO,PHO,115,104,H,Ryan Dunn,6,4
2025-01-07,CHO,PHO,115,104,H,Monte Morris,2,5
2025-01-07,CHO,PHO,115,104,H,Josh Okogie,0,0
2025-01-07,CHO,PHO,115,104,H,Oso Ighodaro,0,2
2025-01-07,HOU,WAS,135,112,H,Amen Thompson,20,15
2025-01-07,HOU,WAS,135,112,H,Jalen Green,29,8
2025-01-07,HOU,WAS,135,112,H,Fred VanVleet,19,1
2025-01-07,HOU,WAS,135,112,H,Corey Kispert,23,4
2025-01-07,HOU,WAS,135,112,H,Alperen Şengün,26,10
2025-01-07,HOU,WAS,135,112,H,Cam Whitmore,17,1
2025-01-07,HOU,WAS,135,112,H,Jonas Valančiūnas,18,4
2025-01-07,HOU,WAS,135,112,H,Carlton Carrington,12,4
2025-01-07,HOU,WAS,135,112,H,Jared Butler,14,0
2025-01-07,HOU,WAS,135,112,H,Kyshawn George,9,4
2025-01-07,HOU,WAS,135,112,H,Dillon Brooks,11,1
2025-01-07,HOU,WAS,135,112,H,Justin Champagnie,7,5
2025-01-07,HOU,WAS,135,112,H,Kyle Kuzma,10,6
2025-01-07,HOU,WAS,135,112,H,Aaron Holiday,4,2
2025-01-07,HOU,WAS,135,112,H,Bilal Coulibaly,12,5
2025-01-07,HOU,WAS,135,112,H,Jeff Green,7,1
2025-01-07,HOU,WAS,135,112,H,Patrick Baldwin Jr.,5,1
2025-01-07,HOU,WAS,135,112,H,Jock Landale,0,3
2025-01-07,HOU,WAS,135,112,H,Jae'Sean Tate,2,1
2025-01-07,HOU,WAS,135,112,H,Richaun Holmes,0,1
2025-01-07,HOU,WAS,135,112,H,Steven Adams,0,6
2025-01-07,HOU,WAS,135,112,H,Anthony Gill,0,0
2025-01-07,HOU,WAS,135,112,H,Jeenathan Williams,0,0
2025-01-07,HOU,WAS,135,112,H,Alex Sarr,2,9
2025-01-07,ATL,UTA,124,121,H,Trae Young,24,2
2025-01-07,ATL,UTA,124,121,H,Walker Kessler,21,10
2025-01-07,ATL,UTA,124,121,H,Lauri Markkanen,35,2
2025-01-07,ATL,UTA,124,121,H,Dyson Daniels,16,6
2025-01-07,ATL,UTA,124,121,H,Collin Sexton,24,4
2025-01-07,ATL,UTA,124,121,H,Clint Capela,18,6
2025-01-07,ATL,UTA,124,121,H,Vit Krejci,13,4
2025-01-07,ATL,UTA,124,121,H,Patty Mills,13,1
2025-01-07,ATL,UTA,124,121,H,De'Andre Hunter,17,4
2025-01-07,ATL,UTA,124,121,H,Zaccharie Risacher,14,6
2025-01-07,ATL,UTA,124,121,H,Johnny Juzang,11,4
2025-01-07,ATL,UTA,124,121,H,Onyeka Okongwu,2,9
2025-01-07,ATL,UTA,124,121,H,Garrison Mathews,9,6
2025-01-07,ATL,UTA,124,121,H,Isaiah Collier,3,6
2025-01-07,ATL,UTA,124,121,H,Bogdan Bogdanović,11,1
2025-01-07,ATL,UTA,124,121,H,Cody Williams,4,3
2025-01-07,ATL,UTA,124,121,H,Drew Eubanks,4,8
2025-01-07,ATL,UTA,124,121,H,Micah Potter,3,1
2025-01-07,ATL,UTA,124,121,H,Kyle Filipowski,3,8
2025-01-07,MIN,NOP,104,97,H,Dejounte Murray,29,2
2025-01-07,MIN,NOP,104,97,H,Anthony Edwards,32,9
2025-01-07,MIN,NOP,104,97,H,Zion Williamson,22,6
2025-01-07,MIN,NOP,104,97,H,Rudy Gobert,7,14
2025-01-07,MIN,NOP,104,97,H,Julius Randle,16,6
2025-01-07,MIN,NOP,104,97,H,Mike Conley,8,4
2025-01-07,MIN,NOP,104,97,H,Donte DiVincenzo,10,2
2025-01-07,MIN,NOP,104,97,H,Nickeil Alexander-Walker,11,1
2025-01-07,MIN,NOP,104,97,H,Naz Reid,13,12
2025-01-07,MIN,NOP,104,97,H,Herbert Jones,10,6
2025-01-07,MIN,NOP,104,97,H,Daniel Theis,3,8
2025-01-07,MIN,NOP,104,97,H,Jose Alvarado,13,1
2025-01-07,MIN,NOP,104,97,H,Jeremiah Robinson-Earl,5,8
2025-01-07,MIN,NOP,104,97,H,Brandon Boston Jr.,5,4
2025-01-07,MIN,NOP,104,97,H,Jaden McDaniels,5,3
2025-01-07,MIN,NOP,104,97,H,Yves Missi,2,9
2025-01-07,MIN,NOP,104,97,H,Josh Minott,2,2
2025-01-07,MIN,NOP,104,97,H,Jordan Hawkins,3,0
2025-01-07,MIN,NOP,104,97,H,CJ McCollum,5,2
2025-01-07,BOS,DEN,118,106,H,Kristaps Porziņģis,25,11
2025-01-07,BOS,DEN,118,106,H,Jayson Tatum,29,4
2025-01-07,BOS,DEN,118,106,H,Jrue Holiday,19,3
2025-01-07,BOS,DEN,118,106,H,Russell Westbrook,26,9
2025-01-07,BOS,DEN,118,106,H,Jamal Murray,19,4
2025-01-07,BOS,DEN,118,106,H,Julian Strawther,19,2
2025-01-07,BOS,DEN,118,106,H,Peyton Watson,14,4
2025-01-07,BOS,DEN,118,106,H,Al Horford,9,7
2025-01-07,BOS,DEN,118,106,H,Michael Porter Jr.,15,10
2025-01-07,BOS,DEN,118,106,H,Jaylen Brown,14,8
2025-01-07,BOS,DEN,118,106,H,Christian Braun,12,4
2025-01-07,BOS,DEN,118,106,H,Sam Hauser,9,2
2025-01-07,BOS,DEN,118,106,H,Neemias Queta,8,0
2025-01-07,BOS,DEN,118,106,H,Luke Kornet,2,3
2025-01-07,BOS,DEN,118,106,H,Payton Pritchard,3,3
2025-01-07,BOS,DEN,118,106,H,DeAndre Jordan,1,5
2025-01-07,BOS,DEN,118,106,H,Dario Šarić,0,1
2025-01-07,BOS,DEN,118,106,H,Trey Alexander,0,0
2025-01-07,BOS,DEN,118,106,H,Jalen Pickett,0,0
2025-01-07,BOS,DEN,118,106,H,Hunter Tyson,0,0
2025-01-07,BOS,DEN,118,106,H,Jaden Springer,0,0
2025-01-07,BOS,DEN,118,106,H,Zeke Nnaji,0,0
2025-01-07,DAL,LAL,118,97,H,Quentin Grimes,23,9
2025-01-07,DAL,LAL,118,97,H,LeBron James,18,10
2025-01-07,DAL,LAL,118,97,H,P.J. Washington,22,8
2025-01-07,DAL,LAL,118,97,H,Spencer Dinwiddie,19,6
2025-01-07,DAL,LAL,118,97,H,Anthony Davis,21,12
2025-01-07,DAL,LAL,118,97,H,Jaden Hardy,15,3
2025-01-07,DAL,LAL,118,97,H,Austin Reaves,15,2
2025-01-07,DAL,LAL,118,97,H,Max Christie,12,1
2025-01-07,DAL,LAL,118,97,H,Dorian Finney-Smith,11,3
2025-01-07,DAL,LAL,118,97,H,Dalton Knecht,13,0
2025-01-07,DAL,LAL,118,97,H,Maxi Kleber,5,3
2025-01-07,DAL,LAL,118,97,H,Dereck Lively II,7,6
2025-01-07,DAL,LAL,118,97,H,Klay Thompson,13,0
2025-01-07,DAL,LAL,118,97,H,Rui Hachimura,6,1
2025-01-07,DAL,LAL,118,97,H,Olivier-Maxence Prosper,3,3
2025-01-07,DAL,LAL,118,97,H,Naji Marshall,7,5
2025-01-07,DAL,LAL,118,97,H,Brandon Williams,4,0
2025-01-07,DAL,LAL,118,97,H,Jaxson Hayes,1,3
2025-01-07,DAL,LAL,118,97,H,Dwight Powell,0,1
2025-01-07,DAL,LAL,118,97,H,Bronny James,0,0
2025-01-07,DAL,LAL,118,97,H,Gabe Vincent,0,1
2025-01-07,GSW,MIA,98,114,A,Bam Adebayo,19,9
2025-01-07,GSW,MIA,98,114,A,Trayce Jackson-Davis,19,7
2025-01-07,GSW,MIA,98,114,A,Stephen Curry,31,7
2025-01-07,GSW,MIA,98,114,A,Nikola Jović,20,6
2025-01-07,GSW,MIA,98,114,A,Duncan Robinson,12,1
2025-01-07,GSW,MIA,98,114,A,Jaime Jaquez Jr.,18,5
2025-01-07,GSW,MIA,98,114,A,Tyler Herro,14,8
2025-01-07,GSW,MIA,98,114,A,Buddy Hield,11,8
2025-01-07,GSW,MIA,98,114,A,Draymond Green,7,10
2025-01-07,GSW,MIA,98,114,A,Alec Burks,11,4
2025-01-07,GSW,MIA,98,114,A,Haywood Highsmith,5,6
2025-01-07,GSW,MIA,98,114,A,Kyle Anderson,5,5
2025-01-07,GSW,MIA,98,114,A,Andrew Wiggins,9,5
2025-01-07,GSW,MIA,98,114,A,Terry Rozier,9,5
2025-01-07,GSW,MIA,98,114,A,Kel'el Ware,6,4
2025-01-07,GSW,MIA,98,114,A,Dennis Schröder,5,3
2025-01-07,GSW,MIA,98,114,A,Lindy Waters III,6,2
2025-01-07,GSW,MIA,98,114,A,Moses Moody,3,3
2025-01-07,GSW,MIA,98,114,A,Pat Spencer,2,1
2025-01-07,GSW,MIA,98,114,A,Josh Christopher,0,0
2025-01-07,GSW,MIA,98,114,A,Keshad Johnson,0,0
2025-01-07,GSW,MIA,98,114,A,Pelle Larsson,0,0
2025-01-07,GSW,MIA,98,114,A,Gui Santos,0,1
2025-01-08,CLE,OKC,129,122,H,Jarrett Allen,25,11
2025-01-08,CLE,OKC,129,122,H,Jalen Williams,25,5
2025-01-08,CLE,OKC,129,122,H,Evan Mobley,21,10
2025-01-08,CLE,OKC,129,122,H,Shai Gilgeous-Alexander,31,5
2025-01-08,CLE,OKC,129,122,H,Isaiah Hartenstein,18,11
2025-01-08,CLE,OKC,129,122,H,Max Strus,17,3
2025-01-08,CLE,OKC,129,122,H,Cason Wallace,15,2
2025-01-08,CLE,OKC,129,122,H,Darius Garland,18,1
2025-01-08,CLE,OKC,129,122,H,Ty Jerome,15,2
2025-01-08,CLE,OKC,129,122,H,Isaiah Joe,8,7
2025-01-08,CLE,OKC,129,122,H,Aaron Wiggins,11,2
2025-01-08,CLE,OKC,129,122,H,Dean Wade,11,3
2025-01-08,CLE,OKC,129,122,H,Luguentz Dort,7,4
2025-01-08,CLE,OKC,129,122,H,Jaylin Williams,3,2
2025-01-08,CLE,OKC,129,122,H,Caris LeVert,8,2
2025-01-08,CLE,OKC,129,122,H,Donovan Mitchell,11,6
2025-01-08,CLE,OKC,129,122,H,Kenrich Williams,4,0
2025-01-08,CLE,OKC,129,122,H,Isaac Okoro,0,0
2025-01-08,CLE,OKC,129,122,H,Georges Niang,3,2
2025-01-08,NYK,TOR,112,98,H,Karl-Anthony Towns,27,13
2025-01-08,NYK,TOR,112,98,H,Josh Hart,21,11
2025-01-08,NYK,TOR,112,98,H,OG Anunoby,27,2
2025-01-08,NYK,TOR,112,98,H,Immanuel Quickley,22,3
2025-01-08,NYK,TOR,112,98,H,Scottie Barnes,18,5
2025-01-08,NYK,TOR,112,98,H,Jalen Brunson,13,6
2025-01-08,NYK,TOR,112,98,H,RJ Barrett,16,5
2025-01-08,NYK,TOR,112,98,H,Chris Boucher,10,0
2025-01-08,NYK,TOR,112,98,H,Jakob Poeltl,8,10
2025-01-08,NYK,TOR,112,98,H,Kelly Olynyk,7,4
2025-01-08,NYK,TOR,112,98,H,Precious Achiuwa,6,4
2025-01-08,NYK,TOR,112,98,H,Ochai Agbaji,4,0
2025-01-08,NYK,TOR,112,98,H,Garrett Temple,2,0
2025-01-08,NYK,TOR,112,98,H,Landry Shamet,8,2
2025-01-08,NYK,TOR,112,98,H,Mikal Bridges,10,3
2025-01-08,NYK,TOR,112,98,H,Jamal Shead,4,0
2025-01-08,NYK,TOR,112,98,H,Cameron Payne,0,0
2025-01-08,NYK,TOR,112,98,H,Bruce Brown,4,1
2025-01-08,NYK,TOR,112,98,H,Davion Mitchell,0,0
2025-01-08,NYK,TOR,112,98,H,Matt Ryan,0,0
2025-01-08,NYK,TOR,112,98,H,Ja'Kobe Walter,0,1
2025-01-08,NYK,TOR,112,98,H,Jericho Sims,0,1
2025-01-08,NYK,TOR,112,98,H,Jacob Toppin,0,1
2025-01-08,NYK,TOR,112,98,H,Tyler Kolek,0,0
2025-01-08,NYK,TOR,112,98,H,Gradey Dick,3,4
2025-01-08,MIL,SAS,121,105,H,Damian Lillard,26,5
2025-01-08,MIL,SAS,121,105,H,Keldon Johnson,24,11
2025-01-08,MIL,SAS,121,105,H,Chris Paul,18,5
2025-01-08,MIL,SAS,121,105,H,Giannis Antetokounmpo,25,16
2025-01-08,MIL,SAS,121,105,H,Brook Lopez,22,7
2025-01-08,MIL,SAS,121,105,H,Gary Trent Jr.,14,3
2025-01-08,MIL,SAS,121,105,H,Harrison Barnes,14,2
2025-01-08,MIL,SAS,121,105,H,A.J. Green,14,1
2025-01-08,MIL,SAS,121,105,H,Victor Wembanyama,10,10
2025-01-08,MIL,SAS,121,105,H,Tre Jones,3,2
2025-01-08,MIL,SAS,121,105,H,Khris Middleton,8,5
2025-01-08,MIL,SAS,121,105,H,Charles Bassey,4,2
2025-01-08,MIL,SAS,121,105,H,Sandro Mamukelashvili,7,0
2025-01-08,MIL,SAS,121,105,H,Devin Vassell,11,9
2025-01-08,MIL,SAS,121,105,H,Bobby Portis,5,11
2025-01-08,MIL,SAS,121,105,H,Julian Champagnie,9,3
2025-01-08,MIL,SAS,121,105,H,MarJon Beauchamp,2,1
2025-01-08,MIL,SAS,121,105,H,Ryan Rollins,2,0
2025-01-08,MIL,SAS,121,105,H,Taurean Prince,3,4
2025-01-08,MIL,SAS,121,105,H,Stanley Umude,0,1
2025-01-08,MIL,SAS,121,105,H,Andre Jackson Jr.,0,2
2025-01-08,MIL,SAS,121,105,H,Malaki Branham,0,0
2025-01-08,MIL,SAS,121,105,H,Blake Wesley,0,2
2025-01-08,MIL,SAS,121,105,H,Stephon Castle,5,0
2025-01-08,MIL,SAS,121,105,H,Zach Collins,0,0
2025-01-08,MIL,SAS,121,105,H,Liam Robbins,0,1
2025-01-08,PHI,WAS,109,103,H,Jared Butler,26,4
2025-01-08,PHI,WAS,109,103,H,Guerschon Yabusele,21,8
2025-01-08,PHI,WAS,109,103,H,Corey Kispert,23,5
2025-01-08,PHI,WAS,109,103,H,Tyrese Maxey,29,3
2025-01-08,PHI,WAS,109,103,H,Kelly Oubre Jr.,15,4
2025-01-08,PHI,WAS,109,103,H,Eric Gordon,15,2
2025-01-08,PHI,WAS,109,103,H,Caleb Martin,8,5
2025-01-08,PHI,WAS,109,103,H,Ricky Council IV,8,5
2025-01-08,PHI,WAS,109,103,H,Jonas Valančiūnas,14,14
2025-01-08,PHI,WAS,109,103,H,Richaun Holmes,3,11
2025-01-08,PHI,WAS,109,103,H,Adem Bona,2,3
2025-01-08,PHI,WAS,109,103,H,Carlton Carrington,8,2
2025-01-08,PHI,WAS,109,103,H,Justin Champagnie,5,2
2025-01-08,PHI,WAS,109,103,H,Kyle Kuzma,16,5
2025-01-08,PHI,WAS,109,103,H,Jeff Dowtin,3,2
2025-01-08,PHI,WAS,109,103,H,Reggie Jackson,6,1
2025-01-08,PHI,WAS,109,103,H,Kyshawn George,3,4
2025-01-08,PHI,WAS,109,103,H,Justin Edwards,2,3
2025-01-08,PHI,WAS,109,103,H,Bilal Coulibaly,5,4
2025-01-08,BRK,DET,98,113,A,Noah Clowney,29,6
2025-01-08,BRK,DET,98,113,A,Malik Beasley,23,2
2025-01-08,BRK,DET,98,113,A,Simone Fontecchio,17,5
2025-01-08,BRK,DET,98,113,A,Nic Claxton,14,6
2025-01-08,BRK,DET,98,113,A,Tosan Evbuomwan,13,7
2025-01-08,BRK,DET,98,113,A,Jalen Duren,8,9
2025-01-08,BRK,DET,98,113,A,Marcus Sasser,15,1
2025-01-08,BRK,DET,98,113,A,Isaiah Stewart,6,4
2025-01-08,BRK,DET,98,113,A,Cade Cunningham,13,5
2025-01-08,BRK,DET,98,113,A,Tobias Harris,9,3
2025-01-08,BRK,DET,98,113,A,Tyrese Martin,12,10
2025-01-08,BRK,DET,98,113,A,Ron Holland,8,5
2025-01-08,BRK,DET,98,113,A,Tim Hardaway Jr.,10,3
2025-01-08,BRK,DET,98,113,A,Jalen Wilson,7,2
2025-01-08,BRK,DET,98,113,A,Keon Johnson,10,1
2025-01-08,BRK,DET,98,113,A,Reece Beekman,2,1
2025-01-08,BRK,DET,98,113,A,Ziaire Williams,11,5
2025-01-08,BRK,DET,98,113,A,Paul Reed,2,3
2025-01-08,BRK,DET,98,113,A,Wendell Moore Jr.,2,0
2025-01-08,BRK,DET,98,113,A,Bobi Klintman,0,2
2025-01-08,BRK,DET,98,113,A,Daniss Jenkins,0,0
2025-01-08,CHI,IND,113,129,A,Zach LaVine,31,4
2025-01-08,CHI,IND,113,129,A,Thomas Bryant,22,8
2025-01-08,CHI,IND,113,129,A,Pascal Siakam,26,6
2025-01-08,CHI,IND,113,129,A,Tyrese Haliburton,16,3
2025-01-08,CHI,IND,113,129,A,Jalen Smith,13,7
2025-01-08,CHI,IND,113,129,A,Andrew Nembhard,14,6
2025-01-08,CHI,IND,113,129,A,Coby White,19,2
2025-01-08,CHI,IND,113,129,A,Jarace Walker,12,2
2025-01-08,CHI,IND,113,129,A,Obi Toppin,12,5
2025-01-08,CHI,IND,113,129,A,Nikola Vučević,10,7
2025-01-08,CHI,IND,113,129,A,T.J. McConnell,6,2
2025-01-08,CHI,IND,113,129,A,Talen Horton-Tucker,8,0
2025-01-08,CHI,IND,113,129,A,Josh Giddey,9,5
2025-01-08,CHI,IND,113,129,A,Ben Sheppard,7,7
2025-01-08,CHI,IND,113,129,A,Bennedict Mathurin,8,3
2025-01-08,CHI,IND,113,129,A,Chris Duarte,5,3
2025-01-08,CHI,IND,113,129,A,Enrique Freeman,6,4
2025-01-08,CHI,IND,113,129,A,Lonzo Ball,5,3
2025-01-08,CHI,IND,113,129,A,Julian Phillips,6,2
2025-01-08,CHI,IND,113,129,A,Dalen Terry,2,1
2025-01-08,CHI,IND,113,129,A,Matas Buzelis,2,2
2025-01-08,CHI,IND,113,129,A,Jevon Carter,1,0
2025-01-08,CHI,IND,113,129,A,Johnny Furphy,0,0
2025-01-08,CHI,IND,113,129,A,Quenton Jackson,0,0
2025-01-08,CHI,IND,113,129,A,Patrick Williams,2,3
2025-01-08,DEN,LAC,126,103,H,Jamal Murray,21,3
2025-01-08,DEN,LAC,126,103,H,Norman Powell,30,4
2025-01-08,DEN,LAC,126,103,H,Michael Porter Jr.,19,8
2025-01-08,DEN,LAC,126,103,H,DeAndre Jordan,12,9
2025-01-08,DEN,LAC,126,103,H,Russell Westbrook,19,6
2025-01-08,DEN,LAC,126,103,H,Christian Braun,15,2
2025-01-08,DEN,LAC,126,103,H,Julian Strawther,16,4
2025-01-08,DEN,LAC,126,103,H,Ivica Zubac,10,8
2025-01-08,DEN,LAC,126,103,H,Kevin Porter Jr.,10,0
2025-01-08,DEN,LAC,126,103,H,Mo Bamba,4,8
2025-01-08,DEN,LAC,126,103,H,James Harden,16,3
2025-01-08,DEN,LAC,126,103,H,Kobe Brown,6,3
2025-01-08,DEN,LAC,126,103,H,Dario Šarić,7,7
2025-01-08,DEN,LAC,126,103,H,Jalen Pickett,6,0
2025-01-08,DEN,LAC,126,103,H,Bones Hyland,5,2
2025-01-08,DEN,LAC,126,103,H,Nicolas Batum,3,2
2025-01-08,DEN,LAC,126,103,H,Peyton Watson,9,4
2025-01-08,DEN,LAC,126,103,H,Jordan Miller,6,5
2025-01-08,DEN,LAC,126,103,H,Derrick Jones Jr.,4,2
2025-01-08,DEN,LAC,126,103,H,Kris Dunn,0,3
2025-01-08,DEN,LAC,126,103,H,Zeke Nnaji,2,0
2025-01-08,DEN,LAC,126,103,H,Amir Coffey,6,0
2025-01-08,DEN,LAC,126,103,H,Trey Alexander,0,1
2025-01-08,DEN,LAC,126,103,H,Terance Mann,3,0
2025-01-08,DEN,LAC,126,103,H,Hunter Tyson,0,1
2025-01-08,NOP,POR,100,119,A,Deni Avdija,26,6
2025-01-08,NOP,POR,100,119,A,Anfernee Simons,17,6
2025-01-08,NOP,POR,100,119,A,Dejounte Murray,20,3
2025-01-08,NOP,POR,100,119,A,Toumani Camara,15,3
2025-01-08,NOP,POR,100,119,A,Shaedon Sharpe,21,1
2025-01-08,NOP,POR,100,119,A,Deandre Ayton,11,13
2025-01-08,NOP,POR,100,119,A,CJ McCollum,23,2
2025-01-08,NOP,POR,100,119,A,Daniel Theis,6,6
2025-01-08,NOP,POR,100,119,A,Antonio Reeves,9,0
2025-01-08,NOP,POR,100,119,A,Jose Alvarado,9,3
2025-01-08,NOP,POR,100,119,A,Robert Williams,4,6
2025-01-08,NOP,POR,100,119,A,Yves Missi,2,7
2025-01-08,NOP,POR,100,119,A,Javonte Green,9,7
2025-01-08,NOP,POR,100,119,A,Karlo Matković,4,4
2025-01-08,NOP,POR,100,119,A,Scoot Henderson,13,2
2025-01-08,NOP,POR,100,119,A,Dalano Banton,4,1
2025-01-08,NOP,POR,100,119,A,Kris Murray,6,1
2025-01-08,NOP,POR,100,119,A,Jeremiah Robinson-Earl,2,4
2025-01-08,NOP,POR,100,119,A,Duop Reath,2,2
2025-01-08,NOP,POR,100,119,A,Jabari Walker,0,2
2025-01-08,NOP,POR,100,119,A,Rayan Rupert,0,1
2025-01-08,NOP,POR,100,119,A,Jordan Hawkins,10,1
2025-01-08,NOP,POR,100,119,A,Herbert Jones,0,0
2025-01-08,NOP,POR,100,119,A,Brandon Boston Jr.,6,4
2025-01-09,CLE,TOR,132,126,H,Darius Garland,40,2
2025-01-09,CLE,TOR,132,126,H,Jarrett Allen,18,15
2025-01-09,CLE,TOR,132,126,H,Evan Mobley,21,11
2025-01-09,CLE,TOR,132,126,H,Chris Boucher,23,12
2025-01-09,CLE,TOR,132,126,H,Jakob Poeltl,17,7
2025-01-09,CLE,TOR,132,126,H,Scottie Barnes,24,10
2025-01-09,CLE,TOR,132,126,H,Caris LeVert,18,3
2025-01-09,CLE,TOR,132,126,H,RJ Barrett,20,5
2025-01-09,CLE,TOR,132,126,H,Jamal Shead,15,0
2025-01-09,CLE,TOR,132,126,H,Max Strus,12,2
2025-01-09,CLE,TOR,132,126,H,Ty Jerome,8,2
2025-01-09,CLE,TOR,132,126,H,Immanuel Quickley,10,0
2025-01-09,CLE,TOR,132,126,H,Gradey Dick,11,1
2025-01-09,CLE,TOR,132,126,H,Dean Wade,5,5
2025-01-09,CLE,TOR,132,126,H,Davion Mitchell,2,2
2025-01-09,CLE,TOR,132,126,H,Georges Niang,8,0
2025-01-09,CLE,TOR,132,126,H,Ja'Kobe Walter,4,0
2025-01-09,CLE,TOR,132,126,H,Kelly Olynyk,0,0
2025-01-09,CLE,TOR,132,126,H,Sam Merrill,2,0
2025-01-09,CLE,TOR,132,126,H,Isaac Okoro,0,2
2025-01-09,DET,GSW,104,107,A,Cade Cunningham,32,6
2025-01-09,DET,GSW,104,107,A,Buddy Hield,19,5
2025-01-09,DET,GSW,104,107,A,Trayce Jackson-Davis,14,10
2025-01-09,DET,GSW,104,107,A,Kevon Looney,8,8
2025-01-09,DET,GSW,104,107,A,Tobias Harris,13,4
2025-01-09,DET,GSW,104,107,A,Gui Santos,13,5
2025-01-09,DET,GSW,104,107,A,Ausar Thompson,9,2
2025-01-09,DET,GSW,104,107,A,Stephen Curry,17,9
2025-01-09,DET,GSW,104,107,A,Jalen Duren,8,12
2025-01-09,DET,GSW,104,107,A,Malik Beasley,21,4
2025-01-09,DET,GSW,104,107,A,Dennis Schröder,13,0
2025-01-09,DET,GSW,104,107,A,Lindy Waters III,11,2
2025-01-09,DET,GSW,104,107,A,Kyle Anderson,4,5
2025-01-09,DET,GSW,104,107,A,Ron Holland,11,1
2025-01-09,DET,GSW,104,107,A,Isaiah Stewart,4,5
2025-01-09,DET,GSW,104,107,A,Draymond Green,7,5
2025-01-09,DET,GSW,104,107,A,Pat Spencer,1,0
2025-01-09,DET,GSW,104,107,A,Wendell Moore Jr.,0,0
2025-01-09,DET,GSW,104,107,A,Marcus Sasser,3,3
2025-01-09,DET,GSW,104,107,A,Simone Fontecchio,3,3
2025-01-09,HOU,MEM,119,115,H,Alperen Şengün,32,14
2025-01-09,HOU,MEM,119,115,H,Jaren Jackson Jr.,21,8
2025-01-09,HOU,MEM,119,115,H,Jalen Green,27,2
2025-01-09,HOU,MEM,119,115,H,Fred VanVleet,22,1
2025-01-09,HOU,MEM,119,115,H,Ja Morant,27,3
2025-01-09,HOU,MEM,119,115,H,Amen Thompson,10,7
2025-01-09,HOU,MEM,119,115,H,Desmond Bane,16,4
2025-01-09,HOU,MEM,119,115,H,Jae'Sean Tate,12,4
2025-01-09,HOU,MEM,119,115,H,Luke Kennard,11,0
2025-01-09,HOU,MEM,119,115,H,Brandon Clarke,8,4
2025-01-09,HOU,MEM,119,115,H,Santi Aldama,12,9
2025-01-09,HOU,MEM,119,115,H,Jake LaRavia,4,5
2025-01-09,HOU,MEM,119,115,H,Jay Huff,8,2
2025-01-09,HOU,MEM,119,115,H,Cam Whitmore,9,2
2025-01-09,HOU,MEM,119,115,H,Zach Edey,4,3
2025-01-09,HOU,MEM,119,115,H,Aaron Holiday,2,0
2025-01-09,HOU,MEM,119,115,H,Steven Adams,0,9
2025-01-09,HOU,MEM,119,115,H,Jaylen Wells,4,3
2025-01-09,HOU,MEM,119,115,H,Dillon Brooks,5,5
2025-01-09,HOU,MEM,119,115,H,Scotty Pippen Jr.,0,2
2025-01-09,DAL,POR,117,111,H,Dereck Lively II,21,16
2025-01-09,DAL,POR,117,111,H,P.J. Washington,23,14
2025-01-09,DAL,POR,117,111,H,Scoot Henderson,20,2
2025-01-09,DAL,POR,117,111,H,Jaden Hardy,25,0
2025-01-09,DAL,POR,117,111,H,Spencer Dinwiddie,17,5
2025-01-09,DAL,POR,117,111,H,Donovan Clingan,11,11
2025-01-09,DAL,POR,117,111,H,Shaedon Sharpe,22,8
2025-01-09,DAL,POR,117,111,H,Anfernee Simons,22,1
2025-01-09,DAL,POR,117,111,H,Quentin Grimes,13,4
2025-01-09,DAL,POR,117,111,H,Naji Marshall,11,2
2025-01-09,DAL,POR,117,111,H,Kris Murray,5,3
2025-01-09,DAL,POR,117,111,H,Dalano Banton,5,2
2025-01-09,DAL,POR,117,111,H,Deni Avdija,9,8
2025-01-09,DAL,POR,117,111,H,Deandre Ayton,6,6
2025-01-09,DAL,POR,117,111,H,Toumani Camara,11,2
2025-01-09,DAL,POR,117,111,H,Maxi Kleber,2,2
2025-01-09,DAL,POR,117,111,H,Olivier-Maxence Prosper,0,3
2025-01-09,DAL,POR,117,111,H,Daniel Gafford,2,4
2025-01-09,DAL,POR,117,111,H,Klay Thompson,3,3
2025-01-09,ATL,PHO,115,123,A,Bradley Beal,25,7
2025-01-09,ATL,PHO,115,123,A,Kevin Durant,23,2
2025-01-09,ATL,PHO,115,123,A,Grayson Allen,23,2
2025-01-09,ATL,PHO,115,123,A,Devin Booker,20,3
2025-01-09,ATL,PHO,115,123,A,Trae Young,21,2
2025-01-09,ATL,PHO,115,123,A,Bogdan Bogdanović,17,2
2025-01-09,ATL,PHO,115,123,A,Dyson Daniels,13,4
2025-01-09,ATL,PHO,115,123,A,Tyus Jones,16,2
2025-01-09,ATL,PHO,115,123,A,Vit Krejci,12,3
2025-01-09,ATL,PHO,115,123,A,Onyeka Okongwu,8,5
2025-01-09,ATL,PHO,115,123,A,Clint Capela,10,11
2025-01-09,ATL,PHO,115,123,A,David Roddy,11,0
2025-01-09,ATL,PHO,115,123,A,De'Andre Hunter,12,3
2025-01-09,ATL,PHO,115,123,A,Mason Plumlee,2,10
2025-01-09,ATL,PHO,115,123,A,Ryan Dunn,6,7
2025-01-09,ATL,PHO,115,123,A,Oso Ighodaro,4,5
2025-01-09,ATL,PHO,115,123,A,Josh Okogie,4,1
2025-01-09,ATL,PHO,115,123,A,Garrison Mathews,6,0
2025-01-09,ATL,PHO,115,123,A,Zaccharie Risacher,5,2
2025-01-09,ATL,PHO,115,123,A,Monte Morris,0,3
2025-01-09,MIA,UTA,97,92,H,Jaime Jaquez Jr.,20,7
2025-01-09,MIA,UTA,97,92,H,Tyler Herro,23,7
2025-01-09,MIA,UTA,97,92,H,Collin Sexton,23,1
2025-01-09,MIA,UTA,97,92,H,Bam Adebayo,15,7
2025-01-09,MIA,UTA,97,92,H,Walker Kessler,9,15
2025-01-09,MIA,UTA,97,92,H,Lauri Markkanen,23,5
2025-01-09,MIA,UTA,97,92,H,Kel'el Ware,8,7
2025-01-09,MIA,UTA,97,92,H,Isaiah Collier,8,3
2025-01-09,MIA,UTA,97,92,H,Nikola Jović,11,6
2025-01-09,MIA,UTA,97,92,H,Kyle Filipowski,4,11
2025-01-09,MIA,UTA,97,92,H,Drew Eubanks,6,4
2025-01-09,MIA,UTA,97,92,H,Cody Williams,5,0
2025-01-09,MIA,UTA,97,92,H,Alec Burks,6,7
2025-01-09,MIA,UTA,97,92,H,Patty Mills,9,1
2025-01-09,MIA,UTA,97,92,H,Terry Rozier,9,3
2025-01-09,MIA,UTA,97,92,H,Haywood Highsmith,5,2
2025-01-09,MIA,UTA,97,92,H,Johnny Juzang,5,6
2025-01-09,MIA,UTA,97,92,H,Micah Potter,0,3
2025-01-09,MIA,UTA,97,92,H,Duncan Robinson,0,3
2025-01-09,MIN,ORL,104,89,H,Julius Randle,23,10
2025-01-09,MIN,ORL,104,89,H,Goga Bitadze,15,8
2025-01-09,MIN,ORL,104,89,H,Naz Reid,16,3
2025-01-09,MIN,ORL,104,89,H,Anthony Edwards,21,3
2025-01-09,MIN,ORL,104,89,H,Rudy Gobert,10,12
2025-01-09,MIN,ORL,104,89,H,Kentavious Caldwell-Pope,13,1
2025-01-09,MIN,ORL,104,89,H,Donte DiVincenzo,12,2
2025-01-09,MIN,ORL,104,89,H,Mike Conley,9,4
2025-01-09,MIN,ORL,104,89,H,Caleb Houstan,14,1
2025-01-09,MIN,ORL,104,89,H,Cole Anthony,12,3
2025-01-09,MIN,ORL,104,89,H,Jaden McDaniels,7,8
2025-01-09,MIN,ORL,104,89,H,Jett Howard,10,8
2025-01-09,MIN,ORL,104,89,H,Jonathan Isaac,4,7
2025-01-09,MIN,ORL,104,89,H,Tristan Da Silva,6,9
2025-01-09,MIN,ORL,104,89,H,Luka Garza,4,0
2025-01-09,MIN,ORL,104,89,H,Nickeil Alexander-Walker,2,6
2025-01-09,MIN,ORL,104,89,H,Wendell Carter Jr.,8,6
2025-01-09,MIN,ORL,104,89,H,Cory Joseph,1,0
2025-01-09,MIN,ORL,104,89,H,Leonard Miller,0,2
2025-01-09,MIN,ORL,104,89,H,Anthony Black,3,0
2025-01-09,MIN,ORL,104,89,H,Trevelin Queen,3,4
2025-01-09,MIN,ORL,104,89,H,Jaylen Clark,0,0
2025-01-09,MIN,ORL,104,89,H,Josh Minott,0,0
2025-01-10,BRK,DEN,105,124,A,Nikola Jokić,35,12
2025-01-10,BRK,DEN,105,124,A,Russell Westbrook,25,11
2025-01-10,BRK,DEN,105,124,A,Michael Porter Jr.,17,6
2025-01-10,BRK,DEN,105,124,A,Keon Johnson,22,4
2025-01-10,BRK,DEN,105,124,A,Tyrese Martin,19,4
2025-01-10,BRK,DEN,105,124,A,Noah Clowney,14,5
2025-01-10,BRK,DEN,105,124,A,Nic Claxton,10,6
2025-01-10,BRK,DEN,105,124,A,Peyton Watson,10,7
2025-01-10,BRK,DEN,105,124,A,Christian Braun,11,7
2025-01-10,BRK,DEN,105,124,A,Ben Simmons,10,4
2025-01-10,BRK,DEN,105,124,A,Ziaire Williams,10,5
2025-01-10,BRK,DEN,105,124,A,Day'Ron Sharpe,7,5
2025-01-10,BRK,DEN,105,124,A,Tosan Evbuomwan,10,2
2025-01-10,BRK,DEN,105,124,A,Julian Strawther,12,1
2025-01-10,BRK,DEN,105,124,A,Jamal Murray,7,0
2025-01-10,BRK,DEN,105,124,A,Reece Beekman,3,1
2025-01-10,BRK,DEN,105,124,A,Jalen Pickett,5,1
2025-01-10,BRK,DEN,105,124,A,DeAndre Jordan,2,4
2025-01-10,BRK,DEN,105,124,A,Hunter Tyson,0,0
2025-01-10,BRK,DEN,105,124,A,Jalen Wilson,0,3
2025-01-10,MIL,ORL,109,106,H,Giannis Antetokounmpo,41,14
2025-01-10,MIL,ORL,109,106,H,Paolo Banchero,34,7
2025-01-10,MIL,ORL,109,106,H,Damian Lillard,29,4
2025-01-10,MIL,ORL,109,106,H,Cole Anthony,18,7
2025-01-10,MIL,ORL,109,106,H,Tristan Da Silva,16,10
2025-01-10,MIL,ORL,109,106,H,Anthony Black,15,2
2025-01-10,MIL,ORL,109,106,H,Khris Middleton,11,3
2025-01-10,MIL,ORL,109,106,H,Jonathan Isaac,9,4
2025-01-10,MIL,ORL,109,106,H,Bobby Portis,11,7
2025-01-10,MIL,ORL,109,106,H,Brook Lopez,8,3
2025-01-10,MIL,ORL,109,106,H,Taurean Prince,6,1
2025-01-10,MIL,ORL,109,106,H,Goga Bitadze,4,5
2025-01-10,MIL,ORL,109,106,H,Caleb Houstan,5,3
2025-01-10,MIL,ORL,109,106,H,Wendell Carter Jr.,2,5
2025-01-10,MIL,ORL,109,106,H,Kentavious Caldwell-Pope,3,1
2025-01-10,MIL,ORL,109,106,H,Gary Trent Jr.,3,3
2025-01-10,MIL,ORL,109,106,H,Andre Jackson Jr.,0,5
2025-01-10,MIL,ORL,109,106,H,Jett Howard,0,0
2025-01-10,MIL,ORL,109,106,H,A.J. Green,0,3
2025-01-10,MIL,ORL,109,106,H,Trevelin Queen,0,0
2025-01-10,NYK,OKC,101,126,A,Shai Gilgeous-Alexander,39,3
2025-01-10,NYK,OKC,101,126,A,Isaiah Joe,31,1
2025-01-10,NYK,OKC,101,126,A,Josh Hart,16,13
2025-01-10,NYK,OKC,101,126,A,Jalen Brunson,27,1
2025-01-10,NYK,OKC,101,126,A,Karl-Anthony Towns,23,10
2025-01-10,NYK,OKC,101,126,A,Jalen Williams,19,4
2025-01-10,NYK,OKC,101,126,A,Aaron Wiggins,8,5
2025-01-10,NYK,OKC,101,126,A,Miles McBride,7,5
2025-01-10,NYK,OKC,101,126,A,Cameron Payne,11,2
2025-01-10,NYK,OKC,101,126,A,Luguentz Dort,6,5
2025-01-10,NYK,OKC,101,126,A,Isaiah Hartenstein,6,9
2025-01-10,NYK,OKC,101,126,A,Cason Wallace,6,2
2025-01-10,NYK,OKC,101,126,A,Jaylin Williams,3,10
2025-01-10,NYK,OKC,101,126,A,Branden Carlson,3,0
2025-01-10,NYK,OKC,101,126,A,Ariel Hukporti,2,2
2025-01-10,NYK,OKC,101,126,A,Tyler Kolek,2,0
2025-01-10,NYK,OKC,101,126,A,Jacob Toppin,2,3
2025-01-10,NYK,OKC,101,126,A,Precious Achiuwa,2,1
2025-01-10,NYK,OKC,101,126,A,Kenrich Williams,5,7
2025-01-10,NYK,OKC,101,126,A,Matt Ryan,2,1
2025-01-10,NYK,OKC,101,126,A,Landry Shamet,3,1
2025-01-10,NYK,OKC,101,126,A,Alex Ducas,0,0
2025-01-10,NYK,OKC,101,126,A,OG Anunoby,4,3
2025-01-10,NYK,OKC,101,126,A,Mikal Bridges,0,1
2025-01-10,NOP,PHI,123,115,H,Tyrese Maxey,30,6
2025-01-10,NOP,PHI,123,115,H,CJ McCollum,38,3
2025-01-10,NOP,PHI,123,115,H,Paul George,25,11
2025-01-10,NOP,PHI,123,115,H,Jordan Hawkins,21,2
2025-01-10,NOP,PHI,123,115,H,Jose Alvarado,13,2
2025-01-10,NOP,PHI,123,115,H,Kelly Oubre Jr.,21,7
2025-01-10,NOP,PHI,123,115,H,Daniel Theis,12,4
2025-01-10,NOP,PHI,123,115,H,Ricky Council IV,13,1
2025-01-10,NOP,PHI,123,115,H,Javonte Green,2,7
2025-01-10,NOP,PHI,123,115,H,Dejounte Murray,17,10
2025-01-10,NOP,PHI,123,115,H,Brandon Boston Jr.,11,2
2025-01-10,NOP,PHI,123,115,H,Yves Missi,9,7
2025-01-10,NOP,PHI,123,115,H,Caleb Martin,5,3
2025-01-10,NOP,PHI,123,115,H,Eric Gordon,6,2
2025-01-10,NOP,PHI,123,115,H,Jeremiah Robinson-Earl,0,7
2025-01-10,NOP,PHI,123,115,H,Guerschon Yabusele,6,7
2025-01-10,NOP,PHI,123,115,H,Reggie Jackson,7,2
2025-01-10,NOP,PHI,123,115,H,Jeff Dowtin,2,1
2025-01-10,NOP,PHI,123,115,H,Adem Bona,0,2
2025-01-10,CHI,WAS,138,105,H,Nikola Vučević,23,13
2025-01-10,CHI,WAS,138,105,H,Zach LaVine,33,5
2025-01-10,CHI,WAS,138,105,H,Jalen Smith,15,6
2025-01-10,CHI,WAS,138,105,H,Josh Giddey,12,13
2025-01-10,CHI,WAS,138,105,H,Jared Butler,18,6
2025-01-10,CHI,WAS,138,105,H,Lonzo Ball,12,1
2025-01-10,CHI,WAS,138,105,H,Jordan Poole,22,2
2025-01-10,CHI,WAS,138,105,H,Justin Champagnie,11,2
2025-01-10,CHI,WAS,138,105,H,Coby White,15,4
2025-01-10,CHI,WAS,138,105,H,Talen Horton-Tucker,12,3
2025-01-10,CHI,WAS,138,105,H,Kyshawn George,12,4
2025-01-10,CHI,WAS,138,105,H,Matas Buzelis,8,3
2025-01-10,CHI,WAS,138,105,H,Bilal Coulibaly,7,2
2025-01-10,CHI,WAS,138,105,H,Alex Sarr,11,11
2025-01-10,CHI,WAS,138,105,H,Jevon Carter,4,1
2025-01-10,CHI,WAS,138,105,H,Johnny Davis,5,0
2025-01-10,CHI,WAS,138,105,H,Jonas Valančiūnas,6,9
2025-01-10,CHI,WAS,138,105,H,Patrick Baldwin Jr.,3,1
2025-01-10,CHI,WAS,138,105,H,Kyle Kuzma,5,5
2025-01-10,CHI,WAS,138,105,H,Carlton Carrington,2,1
2025-01-10,CHI,WAS,138,105,H,Richaun Holmes,3,1
2025-01-10,CHI,WAS,138,105,H,Julian Phillips,2,2
2025-01-10,CHI,WAS,138,105,H,Anthony Gill,0,0
2025-01-10,CHI,WAS,138,105,H,Chris Duarte,0,0
2025-01-10,CHI,WAS,138,105,H,Patrick Williams,2,3
2025-01-10,CHI,WAS,138,105,H,Dalen Terry,0,1
2025-01-10,CHI,WAS,138,105,H,Corey Kispert,0,1
2025-01-10,GSW,IND,96,108,A,Tyrese Haliburton,25,2
2025-01-10,GSW,IND,96,108,A,Pascal Siakam,25,9
2025-01-10,GSW,IND,96,108,A,Bennedict Mathurin,21,10
2025-01-10,GSW,IND,96,108,A,Trayce Jackson-Davis,9,10
2025-01-10,GSW,IND,96,108,A,Gui Santos,11,3
2025-01-10,GSW,IND,96,108,A,Myles Turner,11,8
2025-01-10,GSW,IND,96,108,A,Kyle Anderson,8,7
2025-01-10,GSW,IND,96,108,A,Pat Spencer,17,3
2025-01-10,GSW,IND,96,108,A,Thomas Bryant,5,4
2025-01-10,GSW,IND,96,108,A,T.J. McConnell,10,2
2025-01-10,GSW,IND,96,108,A,Buddy Hield,17,4
2025-01-10,GSW,IND,96,108,A,Dennis Schröder,12,2
2025-01-10,GSW,IND,96,108,A,Andrew Nembhard,4,4
2025-01-10,GSW,IND,96,108,A,Kevon Looney,2,7
2025-01-10,GSW,IND,96,108,A,Quinten Post,6,0
2025-01-10,GSW,IND,96,108,A,Moses Moody,7,1
2025-01-10,GSW,IND,96,108,A,Lindy Waters III,7,5
2025-01-10,GSW,IND,96,108,A,Obi Toppin,2,4
2025-01-10,GSW,IND,96,108,A,Ben Sheppard,5,2
2025-01-10,GSW,IND,96,108,A,Johnny Furphy,0,0
2025-01-10,GSW,IND,96,108,A,James Johnson,0,0
2025-01-10,GSW,IND,96,108,A,RayJ Dennis,0,0
2025-01-10,GSW,IND,96,108,A,Jarace Walker,0,3
2025-01-10,BOS,SAC,97,114,A,Domantas Sabonis,23,28
2025-01-10,BOS,SAC,97,114,A,Jaylen Brown,28,1
2025-01-10,BOS,SAC,97,114,A,Keegan Murray,19,3
2025-01-10,BOS,SAC,97,114,A,Kristaps Porziņģis,22,10
2025-01-10,BOS,SAC,97,114,A,DeMar DeRozan,24,4
2025-01-10,BOS,SAC,97,114,A,Malik Monk,22,3
2025-01-10,BOS,SAC,97,114,A,Trey Lyles,7,11
2025-01-10,BOS,SAC,97,114,A,Luke Kornet,6,6
2025-01-10,BOS,SAC,97,114,A,Keon Ellis,6,3
2025-01-10,BOS,SAC,97,114,A,Devin Carter,11,4
2025-01-10,BOS,SAC,97,114,A,Jrue Holiday,5,5
2025-01-10,BOS,SAC,97,114,A,Jayson Tatum,15,12
2025-01-10,BOS,SAC,97,114,A,Sam Hauser,7,2
2025-01-10,BOS,SAC,97,114,A,Payton Pritchard,9,2
2025-01-10,BOS,SAC,97,114,A,Derrick White,3,1
2025-01-10,BOS,SAC,97,114,A,Al Horford,2,4
2025-01-10,BOS,SAC,97,114,A,Kevin Huerter,2,0
2025-01-10,BOS,SAC,97,114,A,Neemias Queta,0,0
2025-01-10,BOS,SAC,97,114,A,Xavier Tillman Sr.,0,0
2025-01-10,BOS,SAC,97,114,A,Jaden Springer,0,0
2025-01-11,PHO,UTA,114,106,H,Devin Booker,34,5
2025-01-11,PHO,UTA,114,106,H,Walker Kessler,16,13
2025-01-11,PHO,UTA,114,106,H,Kevin Durant,25,5
2025-01-11,PHO,UTA,114,106,H,Lauri Markkanen,24,4
2025-01-11,PHO,UTA,114,106,H,Grayson Allen,14,4
2025-01-11,PHO,UTA,114,106,H,Collin Sexton,20,4
2025-01-11,PHO,UTA,114,106,H,Oso Ighodaro,9,2
2025-01-11,PHO,UTA,114,106,H,Svi Mykhailiuk,13,4
2025-01-11,PHO,UTA,114,106,H,Ryan Dunn,10,5
2025-01-11,PHO,UTA,114,106,H,Cody Williams,13,2
2025-01-11,PHO,UTA,114,106,H,Bradley Beal,12,2
2025-01-11,PHO,UTA,114,106,H,Mason Plumlee,6,10
2025-01-11,PHO,UTA,114,106,H,Isaiah Collier,5,3
2025-01-11,PHO,UTA,114,106,H,Micah Potter,5,1
2025-01-11,PHO,UTA,114,106,H,Drew Eubanks,4,11
2025-01-11,PHO,UTA,114,106,H,Josh Okogie,2,2
2025-01-11,PHO,UTA,114,106,H,Monte Morris,2,0
2025-01-11,PHO,UTA,114,106,H,Kyle Filipowski,4,2
2025-01-11,PHO,UTA,114,106,H,Elijah Harkless,0,4
2025-01-11,PHO,UTA,114,106,H,Tyus Jones,0,3
2025-01-11,PHO,UTA,114,106,H,Patty Mills,2,2
2025-01-11,MEM,MIN,127,125,H,Donte DiVincenzo,27,10
2025-01-11,MEM,MIN,127,125,H,Jaren Jackson Jr.,33,8
2025-01-11,MEM,MIN,127,125,H,Jaden McDaniels,21,6
2025-01-11,MEM,MIN,127,125,H,Desmond Bane,21,5
2025-01-11,MEM,MIN,127,125,H,Naz Reid,19,6
2025-01-11,MEM,MIN,127,125,H,Julius Randle,18,8
2025-01-11,MEM,MIN,127,125,H,Rudy Gobert,12,4
2025-01-11,MEM,MIN,127,125,H,Luke Kennard,11,5
2025-01-11,MEM,MIN,127,125,H,Jaylen Wells,13,2
2025-01-11,MEM,MIN,127,125,H,Brandon Clarke,10,4
2025-01-11,MEM,MIN,127,125,H,Zach Edey,8,9
2025-01-11,MEM,MIN,127,125,H,Santi Aldama,11,1
2025-01-11,MEM,MIN,127,125,H,Scotty Pippen Jr.,5,3
2025-01-11,MEM,MIN,127,125,H,Anthony Edwards,15,5
2025-01-11,MEM,MIN,127,125,H,Nickeil Alexander-Walker,8,2
2025-01-11,MEM,MIN,127,125,H,Josh Minott,2,0
2025-01-11,MEM,MIN,127,125,H,Jake LaRavia,3,2
2025-01-11,MEM,MIN,127,125,H,Mike Conley,3,0
2025-01-11,MEM,MIN,127,125,H,Ja Morant,12,5
2025-01-11,MEM,MIN,127,125,H,Jay Huff,0,2
2025-01-11,MIA,POR,119,98,H,Tyler Herro,32,5
2025-01-11,MIA,POR,119,98,H,Nikola Jović,21,8
2025-01-11,MIA,POR,119,98,H,Haywood Highsmith,14,3
2025-01-11,MIA,POR,119,98,H,Anfernee Simons,28,4
2025-01-11,MIA,POR,119,98,H,Deni Avdija,15,12
2025-01-11,MIA,POR,119,98,H,Bam Adebayo,13,11
2025-01-11,MIA,POR,119,98,H,Donovan Clingan,8,10
2025-01-11,MIA,POR,119,98,H,Kris Murray,10,3
2025-01-11,MIA,POR,119,98,H,Shaedon Sharpe,22,3
2025-01-11,MIA,POR,119,98,H,Jaime Jaquez Jr.,11,5
2025-01-11,MIA,POR,119,98,H,Toumani Camara,6,10
2025-01-11,MIA,POR,119,98,H,Terry Rozier,11,2
2025-01-11,MIA,POR,119,98,H,Kel'el Ware,7,4
2025-01-11,MIA,POR,119,98,H,Duncan Robinson,8,2
2025-01-11,MIA,POR,119,98,H,Justin Minaya,0,2
2025-01-11,MIA,POR,119,98,H,Jabari Walker,3,0
2025-01-11,MIA,POR,119,98,H,Pelle Larsson,2,2
2025-01-11,MIA,POR,119,98,H,Alec Burks,0,0
2025-01-11,MIA,POR,119,98,H,Josh Christopher,0,0
2025-01-11,MIA,POR,119,98,H,Dalano Banton,0,1
2025-01-11,MIA,POR,119,98,H,Keshad Johnson,0,1
2025-01-11,MIA,POR,119,98,H,Scoot Henderson,3,3
2025-01-11,MIA,POR,119,98,H,Bryce McGowens,0,0
2025-01-11,MIA,POR,119,98,H,Duop Reath,3,3
2025-01-11,MIA,POR,119,98,H,Rayan Rupert,0,0
2025-01-11,DET,TOR,123,114,H,Tim Hardaway Jr.,27,3
2025-01-11,DET,TOR,123,114,H,Cade Cunningham,22,10
2025-01-11,DET,TOR,123,114,H,Scottie Barnes,16,12
2025-01-11,DET,TOR,123,114,H,Bruce Brown,14,5
2025-01-11,DET,TOR,123,114,H,Immanuel Quickley,25,2
2025-01-11,DET,TOR,123,114,H,Tobias Harris,17,7
2025-01-11,DET,TOR,123,114,H,Jamal Shead,10,0
2025-01-11,DET,TOR,123,114,H,Chris Boucher,14,3
2025-01-11,DET,TOR,123,114,H,Malik Beasley,18,3
2025-01-11,DET,TOR,123,114,H,Jalen Duren,10,9
2025-01-11,DET,TOR,123,114,H,Jakob Poeltl,8,12
2025-01-11,DET,TOR,123,114,H,Isaiah Stewart,6,3
2025-01-11,DET,TOR,123,114,H,Gradey Dick,13,3
2025-01-11,DET,TOR,123,114,H,Ausar Thompson,6,4
2025-01-11,DET,TOR,123,114,H,Simone Fontecchio,9,3
2025-01-11,DET,TOR,123,114,H,Kelly Olynyk,4,2
2025-01-11,DET,TOR,123,114,H,Marcus Sasser,5,0
2025-01-11,DET,TOR,123,114,H,Ron Holland,3,4
2025-01-11,DET,TOR,123,114,H,Ja'Kobe Walter,0,0
2025-01-11,DET,TOR,123,114,H,RJ Barrett,10,6
2025-01-12,MIL,NYK,106,140,A,Jalen Brunson,44,5
2025-01-12,MIL,NYK,106,140,A,Karl-Anthony Towns,30,18
2025-01-12,MIL,NYK,106,140,A,Khris Middleton,16,0
2025-01-12,MIL,NYK,106,140,A,Cameron Payne,18,2
2025-01-12,MIL,NYK,106,140,A,Giannis Antetokounmpo,24,13
2025-01-12,MIL,NYK,106,140,A,Josh Hart,11,11
2025-01-12,MIL,NYK,106,140,A,Damian Lillard,22,3
2025-01-12,MIL,NYK,106,140,A,Andre Jackson Jr.,9,3
2025-01-12,MIL,NYK,106,140,A,Pat Connaughton,8,5
2025-01-12,MIL,NYK,106,140,A,Mikal Bridges,6,2
2025-01-12,MIL,NYK,106,140,A,Matt Ryan,8,1
2025-01-12,MIL,NYK,106,140,A,Precious Achiuwa,4,3
2025-01-12,MIL,NYK,106,140,A,Bobby Portis,8,4
2025-01-12,MIL,NYK,106,140,A,MarJon Beauchamp,5,2
2025-01-12,MIL,NYK,106,140,A,Taurean Prince,3,2
2025-01-12,MIL,NYK,106,140,A,Brook Lopez,5,1
2025-01-12,MIL,NYK,106,140,A,OG Anunoby,11,1
2025-01-12,MIL,NYK,106,140,A,A.J. Green,6,2
2025-01-12,MIL,NYK,106,140,A,Miles McBride,6,0
2025-01-12,MIL,NYK,106,140,A,Tyler Kolek,0,1
2025-01-12,MIL,NYK,106,140,A,Ariel Hukporti,0,4
2025-01-12,MIL,NYK,106,140,A,Jacob Toppin,2,1
2025-01-12,MIL,NYK,106,140,A,Landry Shamet,0,0
2025-01-12,MIL,NYK,106,140,A,Delon Wright,0,1
2025-01-12,MIL,NYK,106,140,A,Liam Robbins,0,1
2025-01-12,MIL,NYK,106,140,A,Stanley Umude,0,2
2025-01-12,CHI,SAC,119,124,A,Zach LaVine,36,10
2025-01-12,CHI,SAC,119,124,A,Domantas Sabonis,22,15
2025-01-12,CHI,SAC,119,124,A,De'Aaron Fox,26,9
2025-01-12,CHI,SAC,119,124,A,Malik Monk,18,8
2025-01-12,CHI,SAC,119,124,A,Lonzo Ball,15,1
2025-01-12,CHI,SAC,119,124,A,Josh Giddey,12,11
2025-01-12,CHI,SAC,119,124,A,Nikola Vučević,18,7
2025-01-12,CHI,SAC,119,124,A,DeMar DeRozan,21,0
2025-01-12,CHI,SAC,119,124,A,Keegan Murray,14,5
2025-01-12,CHI,SAC,119,124,A,Kevin Huerter,7,3
2025-01-12,CHI,SAC,119,124,A,Patrick Williams,8,5
2025-01-12,CHI,SAC,119,124,A,Keon Ellis,8,2
2025-01-12,CHI,SAC,119,124,A,Jalen Smith,9,5
2025-01-12,CHI,SAC,119,124,A,Talen Horton-Tucker,10,2
2025-01-12,CHI,SAC,119,124,A,Matas Buzelis,5,2
2025-01-12,CHI,SAC,119,124,A,Trey Lyles,6,8
2025-01-12,CHI,SAC,119,124,A,Devin Carter,2,3
2025-01-12,CHI,SAC,119,124,A,Julian Phillips,4,1
2025-01-12,CHI,SAC,119,124,A,Dalen Terry,2,1
2025-01-12,CHO,PHO,113,120,A,Devin Booker,30,5
2025-01-12,CHO,PHO,113,120,A,Mark Williams,24,16
2025-01-12,CHO,PHO,113,120,A,LaMelo Ball,25,6
2025-01-12,CHO,PHO,113,120,A,Kevin Durant,27,8
2025-01-12,CHO,PHO,113,120,A,Miles Bridges,21,5
2025-01-12,CHO,PHO,113,120,A,Ryan Dunn,11,6
2025-01-12,CHO,PHO,113,120,A,Brandon Miller,19,4
2025-01-12,CHO,PHO,113,120,A,Bradley Beal,15,3
2025-01-12,CHO,PHO,113,120,A,Grayson Allen,13,1
2025-01-12,CHO,PHO,113,120,A,Oso Ighodaro,10,6
2025-01-12,CHO,PHO,113,120,A,Nick Richards,4,5
2025-01-12,CHO,PHO,113,120,A,Cody Martin,5,3
2025-01-12,CHO,PHO,113,120,A,Josh Green,2,7
2025-01-12,CHO,PHO,113,120,A,Royce O'Neale,9,4
2025-01-12,CHO,PHO,113,120,A,Vasilije Micić,5,1
2025-01-12,CHO,PHO,113,120,A,Mason Plumlee,2,5
2025-01-12,CHO,PHO,113,120,A,Tyus Jones,3,1
2025-01-12,CHO,PHO,113,120,A,Nick Smith Jr.,8,3
2025-01-12,CHO,PHO,113,120,A,Tidjane Salaün,0,2
2025-01-12,BOS,NOP,120,119,H,Jayson Tatum,38,11
2025-01-12,BOS,NOP,120,119,H,Dejounte Murray,26,9
2025-01-12,BOS,NOP,120,119,H,Trey Murphy III,30,6
2025-01-12,BOS,NOP,120,119,H,Kristaps Porziņģis,19,11
2025-01-12,BOS,NOP,120,119,H,Zion Williamson,16,7
2025-01-12,BOS,NOP,120,119,H,Jaylen Brown,16,8
2025-01-12,BOS,NOP,120,119,H,Al Horford,11,7
2025-01-12,BOS,NOP,120,119,H,Javonte Green,10,4
2025-01-12,BOS,NOP,120,119,H,Jrue Holiday,8,4
2025-01-12,BOS,NOP,120,119,H,Payton Pritchard,11,1
2025-01-12,BOS,NOP,120,119,H,CJ McCollum,13,4
2025-01-12,BOS,NOP,120,119,H,Luke Kornet,8,7
2025-01-12,BOS,NOP,120,119,H,Yves Missi,7,4
2025-01-12,BOS,NOP,120,119,H,Jose Alvarado,9,0
2025-01-12,BOS,NOP,120,119,H,Daniel Theis,6,6
2025-01-12,BOS,NOP,120,119,H,Derrick White,6,4
2025-01-12,BOS,NOP,120,119,H,Sam Hauser,3,2
2025-01-12,BOS,NOP,120,119,H,Jordan Hawkins,2,1
2025-01-12,BOS,NOP,120,119,H,Brandon Boston Jr.,0,1
2025-01-12,OKC,WAS,136,95,H,Aaron Wiggins,23,9
2025-01-12,OKC,WAS,136,95,H,Shai Gilgeous-Alexander,27,7
2025-01-12,OKC,WAS,136,95,H,Cason Wallace,14,2
2025-01-12,OKC,WAS,136,95,H,Jaylin Williams,9,9
2025-01-12,OKC,WAS,136,95,H,Isaiah Hartenstein,10,12
2025-01-12,OKC,WAS,136,95,H,Corey Kispert,17,0
2025-01-12,OKC,WAS,136,95,H,Alex Sarr,10,6
2025-01-12,OKC,WAS,136,95,H,Jalen Williams,17,6
2025-01-12,OKC,WAS,136,95,H,Luguentz Dort,11,2
2025-01-12,OKC,WAS,136,95,H,Jonas Valančiūnas,11,8
2025-01-12,OKC,WAS,136,95,H,Jared Butler,6,4
2025-01-12,OKC,WAS,136,95,H,Kyshawn George,8,2
2025-01-12,OKC,WAS,136,95,H,Bilal Coulibaly,10,5
2025-01-12,OKC,WAS,136,95,H,Alex Ducas,3,0
2025-01-12,OKC,WAS,136,95,H,Branden Carlson,5,3
2025-01-12,OKC,WAS,136,95,H,Kenrich Williams,10,4
2025-01-12,OKC,WAS,136,95,H,Jordan Poole,13,3
2025-01-12,OKC,WAS,136,95,H,Carlton Carrington,5,7
2025-01-12,OKC,WAS,136,95,H,Anthony Gill,4,0
2025-01-12,OKC,WAS,136,95,H,Patrick Baldwin Jr.,3,0
2025-01-12,OKC,WAS,136,95,H,Justin Champagnie,2,2
2025-01-12,OKC,WAS,136,95,H,Isaiah Joe,7,2
2025-01-12,OKC,WAS,136,95,H,Johnny Davis,0,0
2025-01-12,OKC,WAS,136,95,H,Kyle Kuzma,6,2
2025-01-12,DAL,DEN,101,112,A,Nikola Jokić,19,18
2025-01-12,DAL,DEN,101,112,A,Klay Thompson,25,6
2025-01-12,DAL,DEN,101,112,A,Russell Westbrook,21,10
2025-01-12,DAL,DEN,101,112,A,Dereck Lively II,14,6
2025-01-12,DAL,DEN,101,112,A,Naji Marshall,16,6
2025-01-12,DAL,DEN,101,112,A,Spencer Dinwiddie,16,4
2025-01-12,DAL,DEN,101,112,A,Aaron Gordon,13,6
2025-01-12,DAL,DEN,101,112,A,Peyton Watson,10,6
2025-01-12,DAL,DEN,101,112,A,Michael Porter Jr.,13,4
2025-01-12,DAL,DEN,101,112,A,DeAndre Jordan,6,5
2025-01-12,DAL,DEN,101,112,A,P.J. Washington,8,5
2025-01-12,DAL,DEN,101,112,A,Jamal Murray,17,2
2025-01-12,DAL,DEN,101,112,A,Christian Braun,8,4
2025-01-12,DAL,DEN,101,112,A,Daniel Gafford,8,3
2025-01-12,DAL,DEN,101,112,A,Maxi Kleber,6,3
2025-01-12,DAL,DEN,101,112,A,Jaden Hardy,5,0
2025-01-12,DAL,DEN,101,112,A,Julian Strawther,5,0
2025-01-12,DAL,DEN,101,112,A,Olivier-Maxence Prosper,0,0
2025-01-12,DAL,DEN,101,112,A,Quentin Grimes,3,4
2025-01-12,ORL,PHI,104,99,H,Cole Anthony,27,3
2025-01-12,ORL,PHI,104,99,H,Jonathan Isaac,20,11
2025-01-12,ORL,PHI,104,99,H,Tyrese Maxey,29,4
2025-01-12,ORL,PHI,104,99,H,Paul George,25,10
2025-01-12,ORL,PHI,104,99,H,Paolo Banchero,20,8
2025-01-12,ORL,PHI,104,99,H,Eric Gordon,14,4
2025-01-12,ORL,PHI,104,99,H,Anthony Black,17,6
2025-01-12,ORL,PHI,104,99,H,Kelly Oubre Jr.,12,4
2025-01-12,ORL,PHI,104,99,H,Trevelin Queen,4,5
2025-01-12,ORL,PHI,104,99,H,Goga Bitadze,4,2
2025-01-12,ORL,PHI,104,99,H,Guerschon Yabusele,8,3
2025-01-12,ORL,PHI,104,99,H,Justin Edwards,7,2
2025-01-12,ORL,PHI,104,99,H,Reggie Jackson,4,0
2025-01-12,ORL,PHI,104,99,H,Cory Joseph,3,1
2025-01-12,ORL,PHI,104,99,H,Wendell Carter Jr.,4,4
2025-01-12,ORL,PHI,104,99,H,Adem Bona,0,0
2025-01-12,ORL,PHI,104,99,H,Ricky Council IV,0,1
2025-01-12,ORL,PHI,104,99,H,Tristan Da Silva,0,0
2025-01-12,ORL,PHI,104,99,H,Jeff Dowtin,0,1
2025-01-12,ORL,PHI,104,99,H,Caleb Houstan,5,1
2025-01-12,BRK,UTA,111,112,A,Isaiah Collier,23,7
2025-01-12,BRK,UTA,111,112,A,Tosan Evbuomwan,22,5
2025-01-12,BRK,UTA,111,112,A,Ben Simmons,14,6
2025-01-12,BRK,UTA,111,112,A,Collin Sexton,21,3
2025-01-12,BRK,UTA,111,112,A,Ziaire Williams,19,6
2025-01-12,BRK,UTA,111,112,A,Nic Claxton,14,12
2025-01-12,BRK,UTA,111,112,A,Svi Mykhailiuk,16,1
2025-01-12,BRK,UTA,111,112,A,Kyle Filipowski,12,5
2025-01-12,BRK,UTA,111,112,A,Drew Eubanks,8,9
2025-01-12,BRK,UTA,111,112,A,Day'Ron Sharpe,12,4
2025-01-12,BRK,UTA,111,112,A,Tyrese Martin,11,8
2025-01-12,BRK,UTA,111,112,A,Brice Sensabaugh,16,1
2025-01-12,BRK,UTA,111,112,A,Keon Johnson,8,4
2025-01-12,BRK,UTA,111,112,A,Jalen Wilson,7,3
2025-01-12,BRK,UTA,111,112,A,Oscar Tshiebwe,3,5
2025-01-12,BRK,UTA,111,112,A,Micah Potter,5,5
2025-01-12,BRK,UTA,111,112,A,Reece Beekman,4,1
2025-01-12,BRK,UTA,111,112,A,Cody Williams,5,2
2025-01-12,BRK,UTA,111,112,A,Elijah Harkless,3,3
2025-01-12,BRK,UTA,111,112,A,Noah Clowney,0,5
2025-01-12,CLE,IND,93,108,A,Evan Mobley,16,12
2025-01-12,CLE,IND,93,108,A,Andrew Nembhard,19,2
2025-01-12,CLE,IND,93,108,A,Jarace Walker,8,12
2025-01-12,CLE,IND,93,108,A,Jarrett Allen,11,9
2025-01-12,CLE,IND,93,108,A,Pascal Siakam,18,9
2025-01-12,CLE,IND,93,108,A,Myles Turner,15,10
2025-01-12,CLE,IND,93,108,A,Thomas Bryant,11,3
2025-01-12,CLE,IND,93,108,A,Darius Garland,20,1
2025-01-12,CLE,IND,93,108,A,Donovan Mitchell,19,3
2025-01-12,CLE,IND,93,108,A,Obi Toppin,12,2
2025-01-12,CLE,IND,93,108,A,T.J. McConnell,6,4
2025-01-12,CLE,IND,93,108,A,Ben Sheppard,5,2
2025-01-12,CLE,IND,93,108,A,Bennedict Mathurin,12,3
2025-01-12,CLE,IND,93,108,A,Dean Wade,3,9
2025-01-12,CLE,IND,93,108,A,Sam Merrill,3,2
2025-01-12,CLE,IND,93,108,A,Tyrese Haliburton,2,1
2025-01-12,CLE,IND,93,108,A,Tristan Thompson,4,0
2025-01-12,CLE,IND,93,108,A,Georges Niang,7,0
2025-01-12,CLE,IND,93,108,A,Craig Porter Jr.,2,0
2025-01-12,CLE,IND,93,108,A,Caris LeVert,2,4
2025-01-12,CLE,IND,93,108,A,Isaac Okoro,3,0
2025-01-12,CLE,IND,93,108,A,Johnny Furphy,0,2
2025-01-12,CLE,IND,93,108,A,Jaylon Tyson,0,0
2025-01-12,CLE,IND,93,108,A,Max Strus,3,4
2025-01-13,HOU,MEM,120,118,H,Jalen Green,42,3
2025-01-13,HOU,MEM,120,118,H,Desmond Bane,25,3
2025-01-13,HOU,MEM,120,118,H,Amen Thompson,19,13
2025-01-13,HOU,MEM,120,118,H,Ja Morant,29,3
2025-01-13,HOU,MEM,120,118,H,Cam Whitmore,16,1
2025-01-13,HOU,MEM,120,118,H,Jaren Jackson Jr.,17,2
2025-01-13,HOU,MEM,120,118,H,Jake LaRavia,12,7
2025-01-13,HOU,MEM,120,118,H,Fred VanVleet,9,2
2025-01-13,HOU,MEM,120,118,H,Jaylen Wells,14,0
2025-01-13,HOU,MEM,120,118,H,Alperen Şengün,17,8
2025-01-13,HOU,MEM,120,118,H,Dillon Brooks,9,5
2025-01-13,HOU,MEM,120,118,H,Santi Aldama,5,2
2025-01-13,HOU,MEM,120,118,H,Steven Adams,2,7
2025-01-13,HOU,MEM,120,118,H,Brandon Clarke,6,4
2025-01-13,HOU,MEM,120,118,H,Scotty Pippen Jr.,4,2
2025-01-13,HOU,MEM,120,118,H,Luke Kennard,4,1
2025-01-13,HOU,MEM,120,118,H,Aaron Holiday,6,1
2025-01-13,HOU,MEM,120,118,H,Jae'Sean Tate,0,0
2025-01-13,HOU,MEM,120,118,H,Zach Edey,2,7
2025-01-13,MIN,WAS,120,106,H,Anthony Edwards,41,6
2025-01-13,MIN,WAS,120,106,H,Rudy Gobert,11,11
2025-01-13,MIN,WAS,120,106,H,Kyle Kuzma,22,5
2025-01-13,MIN,WAS,120,106,H,Julius Randle,20,10
2025-01-13,MIN,WAS,120,106,H,Naz Reid,12,5
2025-01-13,MIN,WAS,120,106,H,Alex Sarr,13,3
2025-01-13,MIN,WAS,120,106,H,Jonas Valančiūnas,8,8
2025-01-13,MIN,WAS,120,106,H,Bilal Coulibaly,15,1
2025-01-13,MIN,WAS,120,106,H,Jordan Poole,20,7
2025-01-13,MIN,WAS,120,106,H,Kyshawn George,10,1
2025-01-13,MIN,WAS,120,106,H,Mike Conley,7,5
2025-01-13,MIN,WAS,120,106,H,Nickeil Alexander-Walker,6,3
2025-01-13,MIN,WAS,120,106,H,Carlton Carrington,8,5
2025-01-13,MIN,WAS,120,106,H,Jaden McDaniels,8,8
2025-01-13,MIN,WAS,120,106,H,Jared Butler,7,0
2025-01-13,MIN,WAS,120,106,H,Donte DiVincenzo,13,3
2025-01-13,MIN,WAS,120,106,H,Josh Minott,2,0
2025-01-13,MIN,WAS,120,106,H,Corey Kispert,2,2
2025-01-13,MIN,WAS,120,106,H,Patrick Baldwin Jr.,0,1
2025-01-13,MIN,WAS,120,106,H,Jaylen Clark,0,0
2025-01-13,MIN,WAS,120,106,H,Johnny Davis,0,0
2025-01-13,MIN,WAS,120,106,H,Anthony Gill,1,0
2025-01-13,MIN,WAS,120,106,H,Tristen Newton,0,1
2025-01-13,MIN,WAS,120,106,H,Leonard Miller,0,1
2025-01-13,MIN,WAS,120,106,H,Luka Garza,0,0
2025-01-13,MIN,WAS,120,106,H,Justin Champagnie,0,1
2025-01-13,LAL,SAS,102,126,A,Anthony Davis,30,13
2025-01-13,LAL,SAS,102,126,A,Victor Wembanyama,23,8
2025-01-13,LAL,SAS,102,126,A,Chris Paul,13,2
2025-01-13,LAL,SAS,102,126,A,Devin Vassell,23,6
2025-01-13,LAL,SAS,102,126,A,Harrison Barnes,17,4
2025-01-13,LAL,SAS,102,126,A,Stephon Castle,23,4
2025-01-13,LAL,SAS,102,126,A,LeBron James,18,5
2025-01-13,LAL,SAS,102,126,A,Keldon Johnson,10,2
2025-01-13,LAL,SAS,102,126,A,Rui Hachimura,9,3
2025-01-13,LAL,SAS,102,126,A,Austin Reaves,12,5
2025-01-13,LAL,SAS,102,126,A,Charles Bassey,4,9
2025-01-13,LAL,SAS,102,126,A,Tre Jones,4,2
2025-01-13,LAL,SAS,102,126,A,Sandro Mamukelashvili,4,1
2025-01-13,LAL,SAS,102,126,A,Dalton Knecht,5,3
2025-01-13,LAL,SAS,102,126,A,Max Christie,10,1
2025-01-13,LAL,SAS,102,126,A,Jaxson Hayes,4,1
2025-01-13,LAL,SAS,102,126,A,Gabe Vincent,7,2
2025-01-13,LAL,SAS,102,126,A,Dorian Finney-Smith,4,3
2025-01-13,LAL,SAS,102,126,A,Malaki Branham,3,0
2025-01-13,LAL,SAS,102,126,A,Blake Wesley,0,1
2025-01-13,LAL,SAS,102,126,A,Cam Reddish,3,4
2025-01-13,LAL,SAS,102,126,A,Zach Collins,0,1
2025-01-13,LAL,SAS,102,126,A,Quincy Olivari,0,0
2025-01-13,LAL,SAS,102,126,A,Julian Champagnie,2,1
2025-01-13,LAC,MIA,109,98,H,Tyler Herro,32,11
2025-01-13,LAC,MIA,109,98,H,Norman Powell,29,6
2025-01-13,LAC,MIA,109,98,H,James Harden,26,5
2025-01-13,LAC,MIA,109,98,H,Ivica Zubac,21,20
2025-01-13,LAC,MIA,109,98,H,Kel'el Ware,19,13
2025-01-13,LAC,MIA,109,98,H,Haywood Highsmith,9,5
2025-01-13,LAC,MIA,109,98,H,Terry Rozier,11,7
2025-01-13,LAC,MIA,109,98,H,Kevin Love,9,3
2025-01-13,LAC,MIA,109,98,H,Kawhi Leonard,6,5
2025-01-13,LAC,MIA,109,98,H,Derrick Jones Jr.,9,0
2025-01-13,LAC,MIA,109,98,H,Mo Bamba,5,7
2025-01-13,LAC,MIA,109,98,H,Jaime Jaquez Jr.,10,2
2025-01-13,LAC,MIA,109,98,H,Amir Coffey,5,0
2025-01-13,LAC,MIA,109,98,H,Nicolas Batum,0,5
2025-01-13,LAC,MIA,109,98,H,Nikola Jović,5,6
2025-01-13,LAC,MIA,109,98,H,Kevin Porter Jr.,6,0
2025-01-13,LAC,MIA,109,98,H,Duncan Robinson,3,2
2025-01-13,LAC,MIA,109,98,H,Kris Dunn,2,0
2025-01-13,LAC,MIA,109,98,H,Alec Burks,0,0
2025-01-13,DET,NYK,124,119,H,Cade Cunningham,36,2
2025-01-13,DET,NYK,124,119,H,Jalen Brunson,31,4
2025-01-13,DET,NYK,124,119,H,Mikal Bridges,27,2
2025-01-13,DET,NYK,124,119,H,Malik Beasley,22,2
2025-01-13,DET,NYK,124,119,H,Josh Hart,12,14
2025-01-13,DET,NYK,124,119,H,Karl-Anthony Towns,26,12
2025-01-13,DET,NYK,124,119,H,Tobias Harris,11,8
2025-01-13,DET,NYK,124,119,H,Jalen Duren,10,8
2025-01-13,DET,NYK,124,119,H,Ausar Thompson,11,7
2025-01-13,DET,NYK,124,119,H,Cameron Payne,10,1
2025-01-13,DET,NYK,124,119,H,Isaiah Stewart,7,4
2025-01-13,DET,NYK,124,119,H,Tim Hardaway Jr.,10,3
2025-01-13,DET,NYK,124,119,H,Marcus Sasser,7,0
2025-01-13,DET,NYK,124,119,H,OG Anunoby,10,3
2025-01-13,DET,NYK,124,119,H,Ron Holland,6,2
2025-01-13,DET,NYK,124,119,H,Miles McBride,3,1
2025-01-13,DET,NYK,124,119,H,Precious Achiuwa,0,4
2025-01-13,DET,NYK,124,119,H,Simone Fontecchio,4,3
2025-01-13,DET,NYK,124,119,H,Landry Shamet,0,1
2025-01-13,GSW,TOR,101,104,A,Stephen Curry,26,7
2025-01-13,GSW,TOR,101,104,A,Chris Boucher,18,7
2025-01-13,GSW,TOR,101,104,A,Scottie Barnes,23,8
2025-01-13,GSW,TOR,101,104,A,Kyle Anderson,13,2
2025-01-13,GSW,TOR,101,104,A,Andrew Wiggins,20,3
2025-01-13,GSW,TOR,101,104,A,Jakob Poeltl,13,13
2025-01-13,GSW,TOR,101,104,A,Ochai Agbaji,12,3
2025-01-13,GSW,TOR,101,104,A,Kevon Looney,10,9
2025-01-13,GSW,TOR,101,104,A,Dennis Schröder,12,3
2025-01-13,GSW,TOR,101,104,A,RJ Barrett,15,4
2025-01-13,GSW,TOR,101,104,A,Gradey Dick,12,3
2025-01-13,GSW,TOR,101,104,A,Lindy Waters III,8,9
2025-01-13,GSW,TOR,101,104,A,Jamal Shead,9,1
2025-01-13,GSW,TOR,101,104,A,Buddy Hield,8,2
2025-01-13,GSW,TOR,101,104,A,Kelly Olynyk,2,2
2025-01-13,GSW,TOR,101,104,A,Trayce Jackson-Davis,3,6
2025-01-13,GSW,TOR,101,104,A,Gui Santos,0,3
2025-01-13,GSW,TOR,101,104,A,Davion Mitchell,0,0
2025-01-13,GSW,TOR,101,104,A,Bruce Brown,0,3
2025-01-13,GSW,TOR,101,104,A,Moses Moody,1,2
2025-01-14,DAL,DEN,99,118,A,Jamal Murray,45,2
2025-01-14,DAL,DEN,99,118,A,Nikola Jokić,10,14
2025-01-14,DAL,DEN,99,118,A,Michael Porter Jr.,13,6
2025-01-14,DAL,DEN,99,118,A,Quentin Grimes,10,0
2025-01-14,DAL,DEN,99,118,A,Daniel Gafford,13,4
2025-01-14,DAL,DEN,99,118,A,Naji Marshall,11,2
2025-01-14,DAL,DEN,99,118,A,DeAndre Jordan,8,6
2025-01-14,DAL,DEN,99,118,A,Maxi Kleber,10,1
2025-01-14,DAL,DEN,99,118,A,Spencer Dinwiddie,8,2
2025-01-14,DAL,DEN,99,118,A,Olivier-Maxence Prosper,10,2
2025-01-14,DAL,DEN,99,118,A,Peyton Watson,9,5
2025-01-14,DAL,DEN,99,118,A,Christian Braun,6,4
2025-01-14,DAL,DEN,99,118,A,Kyrie Irving,11,4
2025-01-14,DAL,DEN,99,118,A,P.J. Washington,5,8
2025-01-14,DAL,DEN,99,118,A,Russell Westbrook,9,6
2025-01-14,DAL,DEN,99,118,A,Aaron Gordon,8,2
2025-01-14,DAL,DEN,99,118,A,Dereck Lively II,4,0
2025-01-14,DAL,DEN,99,118,A,Dwight Powell,1,2
2025-01-14,DAL,DEN,99,118,A,Klay Thompson,8,3
2025-01-14,DAL,DEN,99,118,A,Brandon Williams,3,0
2025-01-14,DAL,DEN,99,118,A,Zeke Nnaji,4,1
2025-01-14,DAL,DEN,99,118,A,Julian Strawther,3,3
2025-01-14,DAL,DEN,99,118,A,Jalen Pickett,3,0
2025-01-14,DAL,DEN,99,118,A,Trey Alexander,0,1
2025-01-14,DAL,DEN,99,118,A,Hunter Tyson,0,1
2025-01-14,DAL,DEN,99,118,A,Jaden Hardy,5,2
2025-01-14,BRK,POR,132,114,H,Scoot Henderson,39,4
2025-01-14,BRK,POR,132,114,H,Noah Clowney,20,5
2025-01-14,BRK,POR,132,114,H,Toumani Camara,23,5
2025-01-14,BRK,POR,132,114,H,Cameron Johnson,24,1
2025-01-14,BRK,POR,132,114,H,Keon Johnson,20,3
2025-01-14,BRK,POR,132,114,H,D'Angelo Russell,13,3
2025-01-14,BRK,POR,132,114,H,Ziaire Williams,13,7
2025-01-14,BRK,POR,132,114,H,Shaedon Sharpe,21,2
2025-01-14,BRK,POR,132,114,H,Jalen Wilson,14,4
2025-01-14,BRK,POR,132,114,H,Day'Ron Sharpe,8,7
2025-01-14,BRK,POR,132,114,H,Donovan Clingan,4,14
2025-01-14,BRK,POR,132,114,H,Ben Simmons,5,9
2025-01-14,BRK,POR,132,114,H,Tosan Evbuomwan,10,4
2025-01-14,BRK,POR,132,114,H,Dalano Banton,10,0
2025-01-14,BRK,POR,132,114,H,Anfernee Simons,11,1
2025-01-14,BRK,POR,132,114,H,Kris Murray,4,4
2025-01-14,BRK,POR,132,114,H,Tyrese Martin,5,1
2025-01-14,BRK,POR,132,114,H,Reece Beekman,0,0
2025-01-14,BRK,POR,132,114,H,Deandre Ayton,2,8
2025-01-14,BRK,POR,132,114,H,Dariq Whitehead,0,0
2025-01-14,BRK,POR,132,114,H,Justin Minaya,0,0
2025-01-14,BRK,POR,132,114,H,Rayan Rupert,0,0
2025-01-14,BRK,POR,132,114,H,Duop Reath,0,0
2025-01-14,BRK,POR,132,114,H,Jabari Walker,0,0
2025-01-14,MIL,SAC,130,115,H,Giannis Antetokounmpo,33,11
2025-01-14,MIL,SAC,130,115,H,DeMar DeRozan,28,6
2025-01-14,MIL,SAC,130,115,H,Damian Lillard,24,5
2025-01-14,MIL,SAC,130,115,H,Domantas Sabonis,16,10
2025-01-14,MIL,SAC,130,115,H,Brook Lopez,21,5
2025-01-14,MIL,SAC,130,115,H,Keon Ellis,18,4
2025-01-14,MIL,SAC,130,115,H,De'Aaron Fox,20,11
2025-01-14,MIL,SAC,130,115,H,A.J. Green,16,4
2025-01-14,MIL,SAC,130,115,H,Taurean Prince,9,5
2025-01-14,MIL,SAC,130,115,H,Pat Connaughton,5,3
2025-01-14,MIL,SAC,130,115,H,Keegan Murray,11,7
2025-01-14,MIL,SAC,130,115,H,Bobby Portis,8,9
2025-01-14,MIL,SAC,130,115,H,Ryan Rollins,10,3
2025-01-14,MIL,SAC,130,115,H,Trey Lyles,5,1
2025-01-14,MIL,SAC,130,115,H,Alex Len,2,2
2025-01-14,MIL,SAC,130,115,H,Jordan McLaughlin,3,1
2025-01-14,MIL,SAC,130,115,H,Colby Jones,2,0
2025-01-14,MIL,SAC,130,115,H,Kevin Huerter,7,1
2025-01-14,MIL,SAC,130,115,H,Andre Jackson Jr.,2,3
2025-01-14,MIL,SAC,130,115,H,MarJon Beauchamp,2,1
2025-01-14,MIL,SAC,130,115,H,Chris Livingston,0,1
2025-01-14,MIL,SAC,130,115,H,Devin Carter,3,2
2025-01-14,MIL,SAC,130,115,H,Jae Crowder,0,0
2025-01-14,MIL,SAC,130,115,H,Liam Robbins,0,0
2025-01-14,MIL,SAC,130,115,H,Isaac Jones,0,0
2025-01-14,MIL,SAC,130,115,H,Stanley Umude,0,2
2025-01-14,OKC,PHI,118,102,H,Shai Gilgeous-Alexander,32,3
2025-01-14,OKC,PHI,118,102,H,Jalen Williams,24,4
2025-01-14,OKC,PHI,118,102,H,Justin Edwards,25,6
2025-01-14,OKC,PHI,118,102,H,Cason Wallace,18,5
2025-01-14,OKC,PHI,118,102,H,Guerschon Yabusele,17,7
2025-01-14,OKC,PHI,118,102,H,Jeff Dowtin,18,5
2025-01-14,OKC,PHI,118,102,H,Isaiah Hartenstein,9,16
2025-01-14,OKC,PHI,118,102,H,Aaron Wiggins,6,3
2025-01-14,OKC,PHI,118,102,H,Kelly Oubre Jr.,8,4
2025-01-14,OKC,PHI,118,102,H,Eric Gordon,10,3
2025-01-14,OKC,PHI,118,102,H,Isaiah Joe,10,1
2025-01-14,OKC,PHI,118,102,H,Alex Caruso,3,1
2025-01-14,OKC,PHI,118,102,H,Adem Bona,7,3
2025-01-14,OKC,PHI,118,102,H,Luguentz Dort,8,2
2025-01-14,OKC,PHI,118,102,H,Branden Carlson,3,0
2025-01-14,OKC,PHI,118,102,H,Ricky Council IV,13,4
2025-01-14,OKC,PHI,118,102,H,Jaylin Williams,5,1
2025-01-14,OKC,PHI,118,102,H,Alex Ducas,0,1
2025-01-14,OKC,PHI,118,102,H,Reggie Jackson,4,2
2025-01-14,OKC,PHI,118,102,H,Pete Nance,0,1
2025-01-14,OKC,PHI,118,102,H,Kenrich Williams,0,1
2025-01-14,CHI,NOP,113,119,A,Trey Murphy III,32,6
2025-01-14,CHI,NOP,113,119,A,Nikola Vučević,22,15
2025-01-14,CHI,NOP,113,119,A,Zion Williamson,21,7
2025-01-14,CHI,NOP,113,119,A,Coby White,22,3
2025-01-14,CHI,NOP,113,119,A,Josh Giddey,7,13
2025-01-14,CHI,NOP,113,119,A,Zach LaVine,25,7
2025-01-14,CHI,NOP,113,119,A,Dejounte Murray,15,7
2025-01-14,CHI,NOP,113,119,A,Jose Alvarado,12,3
2025-01-14,CHI,NOP,113,119,A,Javonte Green,7,4
2025-01-14,CHI,NOP,113,119,A,Lonzo Ball,11,8
2025-01-14,CHI,NOP,113,119,A,Jalen Smith,13,4
2025-01-14,CHI,NOP,113,119,A,CJ McCollum,8,4
2025-01-14,CHI,NOP,113,119,A,Yves Missi,4,7
2025-01-14,CHI,NOP,113,119,A,Brandon Boston Jr.,7,0
2025-01-14,CHI,NOP,113,119,A,Patrick Williams,8,1
2025-01-14,CHI,NOP,113,119,A,Jordan Hawkins,9,1
2025-01-14,CHI,NOP,113,119,A,Daniel Theis,4,7
2025-01-14,CHI,NOP,113,119,A,Matas Buzelis,5,4
2025-01-14,CHI,NOP,113,119,A,Julian Phillips,0,2
2025-01-14,CHI,NOP,113,119,A,Dalen Terry,0,0
2025-01-14,CHI,NOP,113,119,A,Talen Horton-Tucker,0,0
2025-01-14,ATL,PHO,122,117,H,Kevin Durant,31,8
2025-01-14,ATL,PHO,122,117,H,Trae Young,43,3
2025-01-14,ATL,PHO,122,117,H,Onyeka Okongwu,22,21
2025-01-14,ATL,PHO,122,117,H,Devin Booker,35,5
2025-01-14,ATL,PHO,122,117,H,Vit Krejci,15,5
2025-01-14,ATL,PHO,122,117,H,Garrison Mathews,19,3
2025-01-14,ATL,PHO,122,117,H,Tyus Jones,8,1
2025-01-14,ATL,PHO,122,117,H,Grayson Allen,9,4
2025-01-14,ATL,PHO,122,117,H,Bradley Beal,11,4
2025-01-14,ATL,PHO,122,117,H,Ryan Dunn,14,1
2025-01-14,ATL,PHO,122,117,H,Dyson Daniels,9,4
2025-01-14,ATL,PHO,122,117,H,Clint Capela,3,8
2025-01-14,ATL,PHO,122,117,H,Mason Plumlee,3,5
2025-01-14,ATL,PHO,122,117,H,Oso Ighodaro,4,5
2025-01-14,ATL,PHO,122,117,H,David Roddy,0,6
2025-01-14,ATL,PHO,122,117,H,Bogdan Bogdanović,9,0
2025-01-14,ATL,PHO,122,117,H,Royce O'Neale,2,4
2025-01-14,ATL,PHO,122,117,H,Zaccharie Risacher,2,4
2025-01-14,CLE,IND,127,117,H,Donovan Mitchell,35,9
2025-01-14,CLE,IND,127,117,H,Evan Mobley,22,13
2025-01-14,CLE,IND,127,117,H,Pascal Siakam,23,7
2025-01-14,CLE,IND,127,117,H,Jarrett Allen,16,9
2025-01-14,CLE,IND,127,117,H,Darius Garland,24,1
2025-01-14,CLE,IND,127,117,H,Bennedict Mathurin,19,4
2025-01-14,CLE,IND,127,117,H,Max Strus,13,4
2025-01-14,CLE,IND,127,117,H,Myles Turner,17,5
2025-01-14,CLE,IND,127,117,H,Caris LeVert,7,5
2025-01-14,CLE,IND,127,117,H,T.J. McConnell,10,1
2025-01-14,CLE,IND,127,117,H,Andrew Nembhard,10,4
2025-01-14,CLE,IND,127,117,H,Jarace Walker,11,5
2025-01-14,CLE,IND,127,117,H,Obi Toppin,10,3
2025-01-14,CLE,IND,127,117,H,Thomas Bryant,8,5
2025-01-14,CLE,IND,127,117,H,Ben Sheppard,7,3
2025-01-14,CLE,IND,127,117,H,Georges Niang,7,3
2025-01-14,CLE,IND,127,117,H,RayJ Dennis,2,0
2025-01-14,CLE,IND,127,117,H,Johnny Furphy,0,0
2025-01-14,CLE,IND,127,117,H,James Johnson,0,0
2025-01-14,CLE,IND,127,117,H,Jaylon Tyson,0,0
2025-01-14,CLE,IND,127,117,H,Sam Merrill,3,1
2025-01-14,CLE,IND,127,117,H,Isaac Okoro,0,1
2025-01-14,CLE,IND,127,117,H,Craig Porter Jr.,0,0
2025-01-14,CLE,IND,127,117,H,Dean Wade,0,3
2025-01-15,CHO,UTA,117,112,H,Mark Williams,31,13
2025-01-15,CHO,UTA,117,112,H,Miles Bridges,25,10
2025-01-15,CHO,UTA,117,112,H,LaMelo Ball,27,6
2025-01-15,CHO,UTA,117,112,H,Keyonte George,26,4
2025-01-15,CHO,UTA,117,112,H,Drew Eubanks,11,8
2025-01-15,CHO,UTA,117,112,H,Brice Sensabaugh,19,4
2025-01-15,CHO,UTA,117,112,H,Brandon Miller,20,5
2025-01-15,CHO,UTA,117,112,H,Walker Kessler,11,8
2025-01-15,CHO,UTA,117,112,H,Patty Mills,11,0
2025-01-15,CHO,UTA,117,112,H,Isaiah Collier,11,3
2025-01-15,CHO,UTA,117,112,H,Kyle Filipowski,8,2
2025-01-15,CHO,UTA,117,112,H,Elijah Harkless,8,1
2025-01-15,CHO,UTA,117,112,H,Cody Martin,9,2
2025-01-15,CHO,UTA,117,112,H,Josh Green,3,3
2025-01-15,CHO,UTA,117,112,H,Vasilije Micić,2,3
2025-01-15,CHO,UTA,117,112,H,Cody Williams,5,2
2025-01-15,CHO,UTA,117,112,H,Micah Potter,2,4
2025-01-15,CHO,UTA,117,112,H,Seth Curry,0,0
2025-01-15,CHO,UTA,117,112,H,Taj Gibson,0,1
2025-01-15,CHO,UTA,117,112,H,Tidjane Salaün,0,1
2025-01-15,CHO,UTA,117,112,H,Nick Smith Jr.,0,1
2025-01-15,DEN,HOU,108,128,A,Jalen Green,34,1
2025-01-15,DEN,HOU,108,128,A,Christian Braun,22,4
2025-01-15,DEN,HOU,108,128,A,Alperen Şengün,20,9
2025-01-15,DEN,HOU,108,128,A,Fred VanVleet,16,1
2025-01-15,DEN,HOU,108,128,A,Cam Whitmore,16,9
2025-01-15,DEN,HOU,108,128,A,Jamal Murray,22,4
2025-01-15,DEN,HOU,108,128,A,Amen Thompson,11,9
2025-01-15,DEN,HOU,108,128,A,Dario Šarić,8,4
2025-01-15,DEN,HOU,108,128,A,Jeenathan Williams,9,0
2025-01-15,DEN,HOU,108,128,A,Russell Westbrook,17,4
2025-01-15,DEN,HOU,108,128,A,Peyton Watson,10,3
2025-01-15,DEN,HOU,108,128,A,Jae'Sean Tate,6,4
2025-01-15,DEN,HOU,108,128,A,Jalen Pickett,2,1
2025-01-15,DEN,HOU,108,128,A,Jeff Green,8,2
2025-01-15,DEN,HOU,108,128,A,Dillon Brooks,6,1
2025-01-15,DEN,HOU,108,128,A,DeAndre Jordan,0,8
2025-01-15,DEN,HOU,108,128,A,Michael Porter Jr.,8,3
2025-01-15,DEN,HOU,108,128,A,Steven Adams,2,3
2025-01-15,DEN,HOU,108,128,A,Julian Strawther,10,1
2025-01-15,DEN,HOU,108,128,A,Hunter Tyson,4,2
2025-01-15,DEN,HOU,108,128,A,Trey Alexander,3,1
2025-01-15,DEN,HOU,108,128,A,Zeke Nnaji,2,1
2025-01-15,DEN,HOU,108,128,A,Aaron Holiday,0,0
2025-01-15,DEN,HOU,108,128,A,Reed Sheppard,0,1
2025-01-15,NYK,PHI,125,119,H,Jalen Brunson,38,5
2025-01-15,NYK,PHI,125,119,H,Josh Hart,10,17
2025-01-15,NYK,PHI,125,119,H,Paul George,26,3
2025-01-15,NYK,PHI,125,119,H,Tyrese Maxey,33,6
2025-01-15,NYK,PHI,125,119,H,Miles McBride,13,3
2025-01-15,NYK,PHI,125,119,H,Kelly Oubre Jr.,16,10
2025-01-15,NYK,PHI,125,119,H,Mikal Bridges,23,2
2025-01-15,NYK,PHI,125,119,H,Eric Gordon,14,1
2025-01-15,NYK,PHI,125,119,H,Precious Achiuwa,10,6
2025-01-15,NYK,PHI,125,119,H,OG Anunoby,17,4
2025-01-15,NYK,PHI,125,119,H,Justin Edwards,10,2
2025-01-15,NYK,PHI,125,119,H,Guerschon Yabusele,9,5
2025-01-15,NYK,PHI,125,119,H,Jeff Dowtin,7,1
2025-01-15,NYK,PHI,125,119,H,Jericho Sims,8,7
2025-01-15,NYK,PHI,125,119,H,Cameron Payne,6,1
2025-01-15,NYK,PHI,125,119,H,Adem Bona,2,6
2025-01-15,NYK,PHI,125,119,H,Ricky Council IV,2,1
2025-01-15,DAL,NOP,116,119,A,Daniel Gafford,27,12
2025-01-15,DAL,NOP,116,119,A,Dejounte Murray,30,7
2025-01-15,DAL,NOP,116,119,A,Trey Murphy III,24,10
2025-01-15,DAL,NOP,116,119,A,Spencer Dinwiddie,20,5
2025-01-15,DAL,NOP,116,119,A,Jaden Hardy,21,5
2025-01-15,DAL,NOP,116,119,A,Jordan Hawkins,12,3
2025-01-15,DAL,NOP,116,119,A,Yves Missi,12,6
2025-01-15,DAL,NOP,116,119,A,Javonte Green,13,7
2025-01-15,DAL,NOP,116,119,A,Quentin Grimes,14,2
2025-01-15,DAL,NOP,116,119,A,Naji Marshall,7,2
2025-01-15,DAL,NOP,116,119,A,P.J. Washington,14,14
2025-01-15,DAL,NOP,116,119,A,Brandon Boston Jr.,9,3
2025-01-15,DAL,NOP,116,119,A,Jeremiah Robinson-Earl,4,7
2025-01-15,DAL,NOP,116,119,A,CJ McCollum,11,0
2025-01-15,DAL,NOP,116,119,A,Klay Thompson,12,1
2025-01-15,DAL,NOP,116,119,A,Jose Alvarado,2,1
2025-01-15,DAL,NOP,116,119,A,Daniel Theis,2,5
2025-01-15,DAL,NOP,116,119,A,Dwight Powell,0,0
2025-01-15,DAL,NOP,116,119,A,Maxi Kleber,0,0
2025-01-15,DAL,NOP,116,119,A,Olivier-Maxence Prosper,1,4
2025-01-15,DAL,NOP,116,119,A,Brandon Williams,0,0
2025-01-15,GSW,MIN,116,115,H,Donte DiVincenzo,28,6
2025-01-15,GSW,MIN,116,115,H,Stephen Curry,31,1
2025-01-15,GSW,MIN,116,115,H,Anthony Edwards,28,8
2025-01-15,GSW,MIN,116,115,H,Andrew Wiggins,24,5
2025-01-15,GSW,MIN,116,115,H,Jaden McDaniels,14,4
2025-01-15,GSW,MIN,116,115,H,Buddy Hield,18,1
2025-01-15,GSW,MIN,116,115,H,Naz Reid,15,6
2025-01-15,GSW,MIN,116,115,H,Rudy Gobert,7,10
2025-01-15,GSW,MIN,116,115,H,Julius Randle,17,6
2025-01-15,GSW,MIN,116,115,H,Kevon Looney,4,5
2025-01-15,GSW,MIN,116,115,H,Moses Moody,11,4
2025-01-15,GSW,MIN,116,115,H,Trayce Jackson-Davis,4,15
2025-01-15,GSW,MIN,116,115,H,Dennis Schröder,12,1
2025-01-15,GSW,MIN,116,115,H,Gary Payton II,7,6
2025-01-15,GSW,MIN,116,115,H,Gui Santos,5,7
2025-01-15,GSW,MIN,116,115,H,Nickeil Alexander-Walker,5,1
2025-01-15,GSW,MIN,116,115,H,Mike Conley,1,0
2025-01-15,MIL,ORL,122,93,H,Damian Lillard,30,5
2025-01-15,MIL,ORL,122,93,H,Giannis Antetokounmpo,26,11
2025-01-15,MIL,ORL,122,93,H,Khris Middleton,14,2
2025-01-15,MIL,ORL,122,93,H,Brook Lopez,13,5
2025-01-15,MIL,ORL,122,93,H,Trevelin Queen,13,2
2025-01-15,MIL,ORL,122,93,H,Bobby Portis,14,8
2025-01-15,MIL,ORL,122,93,H,Wendell Carter Jr.,12,10
2025-01-15,MIL,ORL,122,93,H,Jonathan Isaac,9,3
2025-01-15,MIL,ORL,122,93,H,Cole Anthony,11,4
2025-01-15,MIL,ORL,122,93,H,Paolo Banchero,22,5
2025-01-15,MIL,ORL,122,93,H,Ryan Rollins,6,3
2025-01-15,MIL,ORL,122,93,H,Anthony Black,10,0
2025-01-15,MIL,ORL,122,93,H,Caleb Houstan,8,2
2025-01-15,MIL,ORL,122,93,H,MarJon Beauchamp,6,1
2025-01-15,MIL,ORL,122,93,H,Kentavious Caldwell-Pope,8,2
2025-01-15,MIL,ORL,122,93,H,Taurean Prince,5,1
2025-01-15,MIL,ORL,122,93,H,Liam Robbins,3,1
2025-01-15,MIL,ORL,122,93,H,Pat Connaughton,3,1
2025-01-15,MIL,ORL,122,93,H,Stanley Umude,0,0
2025-01-15,MIL,ORL,122,93,H,Delon Wright,0,0
2025-01-15,MIL,ORL,122,93,H,A.J. Green,2,5
2025-01-15,MIL,ORL,122,93,H,Tristan Da Silva,0,4
2025-01-15,MIL,ORL,122,93,H,Andre Jackson Jr.,0,3
2025-01-15,MIL,ORL,122,93,H,Cory Joseph,0,0
2025-01-15,MIL,ORL,122,93,H,Chris Livingston,0,3
2025-01-15,ATL,CHI,110,94,H,Keaton Wallace,27,6
2025-01-15,ATL,CHI,110,94,H,Onyeka Okongwu,14,13
2025-01-15,ATL,CHI,110,94,H,Daeqwon Plowden,19,4
2025-01-15,ATL,CHI,110,94,H,Dyson Daniels,18,8
2025-01-15,ATL,CHI,110,94,H,Zach LaVine,15,6
2025-01-15,ATL,CHI,110,94,H,Nikola Vučević,14,16
2025-01-15,ATL,CHI,110,94,H,Coby White,16,2
2025-01-15,ATL,CHI,110,94,H,Vit Krejci,11,3
2025-01-15,ATL,CHI,110,94,H,Julian Phillips,10,4
2025-01-15,ATL,CHI,110,94,H,Ayo Dosunmu,9,3
2025-01-15,ATL,CHI,110,94,H,Clint Capela,11,10
2025-01-15,ATL,CHI,110,94,H,Patrick Williams,10,2
2025-01-15,ATL,CHI,110,94,H,Matas Buzelis,8,5
2025-01-15,ATL,CHI,110,94,H,Josh Giddey,7,10
2025-01-15,ATL,CHI,110,94,H,David Roddy,4,6
2025-01-15,ATL,CHI,110,94,H,Jalen Smith,5,4
2025-01-15,ATL,CHI,110,94,H,Chris Duarte,0,1
2025-01-15,ATL,CHI,110,94,H,Garrison Mathews,3,1
2025-01-15,ATL,CHI,110,94,H,Talen Horton-Tucker,0,0
2025-01-15,ATL,CHI,110,94,H,Jevon Carter,0,0
2025-01-15,ATL,CHI,110,94,H,Dalen Terry,0,0
2025-01-15,ATL,CHI,110,94,H,Bogdan Bogdanović,3,0
2025-01-15,BRK,LAC,67,126,A,James Harden,21,6
2025-01-15,BRK,LAC,67,126,A,Kawhi Leonard,23,2
2025-01-15,BRK,LAC,67,126,A,Ivica Zubac,11,9
2025-01-15,BRK,LAC,67,126,A,Norman Powell,18,1
2025-01-15,BRK,LAC,67,126,A,Amir Coffey,13,5
2025-01-15,BRK,LAC,67,126,A,Jalen Wilson,16,3
2025-01-15,BRK,LAC,67,126,A,Day'Ron Sharpe,12,14
2025-01-15,BRK,LAC,67,126,A,Bones Hyland,9,3
2025-01-15,BRK,LAC,67,126,A,Derrick Jones Jr.,11,3
2025-01-15,BRK,LAC,67,126,A,Reece Beekman,5,4
2025-01-15,BRK,LAC,67,126,A,Mo Bamba,7,7
2025-01-15,BRK,LAC,67,126,A,Kai Jones,6,3
2025-01-15,BRK,LAC,67,126,A,Terance Mann,5,2
2025-01-15,BRK,LAC,67,126,A,Nic Claxton,2,5
2025-01-15,BRK,LAC,67,126,A,Tosan Evbuomwan,7,3
2025-01-15,BRK,LAC,67,126,A,Ziaire Williams,4,4
2025-01-15,BRK,LAC,67,126,A,Dariq Whitehead,3,0
2025-01-15,BRK,LAC,67,126,A,Nicolas Batum,0,3
2025-01-15,BRK,LAC,67,126,A,Jordan Miller,2,1
2025-01-15,BRK,LAC,67,126,A,Tyrese Martin,8,4
2025-01-15,BRK,LAC,67,126,A,Noah Clowney,4,2
2025-01-15,BRK,LAC,67,126,A,Kris Dunn,0,1
2025-01-15,BRK,LAC,67,126,A,Keon Johnson,6,0
2025-01-15,MEM,SAS,129,115,H,Ja Morant,21,4
2025-01-15,MEM,SAS,129,115,H,Desmond Bane,21,3
2025-01-15,MEM,SAS,129,115,H,Santi Aldama,20,10
2025-01-15,MEM,SAS,129,115,H,Stephon Castle,26,3
2025-01-15,MEM,SAS,129,115,H,Devin Vassell,21,5
2025-01-15,MEM,SAS,129,115,H,Luke Kennard,15,9
2025-01-15,MEM,SAS,129,115,H,Victor Wembanyama,13,12
2025-01-15,MEM,SAS,129,115,H,Keldon Johnson,17,4
2025-01-15,MEM,SAS,129,115,H,Jay Huff,11,1
2025-01-15,MEM,SAS,129,115,H,Julian Champagnie,9,4
2025-01-15,MEM,SAS,129,115,H,Harrison Barnes,10,5
2025-01-15,MEM,SAS,129,115,H,Charles Bassey,5,5
2025-01-15,MEM,SAS,129,115,H,Tre Jones,6,1
2025-01-15,MEM,SAS,129,115,H,Jaren Jackson Jr.,19,6
2025-01-15,MEM,SAS,129,115,H,Brandon Clarke,5,5
2025-01-15,MEM,SAS,129,115,H,Scotty Pippen Jr.,3,4
2025-01-15,MEM,SAS,129,115,H,Chris Paul,8,5
2025-01-15,MEM,SAS,129,115,H,Zach Edey,6,5
2025-01-15,MEM,SAS,129,115,H,Jake LaRavia,3,4
2025-01-15,MEM,SAS,129,115,H,Jaylen Wells,5,1
2025-01-15,LAL,MIA,117,108,H,Tyler Herro,34,4
2025-01-15,LAL,MIA,117,108,H,LeBron James,22,5
2025-01-15,LAL,MIA,117,108,H,Austin Reaves,14,3
2025-01-15,LAL,MIA,117,108,H,Anthony Davis,22,11
2025-01-15,LAL,MIA,117,108,H,Rui Hachimura,23,8
2025-01-15,LAL,MIA,117,108,H,Gabe Vincent,14,1
2025-01-15,LAL,MIA,117,108,H,Max Christie,16,3
2025-01-15,LAL,MIA,117,108,H,Nikola Jović,12,4
2025-01-15,LAL,MIA,117,108,H,Kel'el Ware,8,11
2025-01-15,LAL,MIA,117,108,H,Jaime Jaquez Jr.,11,5
2025-01-15,LAL,MIA,117,108,H,Haywood Highsmith,12,3
2025-01-15,LAL,MIA,117,108,H,Bam Adebayo,10,4
2025-01-15,LAL,MIA,117,108,H,Alec Burks,8,2
2025-01-15,LAL,MIA,117,108,H,Jaxson Hayes,4,1
2025-01-15,LAL,MIA,117,108,H,Terry Rozier,6,2
2025-01-15,LAL,MIA,117,108,H,Duncan Robinson,7,2
2025-01-15,LAL,MIA,117,108,H,Dalton Knecht,2,2
2025-01-15,LAL,MIA,117,108,H,Shake Milton,0,0
2025-01-15,BOS,TOR,97,110,A,RJ Barrett,22,10
2025-01-15,BOS,TOR,97,110,A,Jakob Poeltl,16,11
2025-01-15,BOS,TOR,97,110,A,Payton Pritchard,20,2
2025-01-15,BOS,TOR,97,110,A,Scottie Barnes,18,3
2025-01-15,BOS,TOR,97,110,A,Kristaps Porziņģis,18,8
2025-01-15,BOS,TOR,97,110,A,Jayson Tatum,16,10
2025-01-15,BOS,TOR,97,110,A,Davion Mitchell,10,4
2025-01-15,BOS,TOR,97,110,A,Jrue Holiday,12,6
2025-01-15,BOS,TOR,97,110,A,Al Horford,10,2
2025-01-15,BOS,TOR,97,110,A,Gradey Dick,12,3
2025-01-15,BOS,TOR,97,110,A,Kelly Olynyk,7,3
2025-01-15,BOS,TOR,97,110,A,Ochai Agbaji,5,4
2025-01-15,BOS,TOR,97,110,A,Luke Kornet,2,3
2025-01-15,BOS,TOR,97,110,A,Bruce Brown,7,7
2025-01-15,BOS,TOR,97,110,A,Jaylen Brown,10,7
2025-01-15,BOS,TOR,97,110,A,Sam Hauser,3,6
2025-01-15,BOS,TOR,97,110,A,Chris Boucher,5,9
2025-01-15,BOS,TOR,97,110,A,Jamal Shead,8,0
2025-01-15,BOS,TOR,97,110,A,Xavier Tillman Sr.,0,1
2025-01-15,BOS,TOR,97,110,A,Neemias Queta,0,0
2025-01-15,BOS,TOR,97,110,A,Jordan Walsh,0,0
2025-01-15,BOS,TOR,97,110,A,Jamison Battle,0,2
2025-01-15,BOS,TOR,97,110,A,Jaden Springer,0,0
2025-01-15,BOS,TOR,97,110,A,Derrick White,6,0
2025-01-16,CLE,OKC,114,134,A,Shai Gilgeous-Alexander,40,3
2025-01-16,CLE,OKC,114,134,A,Jalen Williams,19,6
2025-01-16,CLE,OKC,114,134,A,Darius Garland,20,2
2025-01-16,CLE,OKC,114,134,A,Luguentz Dort,22,2
2025-01-16,CLE,OKC,114,134,A,Alex Caruso,10,1
2025-01-16,CLE,OKC,114,134,A,Ty Jerome,12,3
2025-01-16,CLE,OKC,114,134,A,Jarrett Allen,13,7
2025-01-16,CLE,OKC,114,134,A,Isaiah Joe,12,3
2025-01-16,CLE,OKC,114,134,A,Sam Merrill,9,2
2025-01-16,CLE,OKC,114,134,A,Craig Porter Jr.,8,1
2025-01-16,CLE,OKC,114,134,A,Branden Carlson,11,4
2025-01-16,CLE,OKC,114,134,A,Tristan Thompson,4,7
2025-01-16,CLE,OKC,114,134,A,Caris LeVert,9,3
2025-01-16,CLE,OKC,114,134,A,Dean Wade,6,5
2025-01-16,CLE,OKC,114,134,A,Cason Wallace,6,6
2025-01-16,CLE,OKC,114,134,A,Jaylon Tyson,5,6
2025-01-16,CLE,OKC,114,134,A,Jaylin Williams,5,5
2025-01-16,CLE,OKC,114,134,A,Kenrich Williams,2,1
2025-01-16,CLE,OKC,114,134,A,Aaron Wiggins,4,5
2025-01-16,CLE,OKC,114,134,A,Ousmane Dieng,3,2
2025-01-16,CLE,OKC,114,134,A,Evan Mobley,5,3
2025-01-16,CLE,OKC,114,134,A,Donovan Mitchell,8,2
2025-01-16,CLE,OKC,114,134,A,Georges Niang,5,2
2025-01-16,CLE,OKC,114,134,A,Alex Ducas,0,1
2025-01-16,CLE,OKC,114,134,A,Isaac Okoro,7,3
2025-01-16,CLE,OKC,114,134,A,Max Strus,3,3
2025-01-16,CLE,OKC,114,134,A,Adam Flagler,0,0
2025-01-16,PHO,WAS,130,123,H,Devin Booker,37,3
2025-01-16,PHO,WAS,130,123,H,Kyshawn George,24,4
2025-01-16,PHO,WAS,130,123,H,Kevin Durant,23,6
2025-01-16,PHO,WAS,130,123,H,Grayson Allen,21,5
2025-01-16,PHO,WAS,130,123,H,Ryan Dunn,18,11
2025-01-16,PHO,WAS,130,123,H,Tyus Jones,9,3
2025-01-16,PHO,WAS,130,123,H,Alex Sarr,16,9
2025-01-16,PHO,WAS,130,123,H,Jonas Valančiūnas,11,8
2025-01-16,PHO,WAS,130,123,H,Jordan Poole,18,4
2025-01-16,PHO,WAS,130,123,H,Corey Kispert,14,3
2025-01-16,PHO,WAS,130,123,H,Justin Champagnie,10,3
2025-01-16,PHO,WAS,130,123,H,Mason Plumlee,6,9
2025-01-16,PHO,WAS,130,123,H,Bilal Coulibaly,13,3
2025-01-16,PHO,WAS,130,123,H,Royce O'Neale,9,4
2025-01-16,PHO,WAS,130,123,H,Carlton Carrington,6,4
2025-01-16,PHO,WAS,130,123,H,Jared Butler,6,2
2025-01-16,PHO,WAS,130,123,H,Kyle Kuzma,5,5
2025-01-16,PHO,WAS,130,123,H,Monte Morris,4,2
2025-01-16,PHO,WAS,130,123,H,Bol Bol,3,1
2025-01-16,PHO,WAS,130,123,H,Oso Ighodaro,0,3
2025-01-16,DET,IND,100,111,A,Pascal Siakam,26,7
2025-01-16,DET,IND,100,111,A,Myles Turner,28,3
2025-01-16,DET,IND,100,111,A,Jalen Duren,17,17
2025-01-16,DET,IND,100,111,A,Tyrese Haliburton,17,4
2025-01-16,DET,IND,100,111,A,Tim Hardaway Jr.,25,4
2025-01-16,DET,IND,100,111,A,Andrew Nembhard,12,4
2025-01-16,DET,IND,100,111,A,Cade Cunningham,20,4
2025-01-16,DET,IND,100,111,A,Isaiah Stewart,2,13
2025-01-16,DET,IND,100,111,A,Aaron Nesmith,9,1
2025-01-16,DET,IND,100,111,A,Ausar Thompson,8,7
2025-01-16,DET,IND,100,111,A,Tobias Harris,10,4
2025-01-16,DET,IND,100,111,A,Jarace Walker,8,5
2025-01-16,DET,IND,100,111,A,Marcus Sasser,6,2
2025-01-16,DET,IND,100,111,A,Obi Toppin,7,5
2025-01-16,DET,IND,100,111,A,T.J. McConnell,2,5
2025-01-16,DET,IND,100,111,A,Simone Fontecchio,5,2
2025-01-16,DET,IND,100,111,A,Ben Sheppard,2,0
2025-01-16,DET,IND,100,111,A,Thomas Bryant,0,6
2025-01-16,DET,IND,100,111,A,Ron Holland,4,0
2025-01-16,DET,IND,100,111,A,Malik Beasley,3,2
2025-01-16,HOU,SAC,127,132,A,DeMar DeRozan,33,5
2025-01-16,HOU,SAC,127,132,A,Amen Thompson,20,10
2025-01-16,HOU,SAC,127,132,A,Alperen Şengün,21,10
2025-01-16,HOU,SAC,127,132,A,Malik Monk,26,3
2025-01-16,HOU,SAC,127,132,A,Domantas Sabonis,20,14
2025-01-16,HOU,SAC,127,132,A,Keegan Murray,18,11
2025-01-16,HOU,SAC,127,132,A,Jalen Green,28,5
2025-01-16,HOU,SAC,127,132,A,De'Aaron Fox,19,3
2025-01-16,HOU,SAC,127,132,A,Tari Eason,16,4
2025-01-16,HOU,SAC,127,132,A,Jeff Green,10,3
2025-01-16,HOU,SAC,127,132,A,Steven Adams,5,5
2025-01-16,HOU,SAC,127,132,A,Cam Whitmore,9,3
2025-01-16,HOU,SAC,127,132,A,Dillon Brooks,12,3
2025-01-16,HOU,SAC,127,132,A,Aaron Holiday,6,3
2025-01-16,HOU,SAC,127,132,A,Keon Ellis,6,1
2025-01-16,HOU,SAC,127,132,A,Kevin Huerter,5,1
2025-01-16,HOU,SAC,127,132,A,Trey Lyles,5,5
2025-01-16,HOU,SAC,127,132,A,Devin Carter,0,1
2025-01-16,LAC,POR,118,89,H,Norman Powell,23,5
2025-01-16,LAC,POR,118,89,H,Dalano Banton,23,3
2025-01-16,LAC,POR,118,89,H,James Harden,19,2
2025-01-16,LAC,POR,118,89,H,Terance Mann,14,5
2025-01-16,LAC,POR,118,89,H,Ivica Zubac,10,8
2025-01-16,LAC,POR,118,89,H,Deandre Ayton,14,7
2025-01-16,LAC,POR,118,89,H,Kris Dunn,7,6
2025-01-16,LAC,POR,118,89,H,Derrick Jones Jr.,13,4
2025-01-16,LAC,POR,118,89,H,Scoot Henderson,16,2
2025-01-16,LAC,POR,118,89,H,Amir Coffey,10,3
2025-01-16,LAC,POR,118,89,H,Shaedon Sharpe,12,4
2025-01-16,LAC,POR,118,89,H,Kevin Porter Jr.,8,3
2025-01-16,LAC,POR,118,89,H,Jabari Walker,2,6
2025-01-16,LAC,POR,118,89,H,Rayan Rupert,5,2
2025-01-16,LAC,POR,118,89,H,Mo Bamba,4,7
2025-01-16,LAC,POR,118,89,H,Kris Murray,9,4
2025-01-16,LAC,POR,118,89,H,Nicolas Batum,3,4
2025-01-16,LAC,POR,118,89,H,Robert Williams,4,7
2025-01-16,LAC,POR,118,89,H,Bones Hyland,3,1
2025-01-16,LAC,POR,118,89,H,Kobe Brown,4,2
2025-01-16,LAC,POR,118,89,H,Duop Reath,4,0
2025-01-16,LAC,POR,118,89,H,Kai Jones,0,0
2025-01-16,LAC,POR,118,89,H,Justin Minaya,0,0
2025-01-16,LAC,POR,118,89,H,Jordan Miller,0,0
2025-01-16,LAC,POR,118,89,H,Toumani Camara,0,1
2025-01-16,LAC,POR,118,89,H,Anfernee Simons,0,1
2025-01-17,CHI,CHO,123,125,A,Nikola Vučević,40,13
2025-01-17,CHI,CHO,123,125,A,Mark Williams,19,19
2025-01-17,CHI,CHO,123,125,A,LaMelo Ball,26,1
2025-01-17,CHI,CHO,123,125,A,Coby White,18,5
2025-01-17,CHI,CHO,123,125,A,Zach LaVine,19,6
2025-01-17,CHI,CHO,123,125,A,Miles Bridges,21,4
2025-01-17,CHI,CHO,123,125,A,Seth Curry,15,2
2025-01-17,CHI,CHO,123,125,A,Josh Green,8,3
2025-01-17,CHI,CHO,123,125,A,Ayo Dosunmu,9,5
2025-01-17,CHI,CHO,123,125,A,Vasilije Micić,9,3
2025-01-17,CHI,CHO,123,125,A,Lonzo Ball,6,3
2025-01-17,CHI,CHO,123,125,A,Nick Smith Jr.,15,5
2025-01-17,CHI,CHO,123,125,A,Dalen Terry,6,0
2025-01-17,CHI,CHO,123,125,A,Cody Martin,7,1
2025-01-17,CHI,CHO,123,125,A,Tidjane Salaün,3,3
2025-01-17,CHI,CHO,123,125,A,Jalen Smith,6,4
2025-01-17,CHI,CHO,123,125,A,Josh Giddey,6,5
2025-01-17,CHI,CHO,123,125,A,Moussa Diabaté,2,3
2025-01-17,CHI,CHO,123,125,A,Julian Phillips,6,4
2025-01-17,CHI,CHO,123,125,A,Patrick Williams,5,0
2025-01-17,CHI,CHO,123,125,A,Matas Buzelis,2,0
2025-01-17,BRK,LAL,101,102,A,Austin Reaves,38,3
2025-01-17,BRK,LAL,101,102,A,LeBron James,29,7
2025-01-17,BRK,LAL,101,102,A,D'Angelo Russell,19,6
2025-01-17,BRK,LAL,101,102,A,Tosan Evbuomwan,15,6
2025-01-17,BRK,LAL,101,102,A,Nic Claxton,7,8
2025-01-17,BRK,LAL,101,102,A,Ziaire Williams,15,4
2025-01-17,BRK,LAL,101,102,A,Rui Hachimura,10,6
2025-01-17,BRK,LAL,101,102,A,Jalen Wilson,11,5
2025-01-17,BRK,LAL,101,102,A,Gabe Vincent,10,1
2025-01-17,BRK,LAL,101,102,A,Ben Simmons,6,5
2025-01-17,BRK,LAL,101,102,A,Keon Johnson,13,1
2025-01-17,BRK,LAL,101,102,A,Noah Clowney,11,5
2025-01-17,BRK,LAL,101,102,A,Jaxson Hayes,6,9
2025-01-17,BRK,LAL,101,102,A,Shake Milton,0,0
2025-01-17,BRK,LAL,101,102,A,Max Christie,7,3
2025-01-17,BRK,LAL,101,102,A,Dalton Knecht,2,1
2025-01-17,BRK,LAL,101,102,A,Day'Ron Sharpe,1,5
2025-01-17,BRK,LAL,101,102,A,Trey Jemison,0,4
2025-01-17,BRK,LAL,101,102,A,Tyrese Martin,3,0
2025-01-17,DEN,MIA,133,113,H,Jamal Murray,30,7
2025-01-17,DEN,MIA,133,113,H,Nikola Jokić,24,12
2025-01-17,DEN,MIA,133,113,H,Tyler Herro,22,5
2025-01-17,DEN,MIA,133,113,H,Aaron Gordon,16,6
2025-01-17,DEN,MIA,133,113,H,Terry Rozier,13,7
2025-01-17,DEN,MIA,133,113,H,Bam Adebayo,16,11
2025-01-17,DEN,MIA,133,113,H,Jimmy Butler,18,3
2025-01-17,DEN,MIA,133,113,H,Russell Westbrook,11,0
2025-01-17,DEN,MIA,133,113,H,Duncan Robinson,8,1
2025-01-17,DEN,MIA,133,113,H,Michael Porter Jr.,14,9
2025-01-17,DEN,MIA,133,113,H,Julian Strawther,14,1
2025-01-17,DEN,MIA,133,113,H,Nikola Jović,16,4
2025-01-17,DEN,MIA,133,113,H,Jaime Jaquez Jr.,9,3
2025-01-17,DEN,MIA,133,113,H,Kel'el Ware,9,7
2025-01-17,DEN,MIA,133,113,H,Christian Braun,12,2
2025-01-17,DEN,MIA,133,113,H,DeAndre Jordan,6,2
2025-01-17,DEN,MIA,133,113,H,Hunter Tyson,3,0
2025-01-17,DEN,MIA,133,113,H,Peyton Watson,3,1
2025-01-17,DEN,MIA,133,113,H,Zeke Nnaji,0,0
2025-01-17,DEN,MIA,133,113,H,PJ Hall,0,1
2025-01-17,DEN,MIA,133,113,H,Keshad Johnson,0,0
2025-01-17,DEN,MIA,133,113,H,Pelle Larsson,0,0
2025-01-17,DEN,MIA,133,113,H,Jalen Pickett,0,0
2025-01-17,DEN,MIA,133,113,H,Haywood Highsmith,2,0
2025-01-17,MIN,NYK,116,99,H,Anthony Edwards,36,13
2025-01-17,MIN,NYK,116,99,H,Naz Reid,23,8
2025-01-17,MIN,NYK,116,99,H,OG Anunoby,18,10
2025-01-17,MIN,NYK,116,99,H,Jalen Brunson,26,1
2025-01-17,MIN,NYK,116,99,H,Cameron Payne,18,2
2025-01-17,MIN,NYK,116,99,H,Rudy Gobert,11,6
2025-01-17,MIN,NYK,116,99,H,Mikal Bridges,15,4
2025-01-17,MIN,NYK,116,99,H,Mike Conley,13,0
2025-01-17,MIN,NYK,116,99,H,Jaden McDaniels,10,8
2025-01-17,MIN,NYK,116,99,H,Precious Achiuwa,6,9
2025-01-17,MIN,NYK,116,99,H,Rob Dillingham,9,1
2025-01-17,MIN,NYK,116,99,H,Julius Randle,8,7
2025-01-17,MIN,NYK,116,99,H,Josh Hart,12,9
2025-01-17,MIN,NYK,116,99,H,Nickeil Alexander-Walker,6,2
2025-01-17,MIN,NYK,116,99,H,Jericho Sims,0,5
2025-01-17,MIN,NYK,116,99,H,Miles McBride,4,0
2025-01-17,MIN,NYK,116,99,H,Tyler Kolek,0,1
2025-01-17,MIN,NYK,116,99,H,Jaylen Clark,0,1
2025-01-17,MIN,NYK,116,99,H,Pacome Dadiet,0,0
2025-01-17,MIN,NYK,116,99,H,Luka Garza,0,0
2025-01-17,MIN,NYK,116,99,H,Ariel Hukporti,0,0
2025-01-17,MIN,NYK,116,99,H,Josh Minott,0,0
2025-01-17,MIL,TOR,130,112,H,Damian Lillard,26,3
2025-01-17,MIL,TOR,130,112,H,Giannis Antetokounmpo,35,13
2025-01-17,MIL,TOR,130,112,H,RJ Barrett,21,4
2025-01-17,MIL,TOR,130,112,H,Khris Middleton,13,3
2025-01-17,MIL,TOR,130,112,H,Kelly Olynyk,15,4
2025-01-17,MIL,TOR,130,112,H,Bruce Brown,17,6
2025-01-17,MIL,TOR,130,112,H,Jakob Poeltl,12,10
2025-01-17,MIL,TOR,130,112,H,Brook Lopez,9,7
2025-01-17,MIL,TOR,130,112,H,Gradey Dick,13,1
2025-01-17,MIL,TOR,130,112,H,Gary Trent Jr.,10,3
2025-01-17,MIL,TOR,130,112,H,Scottie Barnes,10,8
2025-01-17,MIL,TOR,130,112,H,Bobby Portis,15,6
2025-01-17,MIL,TOR,130,112,H,Davion Mitchell,10,0
2025-01-17,MIL,TOR,130,112,H,Chris Boucher,6,6
2025-01-17,MIL,TOR,130,112,H,Taurean Prince,9,2
2025-01-17,MIL,TOR,130,112,H,Ryan Rollins,7,2
2025-01-17,MIL,TOR,130,112,H,A.J. Green,6,4
2025-01-17,MIL,TOR,130,112,H,Garrett Temple,2,1
2025-01-17,MIL,TOR,130,112,H,Jonathan Mogbo,4,1
2025-01-17,MIL,TOR,130,112,H,Chris Livingston,0,1
2025-01-17,MIL,TOR,130,112,H,Jamal Shead,2,1
2025-01-17,MIL,TOR,130,112,H,Liam Robbins,0,0
2025-01-17,MIL,TOR,130,112,H,Stanley Umude,0,0
2025-01-17,MIL,TOR,130,112,H,Jamison Battle,0,1
2025-01-17,BOS,ORL,121,94,H,Jayson Tatum,30,6
2025-01-17,BOS,ORL,121,94,H,Kristaps Porziņģis,23,4
2025-01-17,BOS,ORL,121,94,H,Jaylen Brown,20,6
2025-01-17,BOS,ORL,121,94,H,Cole Anthony,23,7
2025-01-17,BOS,ORL,121,94,H,Wendell Carter Jr.,15,9
2025-01-17,BOS,ORL,121,94,H,Paolo Banchero,21,4
2025-01-17,BOS,ORL,121,94,H,Jrue Holiday,9,6
2025-01-17,BOS,ORL,121,94,H,Anthony Black,13,6
2025-01-17,BOS,ORL,121,94,H,Derrick White,12,3
2025-01-17,BOS,ORL,121,94,H,Al Horford,6,3
2025-01-17,BOS,ORL,121,94,H,Sam Hauser,8,1
2025-01-17,BOS,ORL,121,94,H,Trevelin Queen,9,4
2025-01-17,BOS,ORL,121,94,H,Neemias Queta,7,3
2025-01-17,BOS,ORL,121,94,H,Kentavious Caldwell-Pope,5,1
2025-01-17,BOS,ORL,121,94,H,Tristan Da Silva,5,3
2025-01-17,BOS,ORL,121,94,H,Jonathan Isaac,3,3
2025-01-17,BOS,ORL,121,94,H,Luke Kornet,2,4
2025-01-17,BOS,ORL,121,94,H,Payton Pritchard,4,2
2025-01-17,BOS,ORL,121,94,H,Jaden Springer,0,0
2025-01-17,BOS,ORL,121,94,H,Baylor Scheierman,0,3
2025-01-17,BOS,ORL,121,94,H,Cory Joseph,0,0
2025-01-17,BOS,ORL,121,94,H,Jordan Walsh,0,0
2025-01-17,BOS,ORL,121,94,H,Caleb Houstan,0,0
2025-01-17,MEM,SAS,140,112,H,Desmond Bane,22,6
2025-01-17,MEM,SAS,140,112,H,Santi Aldama,29,8
2025-01-17,MEM,SAS,140,112,H,Jaylen Wells,22,3
2025-01-17,MEM,SAS,140,112,H,Victor Wembanyama,19,12
2025-01-17,MEM,SAS,140,112,H,Luke Kennard,17,3
2025-01-17,MEM,SAS,140,112,H,Stephon Castle,20,4
2025-01-17,MEM,SAS,140,112,H,Devin Vassell,21,2
2025-01-17,MEM,SAS,140,112,H,Charles Bassey,12,9
2025-01-17,MEM,SAS,140,112,H,Harrison Barnes,13,4
2025-01-17,MEM,SAS,140,112,H,Brandon Clarke,12,3
2025-01-17,MEM,SAS,140,112,H,Jaren Jackson Jr.,19,2
2025-01-17,MEM,SAS,140,112,H,Jake LaRavia,4,8
2025-01-17,MEM,SAS,140,112,H,Scotty Pippen Jr.,7,1
2025-01-17,MEM,SAS,140,112,H,Chris Paul,6,2
2025-01-17,MEM,SAS,140,112,H,Zach Edey,4,4
2025-01-17,MEM,SAS,140,112,H,Jay Huff,4,3
2025-01-17,MEM,SAS,140,112,H,Keldon Johnson,8,2
2025-01-17,MEM,SAS,140,112,H,Zach Collins,3,0
2025-01-17,MEM,SAS,140,112,H,Sandro Mamukelashvili,4,1
2025-01-17,MEM,SAS,140,112,H,Julian Champagnie,4,2
2025-01-17,MEM,SAS,140,112,H,Blake Wesley,0,0
2025-01-17,MEM,SAS,140,112,H,Yuki Kawamura,0,0
2025-01-17,MEM,SAS,140,112,H,John Konchar,0,0
2025-01-17,MEM,SAS,140,112,H,Tre Jones,2,2
2025-01-17,MEM,SAS,140,112,H,Malaki Branham,0,0
2025-01-17,NOP,UTA,136,123,H,Zion Williamson,24,14
2025-01-17,NOP,UTA,136,123,H,Collin Sexton,24,4
2025-01-17,NOP,UTA,136,123,H,Keyonte George,26,4
2025-01-17,NOP,UTA,136,123,H,CJ McCollum,26,5
2025-01-17,NOP,UTA,136,123,H,Drew Eubanks,17,7
2025-01-17,NOP,UTA,136,123,H,Daniel Theis,18,8
2025-01-17,NOP,UTA,136,123,H,Trey Murphy III,19,4
2025-01-17,NOP,UTA,136,123,H,Jose Alvarado,19,5
2025-01-17,NOP,UTA,136,123,H,Jeremiah Robinson-Earl,8,7
2025-01-17,NOP,UTA,136,123,H,Isaiah Collier,8,7
2025-01-17,NOP,UTA,136,123,H,Oscar Tshiebwe,8,6
2025-01-17,NOP,UTA,136,123,H,Dejounte Murray,8,5
2025-01-17,NOP,UTA,136,123,H,Svi Mykhailiuk,16,5
2025-01-17,NOP,UTA,136,123,H,Brice Sensabaugh,15,2
2025-01-17,NOP,UTA,136,123,H,Kyle Filipowski,4,2
2025-01-17,NOP,UTA,136,123,H,Patty Mills,4,1
2025-01-17,NOP,UTA,136,123,H,Javonte Green,3,3
2025-01-17,NOP,UTA,136,123,H,Jordan Hawkins,11,3
2025-01-17,NOP,UTA,136,123,H,Elijah Harkless,1,1
2025-01-17,NOP,UTA,136,123,H,Jamal Cain,0,1
2025-01-17,NOP,UTA,136,123,H,Cody Williams,0,1
2025-01-17,NOP,UTA,136,123,H,Karlo Matković,0,1
2025-01-17,DAL,OKC,106,98,H,Kyrie Irving,25,5
2025-01-17,DAL,OKC,106,98,H,Luguentz Dort,18,5
2025-01-17,DAL,OKC,106,98,H,Naji Marshall,14,10
2025-01-17,DAL,OKC,106,98,H,Spencer Dinwiddie,16,3
2025-01-17,DAL,OKC,106,98,H,P.J. Washington,16,7
2025-01-17,DAL,OKC,106,98,H,Jaylin Williams,12,10
2025-01-17,DAL,OKC,106,98,H,Cason Wallace,10,6
2025-01-17,DAL,OKC,106,98,H,Klay Thompson,6,5
2025-01-17,DAL,OKC,106,98,H,Maxi Kleber,7,2
2025-01-17,DAL,OKC,106,98,H,Aaron Wiggins,12,6
2025-01-17,DAL,OKC,106,98,H,Ousmane Dieng,8,1
2025-01-17,DAL,OKC,106,98,H,Olivier-Maxence Prosper,7,2
2025-01-17,DAL,OKC,106,98,H,Quentin Grimes,5,3
2025-01-17,DAL,OKC,106,98,H,Daniel Gafford,8,6
2025-01-17,DAL,OKC,106,98,H,Isaiah Joe,7,2
2025-01-17,DAL,OKC,106,98,H,Jalen Williams,19,5
2025-01-17,DAL,OKC,106,98,H,Alex Caruso,6,3
2025-01-17,DAL,OKC,106,98,H,Branden Carlson,3,2
2025-01-17,DAL,OKC,106,98,H,Dwight Powell,2,0
2025-01-17,DAL,OKC,106,98,H,Adam Flagler,0,0
2025-01-17,DAL,OKC,106,98,H,Kenrich Williams,3,6
2025-01-17,DAL,OKC,106,98,H,Jaden Hardy,0,0
2025-01-18,DET,PHO,121,125,A,Kevin Durant,36,7
2025-01-18,DET,PHO,121,125,A,Devin Booker,35,5
2025-01-18,DET,PHO,121,125,A,Nick Richards,21,11
2025-01-18,DET,PHO,121,125,A,Tobias Harris,21,5
2025-01-18,DET,PHO,121,125,A,Jalen Duren,15,10
2025-01-18,DET,PHO,121,125,A,Malik Beasley,14,2
2025-01-18,DET,PHO,121,125,A,Tyus Jones,4,3
2025-01-18,DET,PHO,121,125,A,Cade Cunningham,20,6
2025-01-18,DET,PHO,121,125,A,Marcus Sasser,11,4
2025-01-18,DET,PHO,121,125,A,Ryan Dunn,12,8
2025-01-18,DET,PHO,121,125,A,Paul Reed,6,3
2025-01-18,DET,PHO,121,125,A,Ron Holland,9,2
2025-01-18,DET,PHO,121,125,A,Tim Hardaway Jr.,12,2
2025-01-18,DET,PHO,121,125,A,Mason Plumlee,4,6
2025-01-18,DET,PHO,121,125,A,Grayson Allen,7,3
2025-01-18,DET,PHO,121,125,A,Ausar Thompson,6,4
2025-01-18,DET,PHO,121,125,A,Royce O'Neale,5,6
2025-01-18,DET,PHO,121,125,A,Simone Fontecchio,4,2
2025-01-18,DET,PHO,121,125,A,Isaiah Stewart,3,3
2025-01-18,DET,PHO,121,125,A,Oso Ighodaro,1,1
2025-01-18,DET,PHO,121,125,A,Monte Morris,0,0
2025-01-18,GSW,WAS,122,114,H,Jordan Poole,38,5
2025-01-18,GSW,WAS,122,114,H,Andrew Wiggins,31,11
2025-01-18,GSW,WAS,122,114,H,Stephen Curry,26,5
2025-01-18,GSW,WAS,122,114,H,Kyle Kuzma,22,6
2025-01-18,GSW,WAS,122,114,H,Dennis Schröder,20,1
2025-01-18,GSW,WAS,122,114,H,Carlton Carrington,17,2
2025-01-18,GSW,WAS,122,114,H,Moses Moody,13,2
2025-01-18,GSW,WAS,122,114,H,Kevon Looney,10,13
2025-01-18,GSW,WAS,122,114,H,Alex Sarr,11,9
2025-01-18,GSW,WAS,122,114,H,Corey Kispert,10,4
2025-01-18,GSW,WAS,122,114,H,Trayce Jackson-Davis,6,15
2025-01-18,GSW,WAS,122,114,H,Gary Payton II,10,2
2025-01-18,GSW,WAS,122,114,H,Kyshawn George,7,3
2025-01-18,GSW,WAS,122,114,H,Jonas Valančiūnas,5,9
2025-01-18,GSW,WAS,122,114,H,Buddy Hield,6,2
2025-01-18,GSW,WAS,122,114,H,Gui Santos,0,3
2025-01-18,GSW,WAS,122,114,H,Bilal Coulibaly,4,6
2025-01-18,GSW,WAS,122,114,H,Draymond Green,0,1
2025-01-18,GSW,WAS,122,114,H,Lindy Waters III,0,0
2025-01-18,CLE,MIN,124,117,H,Donovan Mitchell,36,8
2025-01-18,CLE,MIN,124,117,H,Darius Garland,29,5
2025-01-18,CLE,MIN,124,117,H,Julius Randle,20,14
2025-01-18,CLE,MIN,124,117,H,Anthony Edwards,28,3
2025-01-18,CLE,MIN,124,117,H,Rudy Gobert,17,12
2025-01-18,CLE,MIN,124,117,H,Georges Niang,15,10
2025-01-18,CLE,MIN,124,117,H,Naz Reid,16,2
2025-01-18,CLE,MIN,124,117,H,Ty Jerome,15,4
2025-01-18,CLE,MIN,124,117,H,Jaden McDaniels,13,5
2025-01-18,CLE,MIN,124,117,H,Jarrett Allen,14,4
2025-01-18,CLE,MIN,124,117,H,Mike Conley,9,3
2025-01-18,CLE,MIN,124,117,H,Dean Wade,8,5
2025-01-18,CLE,MIN,124,117,H,Max Strus,5,6
2025-01-18,CLE,MIN,124,117,H,Rob Dillingham,12,0
2025-01-18,CLE,MIN,124,117,H,Caris LeVert,2,4
2025-01-18,CLE,MIN,124,117,H,Joe Ingles,0,0
2025-01-18,CLE,MIN,124,117,H,Sam Merrill,0,1
2025-01-18,CLE,MIN,124,117,H,Nickeil Alexander-Walker,2,3
2025-01-18,HOU,POR,125,103,H,Scoot Henderson,21,5
2025-01-18,HOU,POR,125,103,H,Alperen Şengün,23,15
2025-01-18,HOU,POR,125,103,H,Tari Eason,18,8
2025-01-18,HOU,POR,125,103,H,Dillon Brooks,22,6
2025-01-18,HOU,POR,125,103,H,Jalen Green,26,5
2025-01-18,HOU,POR,125,103,H,Toumani Camara,17,5
2025-01-18,HOU,POR,125,103,H,Anfernee Simons,13,4
2025-01-18,HOU,POR,125,103,H,Cam Whitmore,12,10
2025-01-18,HOU,POR,125,103,H,Aaron Holiday,10,0
2025-01-18,HOU,POR,125,103,H,Jabari Walker,10,5
2025-01-18,HOU,POR,125,103,H,Steven Adams,2,9
2025-01-18,HOU,POR,125,103,H,Robert Williams,4,4
2025-01-18,HOU,POR,125,103,H,Dalano Banton,7,3
2025-01-18,HOU,POR,125,103,H,Shaedon Sharpe,13,8
2025-01-18,HOU,POR,125,103,H,Fred VanVleet,9,4
2025-01-18,HOU,POR,125,103,H,Jerami Grant,7,4
2025-01-18,HOU,POR,125,103,H,Reed Sheppard,3,1
2025-01-18,HOU,POR,125,103,H,Kris Murray,7,2
2025-01-18,HOU,POR,125,103,H,Bryce McGowens,4,0
2025-01-18,HOU,POR,125,103,H,Justin Minaya,0,0
2025-01-18,HOU,POR,125,103,H,Jeenathan Williams,0,0
2025-01-18,HOU,POR,125,103,H,Rayan Rupert,0,0
2025-01-18,HOU,POR,125,103,H,Duop Reath,0,0
2025-01-18,HOU,POR,125,103,H,Jae'Sean Tate,0,3
2025-01-18,ATL,BOS,119,115,H,Trae Young,28,4
2025-01-18,ATL,BOS,119,115,H,Luke Kornet,17,7
2025-01-18,ATL,BOS,119,115,H,Onyeka Okongwu,19,13
2025-01-18,ATL,BOS,119,115,H,Jayson Tatum,23,8
2025-01-18,ATL,BOS,119,115,H,Jaylen Brown,24,11
2025-01-18,ATL,BOS,119,115,H,Dyson Daniels,23,4
2025-01-18,ATL,BOS,119,115,H,Payton Pritchard,20,6
2025-01-18,ATL,BOS,119,115,H,De'Andre Hunter,16,6
2025-01-18,ATL,BOS,119,115,H,Derrick White,21,8
2025-01-18,ATL,BOS,119,115,H,Jalen Johnson,14,13
2025-01-18,ATL,BOS,119,115,H,Bogdan Bogdanović,7,3
2025-01-18,ATL,BOS,119,115,H,Vit Krejci,7,2
2025-01-18,ATL,BOS,119,115,H,Jrue Holiday,8,6
2025-01-18,ATL,BOS,119,115,H,Neemias Queta,2,4
2025-01-18,ATL,BOS,119,115,H,Garrison Mathews,2,1
2025-01-18,ATL,BOS,119,115,H,Clint Capela,3,9
2025-01-18,ATL,BOS,119,115,H,Sam Hauser,0,3
2025-01-18,IND,PHI,115,102,H,Pascal Siakam,21,8
2025-01-18,IND,PHI,115,102,H,Tyrese Maxey,28,1
2025-01-18,IND,PHI,115,102,H,Adem Bona,12,6
2025-01-18,IND,PHI,115,102,H,Kelly Oubre Jr.,18,8
2025-01-18,IND,PHI,115,102,H,Ricky Council IV,18,9
2025-01-18,IND,PHI,115,102,H,Myles Turner,18,11
2025-01-18,IND,PHI,115,102,H,T.J. McConnell,10,2
2025-01-18,IND,PHI,115,102,H,Ben Sheppard,12,3
2025-01-18,IND,PHI,115,102,H,Thomas Bryant,12,6
2025-01-18,IND,PHI,115,102,H,Aaron Nesmith,12,2
2025-01-18,IND,PHI,115,102,H,Jeff Dowtin,6,1
2025-01-18,IND,PHI,115,102,H,Tyrese Haliburton,9,5
2025-01-18,IND,PHI,115,102,H,Bennedict Mathurin,8,7
2025-01-18,IND,PHI,115,102,H,Eric Gordon,4,1
2025-01-18,IND,PHI,115,102,H,Pete Nance,4,0
2025-01-18,IND,PHI,115,102,H,Andrew Nembhard,7,1
2025-01-18,IND,PHI,115,102,H,Obi Toppin,4,2
2025-01-18,IND,PHI,115,102,H,Jarace Walker,2,3
2025-01-18,IND,PHI,115,102,H,Andre Drummond,8,3
2025-01-18,IND,PHI,115,102,H,Johnny Furphy,0,0
2025-01-18,IND,PHI,115,102,H,RayJ Dennis,0,0
2025-01-18,IND,PHI,115,102,H,Justin Edwards,4,3
2025-01-19,MIL,PHI,123,109,H,Giannis Antetokounmpo,34,15
2025-01-19,MIL,PHI,123,109,H,Tyrese Maxey,37,6
2025-01-19,MIL,PHI,123,109,H,Damian Lillard,25,5
2025-01-19,MIL,PHI,123,109,H,Kelly Oubre Jr.,19,6
2025-01-19,MIL,PHI,123,109,H,Khris Middleton,13,5
2025-01-19,MIL,PHI,123,109,H,Brook Lopez,12,7
2025-01-19,MIL,PHI,123,109,H,Ricky Council IV,13,4
2025-01-19,MIL,PHI,123,109,H,Andre Jackson Jr.,9,3
2025-01-19,MIL,PHI,123,109,H,Eric Gordon,10,1
2025-01-19,MIL,PHI,123,109,H,Taurean Prince,11,2
2025-01-19,MIL,PHI,123,109,H,Adem Bona,10,6
2025-01-19,MIL,PHI,123,109,H,Jeff Dowtin,5,4
2025-01-19,MIL,PHI,123,109,H,Ryan Rollins,7,1
2025-01-19,MIL,PHI,123,109,H,Pete Nance,8,6
2025-01-19,MIL,PHI,123,109,H,Bobby Portis,6,8
2025-01-19,MIL,PHI,123,109,H,Gary Trent Jr.,6,2
2025-01-19,MIL,PHI,123,109,H,Justin Edwards,7,5
2025-01-19,MIL,PHI,123,109,H,Chris Livingston,0,0
2025-01-19,MIL,PHI,123,109,H,Stanley Umude,0,0
2025-01-19,BRK,OKC,101,127,A,Shai Gilgeous-Alexander,27,3
2025-01-19,BRK,OKC,101,127,A,Isaiah Joe,24,1
2025-01-19,BRK,OKC,101,127,A,Jaylin Williams,14,8
2025-01-19,BRK,OKC,101,127,A,Tyrese Martin,15,6
2025-01-19,BRK,OKC,101,127,A,Cason Wallace,9,6
2025-01-19,BRK,OKC,101,127,A,Nic Claxton,11,5
2025-01-19,BRK,OKC,101,127,A,Ousmane Dieng,12,3
2025-01-19,BRK,OKC,101,127,A,Aaron Wiggins,12,3
2025-01-19,BRK,OKC,101,127,A,Day'Ron Sharpe,9,7
2025-01-19,BRK,OKC,101,127,A,D'Angelo Russell,9,4
2025-01-19,BRK,OKC,101,127,A,Branden Carlson,8,5
2025-01-19,BRK,OKC,101,127,A,Dillon Jones,6,5
2025-01-19,BRK,OKC,101,127,A,Cameron Johnson,15,2
2025-01-19,BRK,OKC,101,127,A,Ziaire Williams,7,5
2025-01-19,BRK,OKC,101,127,A,Alex Ducas,9,1
2025-01-19,BRK,OKC,101,127,A,Noah Clowney,9,4
2025-01-19,BRK,OKC,101,127,A,Tosan Evbuomwan,9,4
2025-01-19,BRK,OKC,101,127,A,Alex Caruso,6,3
2025-01-19,BRK,OKC,101,127,A,Reece Beekman,3,0
2025-01-19,BRK,OKC,101,127,A,Keon Johnson,6,1
2025-01-19,BRK,OKC,101,127,A,Jalen Wilson,8,3
2025-01-19,BRK,OKC,101,127,A,Adam Flagler,0,2
2025-01-19,BRK,OKC,101,127,A,Luguentz Dort,0,3
2025-01-19,DEN,ORL,113,100,H,Nikola Jokić,20,14
2025-01-19,DEN,ORL,113,100,H,Christian Braun,20,11
2025-01-19,DEN,ORL,113,100,H,Wendell Carter Jr.,16,13
2025-01-19,DEN,ORL,113,100,H,Jamal Murray,19,2
2025-01-19,DEN,ORL,113,100,H,Anthony Black,14,1
2025-01-19,DEN,ORL,113,100,H,Michael Porter Jr.,15,6
2025-01-19,DEN,ORL,113,100,H,Tristan Da Silva,12,4
2025-01-19,DEN,ORL,113,100,H,Jonathan Isaac,10,6
2025-01-19,DEN,ORL,113,100,H,Paolo Banchero,10,7
2025-01-19,DEN,ORL,113,100,H,Cole Anthony,9,6
2025-01-19,DEN,ORL,113,100,H,Russell Westbrook,12,5
2025-01-19,DEN,ORL,113,100,H,Kentavious Caldwell-Pope,12,1
2025-01-19,DEN,ORL,113,100,H,Trevelin Queen,8,1
2025-01-19,DEN,ORL,113,100,H,Peyton Watson,4,2
2025-01-19,DEN,ORL,113,100,H,Caleb Houstan,6,0
2025-01-19,DEN,ORL,113,100,H,Julian Strawther,7,3
2025-01-19,DEN,ORL,113,100,H,Aaron Gordon,9,4
2025-01-19,DEN,ORL,113,100,H,Jalen Pickett,2,1
2025-01-19,DEN,ORL,113,100,H,Cory Joseph,3,0
2025-01-19,DEN,ORL,113,100,H,PJ Hall,1,1
2025-01-19,DEN,ORL,113,100,H,Zeke Nnaji,0,1
2025-01-19,DEN,ORL,113,100,H,DeAndre Jordan,4,7
2025-01-19,DEN,ORL,113,100,H,Hunter Tyson,0,0
2025-01-19,SAC,WAS,123,100,H,Domantas Sabonis,29,18
2025-01-19,SAC,WAS,123,100,H,Jonas Valančiūnas,23,12
2025-01-19,SAC,WAS,123,100,H,Malik Monk,23,1
2025-01-19,SAC,WAS,123,100,H,DeMar DeRozan,24,6
2025-01-19,SAC,WAS,123,100,H,De'Aaron Fox,12,5
2025-01-19,SAC,WAS,123,100,H,Keon Ellis,18,3
2025-01-19,SAC,WAS,123,100,H,Corey Kispert,14,3
2025-01-19,SAC,WAS,123,100,H,Alex Len,4,4
2025-01-19,SAC,WAS,123,100,H,Carlton Carrington,6,6
2025-01-19,SAC,WAS,123,100,H,Kyshawn George,6,3
2025-01-19,SAC,WAS,123,100,H,Kyle Kuzma,13,7
2025-01-19,SAC,WAS,123,100,H,Bilal Coulibaly,11,4
2025-01-19,SAC,WAS,123,100,H,Keegan Murray,4,5
2025-01-19,SAC,WAS,123,100,H,Justin Champagnie,6,1
2025-01-19,SAC,WAS,123,100,H,Anthony Gill,2,1
2025-01-19,SAC,WAS,123,100,H,Isaiah Crawford,2,2
2025-01-19,SAC,WAS,123,100,H,Trey Lyles,4,5
2025-01-19,SAC,WAS,123,100,H,Jordan Poole,11,1
2025-01-19,SAC,WAS,123,100,H,Alex Sarr,6,7
2025-01-19,SAC,WAS,123,100,H,Jordan McLaughlin,0,0
2025-01-19,SAC,WAS,123,100,H,Johnny Davis,2,0
2025-01-19,SAC,WAS,123,100,H,Jared Butler,0,1
2025-01-19,SAC,WAS,123,100,H,Doug McDermott,0,0
2025-01-19,SAC,WAS,123,100,H,Tristan Vukcevic,0,0
2025-01-19,SAC,WAS,123,100,H,Kevin Huerter,3,2
2025-01-19,LAC,LAL,116,102,H,Ivica Zubac,21,19
2025-01-19,LAC,LAL,116,102,H,LeBron James,25,5
2025-01-19,LAC,LAL,116,102,H,Kawhi Leonard,19,1
2025-01-19,LAC,LAL,116,102,H,Norman Powell,22,4
2025-01-19,LAC,LAL,116,102,H,Rui Hachimura,19,7
2025-01-19,LAC,LAL,116,102,H,James Harden,21,4
2025-01-19,LAC,LAL,116,102,H,Anthony Davis,16,10
2025-01-19,LAC,LAL,116,102,H,Austin Reaves,14,2
2025-01-19,LAC,LAL,116,102,H,Dalton Knecht,10,4
2025-01-19,LAC,LAL,116,102,H,Kevin Porter Jr.,8,0
2025-01-19,LAC,LAL,116,102,H,Nicolas Batum,6,3
2025-01-19,LAC,LAL,116,102,H,Max Christie,10,1
2025-01-19,LAC,LAL,116,102,H,Jaxson Hayes,4,2
2025-01-19,LAC,LAL,116,102,H,Derrick Jones Jr.,9,4
2025-01-19,LAC,LAL,116,102,H,Amir Coffey,6,0
2025-01-19,LAC,LAL,116,102,H,Mo Bamba,3,2
2025-01-19,LAC,LAL,116,102,H,Cam Christie,1,0
2025-01-19,LAC,LAL,116,102,H,Dorian Finney-Smith,0,1
2025-01-19,LAC,LAL,116,102,H,Gabe Vincent,4,0
2025-01-19,LAC,LAL,116,102,H,Bronny James,0,0
2025-01-19,LAC,LAL,116,102,H,Christian Koloko,0,1
2025-01-19,LAC,LAL,116,102,H,Kris Dunn,0,1
2025-01-19,CHI,POR,102,113,A,Scoot Henderson,25,7
2025-01-19,CHI,POR,102,113,A,Nikola Vučević,17,11
2025-01-19,CHI,POR,102,113,A,Zach LaVine,27,4
2025-01-19,CHI,POR,102,113,A,Deni Avdija,20,12
2025-01-19,CHI,POR,102,113,A,Deandre Ayton,15,13
2025-01-19,CHI,POR,102,113,A,Shaedon Sharpe,23,4
2025-01-19,CHI,POR,102,113,A,Jerami Grant,18,1
2025-01-19,CHI,POR,102,113,A,Patrick Williams,15,3
2025-01-19,CHI,POR,102,113,A,Ayo Dosunmu,12,1
2025-01-19,CHI,POR,102,113,A,Matas Buzelis,7,3
2025-01-19,CHI,POR,102,113,A,Jalen Smith,7,3
2025-01-19,CHI,POR,102,113,A,Dalano Banton,6,1
2025-01-19,CHI,POR,102,113,A,Kris Murray,2,2
2025-01-19,CHI,POR,102,113,A,Dalen Terry,6,3
2025-01-19,CHI,POR,102,113,A,Jabari Walker,4,4
2025-01-19,CHI,POR,102,113,A,Coby White,9,3
2025-01-19,CHI,POR,102,113,A,Josh Giddey,0,3
2025-01-19,CHI,POR,102,113,A,Julian Phillips,2,1
2025-01-19,CHI,POR,102,113,A,Talen Horton-Tucker,0,1
2025-01-19,CHI,POR,102,113,A,Toumani Camara,0,6
2025-01-19,MIA,SAS,128,107,H,Kel'el Ware,25,8
2025-01-19,MIA,SAS,128,107,H,Tyler Herro,18,6
2025-01-19,MIA,SAS,128,107,H,Duncan Robinson,21,5
2025-01-19,MIA,SAS,128,107,H,Terry Rozier,20,4
2025-01-19,MIA,SAS,128,107,H,Chris Paul,10,4
2025-01-19,MIA,SAS,128,107,H,Devin Vassell,23,3
2025-01-19,MIA,SAS,128,107,H,Nikola Jović,14,2
2025-01-19,MIA,SAS,128,107,H,Jaime Jaquez Jr.,12,6
2025-01-19,MIA,SAS,128,107,H,Victor Wembanyama,21,10
2025-01-19,MIA,SAS,128,107,H,Jimmy Butler,8,3
2025-01-19,MIA,SAS,128,107,H,Harrison Barnes,10,5
2025-01-19,MIA,SAS,128,107,H,Bam Adebayo,6,11
2025-01-19,MIA,SAS,128,107,H,Stephon Castle,11,4
2025-01-19,MIA,SAS,128,107,H,Keldon Johnson,8,3
2025-01-19,MIA,SAS,128,107,H,Zach Collins,2,3
2025-01-19,MIA,SAS,128,107,H,Tre Jones,5,2
2025-01-19,MIA,SAS,128,107,H,Sidy Cissoko,4,1
2025-01-19,MIA,SAS,128,107,H,Sandro Mamukelashvili,4,1
2025-01-19,MIA,SAS,128,107,H,Charles Bassey,2,4
2025-01-19,MIA,SAS,128,107,H,Julian Champagnie,5,3
2025-01-19,MIA,SAS,128,107,H,Blake Wesley,2,1
2025-01-19,MIA,SAS,128,107,H,Haywood Highsmith,2,3
2025-01-19,MIA,SAS,128,107,H,Pelle Larsson,2,0
2025-01-19,MIA,SAS,128,107,H,Keshad Johnson,0,1
2025-01-19,MIA,SAS,128,107,H,Malaki Branham,0,0
2025-01-19,MIA,SAS,128,107,H,Josh Christopher,0,0
2025-01-20,CHO,DAL,110,105,H,Daniel Gafford,31,15
2025-01-20,CHO,DAL,110,105,H,Kyrie Irving,33,4
2025-01-20,CHO,DAL,110,105,H,LaMelo Ball,23,7
2025-01-20,CHO,DAL,110,105,H,Miles Bridges,23,5
2025-01-20,CHO,DAL,110,105,H,Cody Martin,10,7
2025-01-20,CHO,DAL,110,105,H,Nick Smith Jr.,19,3
2025-01-20,CHO,DAL,110,105,H,Mark Williams,13,13
2025-01-20,CHO,DAL,110,105,H,Moussa Diabaté,10,2
2025-01-20,CHO,DAL,110,105,H,Olivier-Maxence Prosper,6,8
2025-01-20,CHO,DAL,110,105,H,Spencer Dinwiddie,7,5
2025-01-20,CHO,DAL,110,105,H,Josh Green,4,5
2025-01-20,CHO,DAL,110,105,H,P.J. Washington,13,9
2025-01-20,CHO,DAL,110,105,H,Naji Marshall,8,5
2025-01-20,CHO,DAL,110,105,H,Klay Thompson,7,2
2025-01-20,CHO,DAL,110,105,H,Josh Okogie,5,4
2025-01-20,CHO,DAL,110,105,H,Seth Curry,3,0
2025-01-20,CHO,DAL,110,105,H,Maxi Kleber,0,2
2025-01-20,CHO,DAL,110,105,H,Kessler Edwards,0,1
2025-01-20,CHO,DAL,110,105,H,Vasilije Micić,0,3
2025-01-20,NOP,UTA,123,119,H,CJ McCollum,45,8
2025-01-20,NOP,UTA,123,119,H,Walker Kessler,19,13
2025-01-20,NOP,UTA,123,119,H,Dejounte Murray,26,9
2025-01-20,NOP,UTA,123,119,H,Trey Murphy III,24,7
2025-01-20,NOP,UTA,123,119,H,Keyonte George,23,4
2025-01-20,NOP,UTA,123,119,H,Jordan Hawkins,18,1
2025-01-20,NOP,UTA,123,119,H,Svi Mykhailiuk,19,4
2025-01-20,NOP,UTA,123,119,H,Isaiah Collier,20,3
2025-01-20,NOP,UTA,123,119,H,Drew Eubanks,10,8
2025-01-20,NOP,UTA,123,119,H,Kyle Filipowski,10,17
2025-01-20,NOP,UTA,123,119,H,Daniel Theis,4,8
2025-01-20,NOP,UTA,123,119,H,Elijah Harkless,2,2
2025-01-20,NOP,UTA,123,119,H,Karlo Matković,2,3
2025-01-20,NOP,UTA,123,119,H,Jose Alvarado,3,2
2025-01-20,NOP,UTA,123,119,H,Brice Sensabaugh,11,5
2025-01-20,NOP,UTA,123,119,H,Javonte Green,1,3
2025-01-20,NOP,UTA,123,119,H,Jeremiah Robinson-Earl,0,4
2025-01-20,NOP,UTA,123,119,H,Patty Mills,3,4
2025-01-20,NOP,UTA,123,119,H,Cody Williams,2,3
2025-01-20,ATL,NYK,110,119,A,Jalen Brunson,34,1
2025-01-20,ATL,NYK,110,119,A,Mikal Bridges,26,1
2025-01-20,ATL,NYK,110,119,A,Onyeka Okongwu,14,9
2025-01-20,ATL,NYK,110,119,A,Josh Hart,14,9
2025-01-20,ATL,NYK,110,119,A,De'Andre Hunter,22,0
2025-01-20,ATL,NYK,110,119,A,Trae Young,27,3
2025-01-20,ATL,NYK,110,119,A,Clint Capela,12,9
2025-01-20,ATL,NYK,110,119,A,Vit Krejci,11,2
2025-01-20,ATL,NYK,110,119,A,Dyson Daniels,10,4
2025-01-20,ATL,NYK,110,119,A,Jalen Johnson,11,12
2025-01-20,ATL,NYK,110,119,A,Karl-Anthony Towns,13,9
2025-01-20,ATL,NYK,110,119,A,OG Anunoby,8,9
2025-01-20,ATL,NYK,110,119,A,Cameron Payne,10,1
2025-01-20,ATL,NYK,110,119,A,Miles McBride,9,3
2025-01-20,ATL,NYK,110,119,A,Precious Achiuwa,2,5
2025-01-20,ATL,NYK,110,119,A,Garrison Mathews,2,0
2025-01-20,ATL,NYK,110,119,A,Landry Shamet,3,1
2025-01-20,ATL,NYK,110,119,A,Bogdan Bogdanović,1,2
2025-01-20,CLE,PHO,118,92,H,Donovan Mitchell,33,5
2025-01-20,CLE,PHO,118,92,H,Kevin Durant,23,7
2025-01-20,CLE,PHO,118,92,H,Darius Garland,16,2
2025-01-20,CLE,PHO,118,92,H,Jarrett Allen,12,11
2025-01-20,CLE,PHO,118,92,H,Jaylon Tyson,10,5
2025-01-20,CLE,PHO,118,92,H,Grayson Allen,10,3
2025-01-20,CLE,PHO,118,92,H,Tyus Jones,13,1
2025-01-20,CLE,PHO,118,92,H,Sam Merrill,10,2
2025-01-20,CLE,PHO,118,92,H,Damion Lee,9,2
2025-01-20,CLE,PHO,118,92,H,Georges Niang,8,6
2025-01-20,CLE,PHO,118,92,H,Max Strus,9,2
2025-01-20,CLE,PHO,118,92,H,Dean Wade,8,5
2025-01-20,CLE,PHO,118,92,H,Monte Morris,4,0
2025-01-20,CLE,PHO,118,92,H,Bradley Beal,5,3
2025-01-20,CLE,PHO,118,92,H,Tristan Thompson,1,10
2025-01-20,CLE,PHO,118,92,H,Devin Booker,15,3
2025-01-20,CLE,PHO,118,92,H,Craig Porter Jr.,3,1
2025-01-20,CLE,PHO,118,92,H,Ty Jerome,8,1
2025-01-20,CLE,PHO,118,92,H,Mason Plumlee,2,0
2025-01-20,CLE,PHO,118,92,H,Oso Ighodaro,0,0
2025-01-20,CLE,PHO,118,92,H,Nick Richards,4,4
2025-01-20,CLE,PHO,118,92,H,Bol Bol,3,2
2025-01-20,CLE,PHO,118,92,H,Ryan Dunn,4,3
2025-01-20,CLE,PHO,118,92,H,Royce O'Neale,0,6
2025-01-20,CLE,PHO,118,92,H,Emoni Bates,0,0
2025-01-20,CLE,PHO,118,92,H,JT Thor,0,0
2025-01-20,DET,HOU,107,96,H,Jalen Duren,16,14
2025-01-20,DET,HOU,107,96,H,Cade Cunningham,32,9
2025-01-20,DET,HOU,107,96,H,Fred VanVleet,20,5
2025-01-20,DET,HOU,107,96,H,Amen Thompson,17,6
2025-01-20,DET,HOU,107,96,H,Malik Beasley,17,0
2025-01-20,DET,HOU,107,96,H,Alperen Şengün,11,8
2025-01-20,DET,HOU,107,96,H,Tim Hardaway Jr.,10,1
2025-01-20,DET,HOU,107,96,H,Tari Eason,8,4
2025-01-20,DET,HOU,107,96,H,Jalen Green,19,4
2025-01-20,DET,HOU,107,96,H,Marcus Sasser,8,3
2025-01-20,DET,HOU,107,96,H,Ausar Thompson,11,9
2025-01-20,DET,HOU,107,96,H,Cam Whitmore,10,6
2025-01-20,DET,HOU,107,96,H,Jock Landale,6,3
2025-01-20,DET,HOU,107,96,H,Isaiah Stewart,6,8
2025-01-20,DET,HOU,107,96,H,Tobias Harris,4,4
2025-01-20,DET,HOU,107,96,H,Ron Holland,3,1
2025-01-20,DET,HOU,107,96,H,Aaron Holiday,0,3
2025-01-20,DET,HOU,107,96,H,Simone Fontecchio,0,3
2025-01-20,DET,HOU,107,96,H,Dillon Brooks,5,0
2025-01-20,CHI,LAC,112,99,H,Zach LaVine,35,3
2025-01-20,CHI,LAC,112,99,H,Josh Giddey,18,10
2025-01-20,CHI,LAC,112,99,H,Norman Powell,27,2
2025-01-20,CHI,LAC,112,99,H,Nikola Vučević,14,8
2025-01-20,CHI,LAC,112,99,H,James Harden,17,5
2025-01-20,CHI,LAC,112,99,H,Talen Horton-Tucker,18,1
2025-01-20,CHI,LAC,112,99,H,Mo Bamba,10,7
2025-01-20,CHI,LAC,112,99,H,Derrick Jones Jr.,12,6
2025-01-20,CHI,LAC,112,99,H,Terance Mann,12,2
2025-01-20,CHI,LAC,112,99,H,Patrick Williams,8,5
2025-01-20,CHI,LAC,112,99,H,Kobe Brown,5,3
2025-01-20,CHI,LAC,112,99,H,Amir Coffey,8,4
2025-01-20,CHI,LAC,112,99,H,Jalen Smith,4,7
2025-01-20,CHI,LAC,112,99,H,Matas Buzelis,5,4
2025-01-20,CHI,LAC,112,99,H,Julian Phillips,4,6
2025-01-20,CHI,LAC,112,99,H,Lonzo Ball,5,4
2025-01-20,CHI,LAC,112,99,H,Kris Dunn,2,1
2025-01-20,CHI,LAC,112,99,H,Dalen Terry,1,6
2025-01-20,CHI,LAC,112,99,H,Kai Jones,2,0
2025-01-20,CHI,LAC,112,99,H,Jordan Miller,2,0
2025-01-20,CHI,LAC,112,99,H,Nicolas Batum,0,6
2025-01-20,CHI,LAC,112,99,H,Cam Christie,0,1
2025-01-20,CHI,LAC,112,99,H,Trentyn Flowers,0,0
2025-01-20,CHI,LAC,112,99,H,Kevin Porter Jr.,2,3
2025-01-20,MEM,MIN,108,106,H,Desmond Bane,22,6
2025-01-20,MEM,MIN,108,106,H,Naz Reid,29,8
2025-01-20,MEM,MIN,108,106,H,Anthony Edwards,32,4
2025-01-20,MEM,MIN,108,106,H,Jaren Jackson Jr.,24,11
2025-01-20,MEM,MIN,108,106,H,Rob Dillingham,15,3
2025-01-20,MEM,MIN,108,106,H,Ja Morant,19,4
2025-01-20,MEM,MIN,108,106,H,Jaden McDaniels,11,12
2025-01-20,MEM,MIN,108,106,H,Jaylen Wells,13,2
2025-01-20,MEM,MIN,108,106,H,Scotty Pippen Jr.,6,2
2025-01-20,MEM,MIN,108,106,H,Mike Conley,5,4
2025-01-20,MEM,MIN,108,106,H,Brandon Clarke,7,5
2025-01-20,MEM,MIN,108,106,H,Luke Kennard,7,4
2025-01-20,MEM,MIN,108,106,H,Julius Randle,5,11
2025-01-20,MEM,MIN,108,106,H,Zach Edey,2,7
2025-01-20,MEM,MIN,108,106,H,Rudy Gobert,4,4
2025-01-20,MEM,MIN,108,106,H,GG Jackson II,4,1
2025-01-20,MEM,MIN,108,106,H,Jake LaRavia,2,2
2025-01-20,MEM,MIN,108,106,H,Nickeil Alexander-Walker,5,5
2025-01-20,MEM,MIN,108,106,H,Jay Huff,0,1
2025-01-20,MEM,MIN,108,106,H,Luka Garza,0,1
2025-01-20,MEM,MIN,108,106,H,Santi Aldama,2,2
2025-01-20,BOS,GSW,125,85,H,Jayson Tatum,22,9
2025-01-20,BOS,GSW,125,85,H,Payton Pritchard,14,2
2025-01-20,BOS,GSW,125,85,H,Kristaps Porziņģis,18,7
2025-01-20,BOS,GSW,125,85,H,Luke Kornet,8,7
2025-01-20,BOS,GSW,125,85,H,Derrick White,8,5
2025-01-20,BOS,GSW,125,85,H,Moses Moody,13,6
2025-01-20,BOS,GSW,125,85,H,Stephen Curry,18,3
2025-01-20,BOS,GSW,125,85,H,Jaylen Brown,17,4
2025-01-20,BOS,GSW,125,85,H,Sam Hauser,11,2
2025-01-20,BOS,GSW,125,85,H,Jrue Holiday,10,4
2025-01-20,BOS,GSW,125,85,H,Trayce Jackson-Davis,5,5
2025-01-20,BOS,GSW,125,85,H,Quinten Post,9,1
2025-01-20,BOS,GSW,125,85,H,Baylor Scheierman,5,3
2025-01-20,BOS,GSW,125,85,H,Al Horford,3,4
2025-01-20,BOS,GSW,125,85,H,Jordan Walsh,6,2
2025-01-20,BOS,GSW,125,85,H,Gary Payton II,2,3
2025-01-20,BOS,GSW,125,85,H,Kevon Looney,5,7
2025-01-20,BOS,GSW,125,85,H,Gui Santos,7,2
2025-01-20,BOS,GSW,125,85,H,Buddy Hield,6,2
2025-01-20,BOS,GSW,125,85,H,Dennis Schröder,7,0
2025-01-20,BOS,GSW,125,85,H,Lindy Waters III,6,4
2025-01-20,BOS,GSW,125,85,H,Neemias Queta,3,0
2025-01-20,BOS,GSW,125,85,H,Pat Spencer,3,2
2025-01-20,BOS,GSW,125,85,H,Jaden Springer,0,0
2025-01-20,BOS,GSW,125,85,H,Xavier Tillman Sr.,0,1
2025-01-20,BOS,GSW,125,85,H,Andrew Wiggins,4,3
2025-01-21,DEN,PHI,144,109,H,Nikola Jokić,27,13
2025-01-21,DEN,PHI,144,109,H,Tyrese Maxey,28,2
2025-01-21,DEN,PHI,144,109,H,Christian Braun,20,2
2025-01-21,DEN,PHI,144,109,H,Guerschon Yabusele,22,3
2025-01-21,DEN,PHI,144,109,H,Julian Strawther,23,2
2025-01-21,DEN,PHI,144,109,H,Aaron Gordon,19,0
2025-01-21,DEN,PHI,144,109,H,Michael Porter Jr.,19,6
2025-01-21,DEN,PHI,144,109,H,Russell Westbrook,11,7
2025-01-21,DEN,PHI,144,109,H,Paul George,11,5
2025-01-21,DEN,PHI,144,109,H,Jamal Murray,9,6
2025-01-21,DEN,PHI,144,109,H,Eric Gordon,9,0
2025-01-21,DEN,PHI,144,109,H,Justin Edwards,11,3
2025-01-21,DEN,PHI,144,109,H,Andre Drummond,8,5
2025-01-21,DEN,PHI,144,109,H,Kelly Oubre Jr.,8,3
2025-01-21,DEN,PHI,144,109,H,DeAndre Jordan,4,6
2025-01-21,DEN,PHI,144,109,H,PJ Hall,4,3
2025-01-21,DEN,PHI,144,109,H,Adem Bona,3,3
2025-01-21,DEN,PHI,144,109,H,Peyton Watson,3,1
2025-01-21,DEN,PHI,144,109,H,Hunter Tyson,3,2
2025-01-21,DEN,PHI,144,109,H,Jalen Pickett,2,1
2025-01-21,DEN,PHI,144,109,H,Zeke Nnaji,0,2
2025-01-21,DEN,PHI,144,109,H,Reggie Jackson,2,0
2025-01-21,DEN,PHI,144,109,H,Ricky Council IV,5,0
2025-01-21,DEN,PHI,144,109,H,Jeff Dowtin,2,0
2025-01-21,DEN,PHI,144,109,H,Pete Nance,0,1
2025-01-21,LAL,WAS,111,88,H,Anthony Davis,29,16
2025-01-21,LAL,WAS,111,88,H,LeBron James,21,10
2025-01-21,LAL,WAS,111,88,H,Bilal Coulibaly,17,6
2025-01-21,LAL,WAS,111,88,H,Dorian Finney-Smith,16,2
2025-01-21,LAL,WAS,111,88,H,Corey Kispert,15,4
2025-01-21,LAL,WAS,111,88,H,Austin Reaves,16,2
2025-01-21,LAL,WAS,111,88,H,Alex Sarr,10,6
2025-01-21,LAL,WAS,111,88,H,Kyle Kuzma,12,9
2025-01-21,LAL,WAS,111,88,H,Jaxson Hayes,8,3
2025-01-21,LAL,WAS,111,88,H,Jonas Valančiūnas,8,7
2025-01-21,LAL,WAS,111,88,H,Jordan Poole,15,7
2025-01-21,LAL,WAS,111,88,H,Kyshawn George,8,2
2025-01-21,LAL,WAS,111,88,H,Rui Hachimura,9,5
2025-01-21,LAL,WAS,111,88,H,Gabe Vincent,3,2
2025-01-21,LAL,WAS,111,88,H,Max Christie,5,5
2025-01-21,LAL,WAS,111,88,H,Trey Jemison,1,2
2025-01-21,LAL,WAS,111,88,H,Dalton Knecht,3,2
2025-01-21,LAL,WAS,111,88,H,Bronny James,0,1
2025-01-21,LAL,WAS,111,88,H,Justin Champagnie,0,1
2025-01-21,LAL,WAS,111,88,H,Carlton Carrington,3,4
2025-01-21,LAL,WAS,111,88,H,Anthony Gill,0,0
2025-01-21,LAL,WAS,111,88,H,Johnny Davis,0,0
2025-01-21,LAL,WAS,111,88,H,Tristan Vukcevic,0,0
2025-01-21,BRK,NYK,95,99,A,Karl-Anthony Towns,25,16
2025-01-21,BRK,NYK,95,99,A,D'Angelo Russell,23,2
2025-01-21,BRK,NYK,95,99,A,OG Anunoby,20,4
2025-01-21,BRK,NYK,95,99,A,Josh Hart,7,12
2025-01-21,BRK,NYK,95,99,A,Noah Clowney,10,6
2025-01-21,BRK,NYK,95,99,A,Precious Achiuwa,11,4
2025-01-21,BRK,NYK,95,99,A,Day'Ron Sharpe,10,3
2025-01-21,BRK,NYK,95,99,A,Tyrese Martin,13,7
2025-01-21,BRK,NYK,95,99,A,Nic Claxton,8,12
2025-01-21,BRK,NYK,95,99,A,Jalen Brunson,17,3
2025-01-21,BRK,NYK,95,99,A,Mikal Bridges,10,1
2025-01-21,BRK,NYK,95,99,A,Cameron Johnson,16,3
2025-01-21,BRK,NYK,95,99,A,Keon Johnson,7,3
2025-01-21,BRK,NYK,95,99,A,Miles McBride,7,1
2025-01-21,BRK,NYK,95,99,A,Tosan Evbuomwan,5,6
2025-01-21,BRK,NYK,95,99,A,Cameron Payne,2,1
2025-01-21,BRK,NYK,95,99,A,Landry Shamet,0,0
2025-01-21,BRK,NYK,95,99,A,Jalen Wilson,3,5
2025-01-21,MIA,POR,107,116,A,Deandre Ayton,22,15
2025-01-21,MIA,POR,107,116,A,Kel'el Ware,20,15
2025-01-21,MIA,POR,107,116,A,Duncan Robinson,22,5
2025-01-21,MIA,POR,107,116,A,Deni Avdija,16,10
2025-01-21,MIA,POR,107,116,A,Anfernee Simons,24,4
2025-01-21,MIA,POR,107,116,A,Jimmy Butler,13,4
2025-01-21,MIA,POR,107,116,A,Jerami Grant,18,2
2025-01-21,MIA,POR,107,116,A,Shaedon Sharpe,12,5
2025-01-21,MIA,POR,107,116,A,Scoot Henderson,11,2
2025-01-21,MIA,POR,107,116,A,Nikola Jović,12,4
2025-01-21,MIA,POR,107,116,A,Dalano Banton,11,3
2025-01-21,MIA,POR,107,116,A,Bam Adebayo,12,10
2025-01-21,MIA,POR,107,116,A,Jaime Jaquez Jr.,8,6
2025-01-21,MIA,POR,107,116,A,Pelle Larsson,11,0
2025-01-21,MIA,POR,107,116,A,Terry Rozier,9,1
2025-01-21,MIA,POR,107,116,A,Robert Williams,2,4
2025-01-21,MIA,POR,107,116,A,Jabari Walker,0,2
2025-01-21,MIA,POR,107,116,A,Haywood Highsmith,0,0
2025-01-21,MIA,POR,107,116,A,Alec Burks,0,0
2025-01-21,ORL,TOR,93,109,A,Scottie Barnes,17,11
2025-01-21,ORL,TOR,93,109,A,RJ Barrett,19,8
2025-01-21,ORL,TOR,93,109,A,Kentavious Caldwell-Pope,20,1
2025-01-21,ORL,TOR,93,109,A,Bruce Brown,15,5
2025-01-21,ORL,TOR,93,109,A,Paolo Banchero,26,12
2025-01-21,ORL,TOR,93,109,A,Gradey Dick,17,1
2025-01-21,ORL,TOR,93,109,A,Anthony Black,17,7
2025-01-21,ORL,TOR,93,109,A,Kelly Olynyk,12,3
2025-01-21,ORL,TOR,93,109,A,Davion Mitchell,7,2
2025-01-21,ORL,TOR,93,109,A,Tristan Da Silva,9,5
2025-01-21,ORL,TOR,93,109,A,Wendell Carter Jr.,10,10
2025-01-21,ORL,TOR,93,109,A,Caleb Houstan,3,8
2025-01-21,ORL,TOR,93,109,A,Jakob Poeltl,8,3
2025-01-21,ORL,TOR,93,109,A,Trevelin Queen,5,3
2025-01-21,ORL,TOR,93,109,A,Jamal Shead,6,2
2025-01-21,ORL,TOR,93,109,A,Ja'Kobe Walter,3,3
2025-01-21,ORL,TOR,93,109,A,Ulrich Chomche,1,2
2025-01-21,ORL,TOR,93,109,A,A.J. Lawson,2,0
2025-01-21,ORL,TOR,93,109,A,Cory Joseph,3,0
2025-01-21,ORL,TOR,93,109,A,Jamison Battle,0,0
2025-01-21,ORL,TOR,93,109,A,Chris Boucher,2,2
2025-01-21,ORL,TOR,93,109,A,Orlando Robinson,0,0
2025-01-21,ORL,TOR,93,109,A,Garrett Temple,0,0
2025-01-21,ORL,TOR,93,109,A,Jonathan Isaac,0,2
2025-01-22,OKC,UTA,123,114,H,Shai Gilgeous-Alexander,54,8
2025-01-22,OKC,UTA,123,114,H,Walker Kessler,17,15
2025-01-22,OKC,UTA,123,114,H,Jalen Williams,25,3
2025-01-22,OKC,UTA,123,114,H,Keyonte George,15,5
2025-01-22,OKC,UTA,123,114,H,John Collins,22,12
2025-01-22,OKC,UTA,123,114,H,Cason Wallace,13,4
2025-01-22,OKC,UTA,123,114,H,Alex Caruso,7,3
2025-01-22,OKC,UTA,123,114,H,Lauri Markkanen,17,6
2025-01-22,OKC,UTA,123,114,H,Collin Sexton,18,4
2025-01-22,OKC,UTA,123,114,H,Aaron Wiggins,10,4
2025-01-22,OKC,UTA,123,114,H,Luguentz Dort,5,5
2025-01-22,OKC,UTA,123,114,H,Drew Eubanks,6,3
2025-01-22,OKC,UTA,123,114,H,Branden Carlson,6,2
2025-01-22,OKC,UTA,123,114,H,Elijah Harkless,5,2
2025-01-22,OKC,UTA,123,114,H,Jaylin Williams,3,2
2025-01-22,OKC,UTA,123,114,H,Svi Mykhailiuk,6,1
2025-01-22,OKC,UTA,123,114,H,Kyle Filipowski,0,3
2025-01-22,OKC,UTA,123,114,H,Adam Flagler,0,0
2025-01-22,OKC,UTA,123,114,H,Kenrich Williams,0,7
2025-01-22,OKC,UTA,123,114,H,Ousmane Dieng,0,1
2025-01-22,OKC,UTA,123,114,H,Isaiah Collier,8,1
2025-01-22,CHO,MEM,120,132,A,Mark Williams,38,9
2025-01-22,CHO,MEM,120,132,A,Desmond Bane,24,2
2025-01-22,CHO,MEM,120,132,A,Luke Kennard,23,4
2025-01-22,CHO,MEM,120,132,A,Ja Morant,16,4
2025-01-22,CHO,MEM,120,132,A,Jaren Jackson Jr.,22,6
2025-01-22,CHO,MEM,120,132,A,LaMelo Ball,22,8
2025-01-22,CHO,MEM,120,132,A,Miles Bridges,17,5
2025-01-22,CHO,MEM,120,132,A,Jay Huff,13,2
2025-01-22,CHO,MEM,120,132,A,Brandon Clarke,9,3
2025-01-22,CHO,MEM,120,132,A,Jaylen Wells,13,3
2025-01-22,CHO,MEM,120,132,A,Josh Okogie,6,0
2025-01-22,CHO,MEM,120,132,A,Nick Smith Jr.,9,1
2025-01-22,CHO,MEM,120,132,A,Josh Green,8,0
2025-01-22,CHO,MEM,120,132,A,Isaiah Wong,6,1
2025-01-22,CHO,MEM,120,132,A,Zach Edey,7,6
2025-01-22,CHO,MEM,120,132,A,Seth Curry,6,0
2025-01-22,CHO,MEM,120,132,A,Moussa Diabaté,3,2
2025-01-22,CHO,MEM,120,132,A,Cody Martin,5,4
2025-01-22,CHO,MEM,120,132,A,Vasilije Micić,0,2
2025-01-22,CHO,MEM,120,132,A,DaQuan Jeffries,0,1
2025-01-22,CHO,MEM,120,132,A,Scotty Pippen Jr.,0,3
2025-01-22,CHO,MEM,120,132,A,GG Jackson II,3,2
2025-01-22,CHO,MEM,120,132,A,Santi Aldama,2,5
2025-01-22,DAL,MIN,114,115,A,Kyrie Irving,36,4
2025-01-22,DAL,MIN,114,115,A,Jaden McDaniels,27,8
2025-01-22,DAL,MIN,114,115,A,Mike Conley,18,5
2025-01-22,DAL,MIN,114,115,A,P.J. Washington,30,7
2025-01-22,DAL,MIN,114,115,A,Rudy Gobert,14,6
2025-01-22,DAL,MIN,114,115,A,Daniel Gafford,14,12
2025-01-22,DAL,MIN,114,115,A,Anthony Edwards,21,5
2025-01-22,DAL,MIN,114,115,A,Julius Randle,16,6
2025-01-22,DAL,MIN,114,115,A,Naz Reid,12,6
2025-01-22,DAL,MIN,114,115,A,Maxi Kleber,10,2
2025-01-22,DAL,MIN,114,115,A,Nickeil Alexander-Walker,7,3
2025-01-22,DAL,MIN,114,115,A,Kessler Edwards,4,2
2025-01-22,DAL,MIN,114,115,A,Brandon Williams,2,0
2025-01-22,DAL,MIN,114,115,A,Spencer Dinwiddie,9,3
2025-01-22,DAL,MIN,114,115,A,Olivier-Maxence Prosper,4,4
2025-01-22,DAL,MIN,114,115,A,Quentin Grimes,5,4
2025-01-22,DAL,MIN,114,115,A,Rob Dillingham,0,0
2025-01-22,BRK,PHO,84,108,A,Devin Booker,32,2
2025-01-22,BRK,PHO,84,108,A,Kevin Durant,24,8
2025-01-22,BRK,PHO,84,108,A,Keon Johnson,20,7
2025-01-22,BRK,PHO,84,108,A,Jalen Wilson,15,4
2025-01-22,BRK,PHO,84,108,A,Nic Claxton,10,12
2025-01-22,BRK,PHO,84,108,A,Mason Plumlee,6,5
2025-01-22,BRK,PHO,84,108,A,Tyus Jones,8,2
2025-01-22,BRK,PHO,84,108,A,Dariq Whitehead,12,2
2025-01-22,BRK,PHO,84,108,A,Grayson Allen,8,2
2025-01-22,BRK,PHO,84,108,A,Nick Richards,8,15
2025-01-22,BRK,PHO,84,108,A,Day'Ron Sharpe,8,9
2025-01-22,BRK,PHO,84,108,A,Ryan Dunn,6,2
2025-01-22,BRK,PHO,84,108,A,Reece Beekman,4,3
2025-01-22,BRK,PHO,84,108,A,Monte Morris,7,2
2025-01-22,BRK,PHO,84,108,A,Collin Gillespie,2,1
2025-01-22,BRK,PHO,84,108,A,Damion Lee,3,1
2025-01-22,BRK,PHO,84,108,A,Noah Clowney,7,5
2025-01-22,BRK,PHO,84,108,A,Bol Bol,1,3
2025-01-22,BRK,PHO,84,108,A,Oso Ighodaro,0,1
2025-01-22,BRK,PHO,84,108,A,Tyrese Martin,2,7
2025-01-22,BRK,PHO,84,108,A,Tosan Evbuomwan,6,3
2025-01-22,BRK,PHO,84,108,A,Royce O'Neale,3,4
2025-01-22,GSW,SAC,117,123,A,DeMar DeRozan,32,5
2025-01-22,GSW,SAC,117,123,A,Domantas Sabonis,26,18
2025-01-22,GSW,SAC,117,123,A,Malik Monk,20,4
2025-01-22,GSW,SAC,117,123,A,Andrew Wiggins,25,6
2025-01-22,GSW,SAC,117,123,A,Stephen Curry,14,3
2025-01-22,GSW,SAC,117,123,A,Buddy Hield,17,3
2025-01-22,GSW,SAC,117,123,A,Gui Santos,16,5
2025-01-22,GSW,SAC,117,123,A,De'Aaron Fox,14,5
2025-01-22,GSW,SAC,117,123,A,Keegan Murray,13,3
2025-01-22,GSW,SAC,117,123,A,Trayce Jackson-Davis,11,8
2025-01-22,GSW,SAC,117,123,A,Keon Ellis,8,0
2025-01-22,GSW,SAC,117,123,A,Trey Lyles,7,2
2025-01-22,GSW,SAC,117,123,A,Moses Moody,11,2
2025-01-22,GSW,SAC,117,123,A,Quinten Post,5,6
2025-01-22,GSW,SAC,117,123,A,Gary Payton II,8,6
2025-01-22,GSW,SAC,117,123,A,Lindy Waters III,3,0
2025-01-22,GSW,SAC,117,123,A,Dennis Schröder,7,3
2025-01-22,GSW,SAC,117,123,A,Devin Carter,3,0
2025-01-22,GSW,SAC,117,123,A,Alex Len,0,1
2025-01-22,GSW,SAC,117,123,A,Kevin Huerter,0,0
2025-01-22,GSW,SAC,117,123,A,Kevon Looney,0,2
2025-01-22,BOS,LAC,117,113,H,Derrick Jones Jr.,29,7
2025-01-22,BOS,LAC,117,113,H,Kevin Porter Jr.,26,7
2025-01-22,BOS,LAC,117,113,H,Jaylen Brown,25,2
2025-01-22,BOS,LAC,117,113,H,Amir Coffey,24,3
2025-01-22,BOS,LAC,117,113,H,Jayson Tatum,24,7
2025-01-22,BOS,LAC,117,113,H,Sam Hauser,15,4
2025-01-22,BOS,LAC,117,113,H,Derrick White,20,6
2025-01-22,BOS,LAC,117,113,H,Neemias Queta,11,4
2025-01-22,BOS,LAC,117,113,H,Terance Mann,11,5
2025-01-22,BOS,LAC,117,113,H,Jaden Springer,8,2
2025-01-22,BOS,LAC,117,113,H,Jordan Miller,6,1
2025-01-22,BOS,LAC,117,113,H,Kobe Brown,4,11
2025-01-22,BOS,LAC,117,113,H,Jordan Walsh,3,1
2025-01-22,BOS,LAC,117,113,H,Payton Pritchard,9,4
2025-01-22,BOS,LAC,117,113,H,Luke Kornet,2,2
2025-01-22,BOS,LAC,117,113,H,Mo Bamba,5,3
2025-01-22,BOS,LAC,117,113,H,Bones Hyland,8,2
2025-01-22,BOS,LAC,117,113,H,Cam Christie,0,1
2025-01-22,BOS,LAC,117,113,H,Baylor Scheierman,0,0
2025-01-22,ATL,DET,104,114,A,Cade Cunningham,29,6
2025-01-22,ATL,DET,104,114,A,Clint Capela,16,10
2025-01-22,ATL,DET,104,114,A,Ausar Thompson,16,1
2025-01-22,ATL,DET,104,114,A,Dyson Daniels,20,10
2025-01-22,ATL,DET,104,114,A,Jalen Johnson,17,9
2025-01-22,ATL,DET,104,114,A,Jalen Duren,14,12
2025-01-22,ATL,DET,104,114,A,Onyeka Okongwu,9,10
2025-01-22,ATL,DET,104,114,A,Malik Beasley,19,2
2025-01-22,ATL,DET,104,114,A,Simone Fontecchio,13,2
2025-01-22,ATL,DET,104,114,A,Isaiah Stewart,2,12
2025-01-22,ATL,DET,104,114,A,Trae Young,13,2
2025-01-22,ATL,DET,104,114,A,Vit Krejci,9,1
2025-01-22,ATL,DET,104,114,A,Garrison Mathews,8,2
2025-01-22,ATL,DET,104,114,A,Tobias Harris,9,2
2025-01-22,ATL,DET,104,114,A,Marcus Sasser,5,2
2025-01-22,ATL,DET,104,114,A,Paul Reed,2,1
2025-01-22,ATL,DET,104,114,A,Ron Holland,2,5
2025-01-22,ATL,DET,104,114,A,De'Andre Hunter,10,0
2025-01-22,ATL,DET,104,114,A,Tim Hardaway Jr.,3,6
2025-01-22,ATL,DET,104,114,A,Bogdan Bogdanović,2,3
2025-01-22,CLE,HOU,108,109,A,Jarrett Allen,17,13
2025-01-22,CLE,HOU,108,109,A,Darius Garland,26,2
2025-01-22,CLE,HOU,108,109,A,Amen Thompson,16,16
2025-01-22,CLE,HOU,108,109,A,Fred VanVleet,26,3
2025-01-22,CLE,HOU,108,109,A,Alperen Şengün,18,11
2025-01-22,CLE,HOU,108,109,A,Ty Jerome,18,4
2025-01-22,CLE,HOU,108,109,A,Tari Eason,12,6
2025-01-22,CLE,HOU,108,109,A,Cam Whitmore,16,2
2025-01-22,CLE,HOU,108,109,A,Dean Wade,8,8
2025-01-22,CLE,HOU,108,109,A,Donovan Mitchell,19,3
2025-01-22,CLE,HOU,108,109,A,Steven Adams,3,11
2025-01-22,CLE,HOU,108,109,A,Max Strus,5,1
2025-01-22,CLE,HOU,108,109,A,Sam Merrill,7,5
2025-01-22,CLE,HOU,108,109,A,Georges Niang,8,5
2025-01-22,CLE,HOU,108,109,A,Dillon Brooks,4,0
2025-01-22,CLE,HOU,108,109,A,Tristan Thompson,0,3
2025-01-22,CLE,HOU,108,109,A,Jae'Sean Tate,4,2
2025-01-22,CLE,HOU,108,109,A,Jaylon Tyson,0,1
2025-01-22,CLE,HOU,108,109,A,Jalen Green,10,2
2025-01-23,DEN,SAC,132,123,H,Nikola Jokić,35,22
2025-01-23,DEN,SAC,132,123,H,Domantas Sabonis,23,19
2025-01-23,DEN,SAC,132,123,H,DeMar DeRozan,24,6
2025-01-23,DEN,SAC,132,123,H,Christian Braun,21,2
2025-01-23,DEN,SAC,132,123,H,Michael Porter Jr.,20,8
2025-01-23,DEN,SAC,132,123,H,Jamal Murray,18,6
2025-01-23,DEN,SAC,132,123,H,Russell Westbrook,18,5
2025-01-23,DEN,SAC,132,123,H,Trey Lyles,12,9
2025-01-23,DEN,SAC,132,123,H,Keegan Murray,11,9
2025-01-23,DEN,SAC,132,123,H,Doug McDermott,15,0
2025-01-23,DEN,SAC,132,123,H,Keon Ellis,6,3
2025-01-23,DEN,SAC,132,123,H,Malik Monk,15,2
2025-01-23,DEN,SAC,132,123,H,Peyton Watson,6,6
2025-01-23,DEN,SAC,132,123,H,De'Aaron Fox,17,5
2025-01-23,DEN,SAC,132,123,H,Julian Strawther,9,0
2025-01-23,DEN,SAC,132,123,H,DeAndre Jordan,2,5
2025-01-23,DEN,SAC,132,123,H,Devin Carter,0,0
2025-01-23,DEN,SAC,132,123,H,Kevin Huerter,0,0
2025-01-23,DEN,SAC,132,123,H,Aaron Gordon,3,2
2025-01-23,DAL,OKC,121,115,H,Jalen Williams,33,4
2025-01-23,DAL,OKC,121,115,H,Spencer Dinwiddie,28,1
2025-01-23,DAL,OKC,121,115,H,Shai Gilgeous-Alexander,31,1
2025-01-23,DAL,OKC,121,115,H,P.J. Washington,22,19
2025-01-23,DAL,OKC,121,115,H,Kyrie Irving,24,3
2025-01-23,DAL,OKC,121,115,H,Olivier-Maxence Prosper,14,3
2025-01-23,DAL,OKC,121,115,H,Alex Caruso,8,3
2025-01-23,DAL,OKC,121,115,H,Daniel Gafford,12,5
2025-01-23,DAL,OKC,121,115,H,Jaylin Williams,12,6
2025-01-23,DAL,OKC,121,115,H,Kessler Edwards,7,4
2025-01-23,DAL,OKC,121,115,H,Kenrich Williams,6,4
2025-01-23,DAL,OKC,121,115,H,Quentin Grimes,9,1
2025-01-23,DAL,OKC,121,115,H,Luguentz Dort,6,4
2025-01-23,DAL,OKC,121,115,H,Maxi Kleber,3,3
2025-01-23,DAL,OKC,121,115,H,Cason Wallace,7,7
2025-01-23,DAL,OKC,121,115,H,Aaron Wiggins,9,3
2025-01-23,DAL,OKC,121,115,H,Dillon Jones,0,1
2025-01-23,DAL,OKC,121,115,H,Branden Carlson,3,0
2025-01-23,DAL,OKC,121,115,H,Brandon Williams,2,3
2025-01-23,DAL,OKC,121,115,H,Markieff Morris,0,1
2025-01-23,MIA,MIL,96,125,A,Damian Lillard,29,10
2025-01-23,MIA,MIL,96,125,A,Giannis Antetokounmpo,25,12
2025-01-23,MIA,MIL,96,125,A,Kel'el Ware,22,10
2025-01-23,MIA,MIL,96,125,A,Tyler Herro,21,3
2025-01-23,MIA,MIL,96,125,A,Gary Trent Jr.,21,1
2025-01-23,MIA,MIL,96,125,A,Bobby Portis,16,8
2025-01-23,MIA,MIL,96,125,A,Bam Adebayo,11,14
2025-01-23,MIA,MIL,96,125,A,Brook Lopez,11,3
2025-01-23,MIA,MIL,96,125,A,Duncan Robinson,12,1
2025-01-23,MIA,MIL,96,125,A,Jaime Jaquez Jr.,8,3
2025-01-23,MIA,MIL,96,125,A,Tyler Smith,6,2
2025-01-23,MIA,MIL,96,125,A,Ryan Rollins,7,0
2025-01-23,MIA,MIL,96,125,A,Taurean Prince,3,4
2025-01-23,MIA,MIL,96,125,A,Nikola Jović,8,2
2025-01-23,MIA,MIL,96,125,A,Andre Jackson Jr.,3,4
2025-01-23,MIA,MIL,96,125,A,Pat Connaughton,2,5
2025-01-23,MIA,MIL,96,125,A,Haywood Highsmith,3,3
2025-01-23,MIA,MIL,96,125,A,Terry Rozier,4,6
2025-01-23,MIA,MIL,96,125,A,Keshad Johnson,2,2
2025-01-23,MIA,MIL,96,125,A,AJ Johnson,0,1
2025-01-23,MIA,MIL,96,125,A,MarJon Beauchamp,0,2
2025-01-23,MIA,MIL,96,125,A,Chris Livingston,0,3
2025-01-23,MIA,MIL,96,125,A,Josh Christopher,1,1
2025-01-23,MIA,MIL,96,125,A,Pelle Larsson,4,5
2025-01-23,MIA,MIL,96,125,A,Stanley Umude,2,0
2025-01-23,IND,SAS,110,140,A,Victor Wembanyama,30,11
2025-01-23,IND,SAS,110,140,A,Devin Vassell,25,3
2025-01-23,IND,SAS,110,140,A,Harrison Barnes,20,7
2025-01-23,IND,SAS,110,140,A,Bennedict Mathurin,24,3
2025-01-23,IND,SAS,110,140,A,Pascal Siakam,18,4
2025-01-23,IND,SAS,110,140,A,Tre Jones,11,4
2025-01-23,IND,SAS,110,140,A,Jeremy Sochan,13,9
2025-01-23,IND,SAS,110,140,A,Tyrese Haliburton,13,2
2025-01-23,IND,SAS,110,140,A,Andrew Nembhard,8,4
2025-01-23,IND,SAS,110,140,A,Obi Toppin,13,3
2025-01-23,IND,SAS,110,140,A,Thomas Bryant,9,3
2025-01-23,IND,SAS,110,140,A,Sandro Mamukelashvili,6,5
2025-01-23,IND,SAS,110,140,A,Chris Paul,3,8
2025-01-23,IND,SAS,110,140,A,Keldon Johnson,9,3
2025-01-23,IND,SAS,110,140,A,Julian Champagnie,7,6
2025-01-23,IND,SAS,110,140,A,Myles Turner,14,3
2025-01-23,IND,SAS,110,140,A,Malaki Branham,3,0
2025-01-23,IND,SAS,110,140,A,Zach Collins,2,1
2025-01-23,IND,SAS,110,140,A,T.J. McConnell,4,1
2025-01-23,IND,SAS,110,140,A,Blake Wesley,0,0
2025-01-23,IND,SAS,110,140,A,Sidy Cissoko,2,0
2025-01-23,IND,SAS,110,140,A,Stephon Castle,9,0
2025-01-23,IND,SAS,110,140,A,Johnny Furphy,0,2
2025-01-23,IND,SAS,110,140,A,RayJ Dennis,0,1
2025-01-23,IND,SAS,110,140,A,Jarace Walker,2,0
2025-01-23,IND,SAS,110,140,A,Ben Sheppard,2,2
2025-01-23,IND,SAS,110,140,A,Aaron Nesmith,3,3
2025-01-23,ATL,TOR,119,122,A,Dyson Daniels,22,8
2025-01-23,ATL,TOR,119,122,A,Onyeka Okongwu,19,12
2025-01-23,ATL,TOR,119,122,A,Scottie Barnes,25,6
2025-01-23,ATL,TOR,119,122,A,Jakob Poeltl,17,9
2025-01-23,ATL,TOR,119,122,A,Bruce Brown,18,5
2025-01-23,ATL,TOR,119,122,A,Bogdan Bogdanović,23,3
2025-01-23,ATL,TOR,119,122,A,Kelly Olynyk,11,4
2025-01-23,ATL,TOR,119,122,A,Trae Young,18,1
2025-01-23,ATL,TOR,119,122,A,Chris Boucher,17,2
2025-01-23,ATL,TOR,119,122,A,Dominick Barlow,11,2
2025-01-23,ATL,TOR,119,122,A,Vit Krejci,13,2
2025-01-23,ATL,TOR,119,122,A,RJ Barrett,15,6
2025-01-23,ATL,TOR,119,122,A,Gradey Dick,15,3
2025-01-23,ATL,TOR,119,122,A,Davion Mitchell,2,1
2025-01-23,ATL,TOR,119,122,A,Jalen Johnson,3,1
2025-01-23,ATL,TOR,119,122,A,Jamal Shead,2,2
2025-01-23,ATL,TOR,119,122,A,David Roddy,2,2
2025-01-23,ATL,TOR,119,122,A,De'Andre Hunter,8,2
2025-01-23,ATL,TOR,119,122,A,Garrison Mathews,0,3
2025-01-23,ATL,TOR,119,122,A,Ja'Kobe Walter,0,1
2025-01-23,BOS,LAL,96,117,A,Anthony Davis,24,8
2025-01-23,BOS,LAL,96,117,A,Austin Reaves,23,3
2025-01-23,BOS,LAL,96,117,A,LeBron James,20,14
2025-01-23,BOS,LAL,96,117,A,Kristaps Porziņģis,22,7
2025-01-23,BOS,LAL,96,117,A,Jayson Tatum,16,6
2025-01-23,BOS,LAL,96,117,A,Jaylen Brown,17,8
2025-01-23,BOS,LAL,96,117,A,Dalton Knecht,13,4
2025-01-23,BOS,LAL,96,117,A,Neemias Queta,6,1
2025-01-23,BOS,LAL,96,117,A,Rui Hachimura,10,7
2025-01-23,BOS,LAL,96,117,A,Jaden Springer,10,2
2025-01-23,BOS,LAL,96,117,A,Gabe Vincent,12,1
2025-01-23,BOS,LAL,96,117,A,Jaxson Hayes,5,8
2025-01-23,BOS,LAL,96,117,A,Sam Hauser,6,2
2025-01-23,BOS,LAL,96,117,A,Luke Kornet,4,4
2025-01-23,BOS,LAL,96,117,A,Derrick White,3,3
2025-01-23,BOS,LAL,96,117,A,Shake Milton,2,0
2025-01-23,BOS,LAL,96,117,A,Max Christie,6,4
2025-01-23,BOS,LAL,96,117,A,Payton Pritchard,7,2
2025-01-23,BOS,LAL,96,117,A,Dorian Finney-Smith,0,4
2025-01-23,BOS,LAL,96,117,A,Christian Koloko,2,0
2025-01-23,BOS,LAL,96,117,A,Al Horford,2,4
2025-01-23,BOS,LAL,96,117,A,Cam Reddish,0,0
2025-01-23,BOS,LAL,96,117,A,Jordan Walsh,0,0
2025-01-23,BOS,LAL,96,117,A,Bronny James,0,0
2025-01-23,BOS,LAL,96,117,A,Baylor Scheierman,0,0
2025-01-23,BOS,LAL,96,117,A,Jrue Holiday,3,3
2025-01-23,LAC,WAS,110,93,H,Jordan Poole,24,2
2025-01-23,LAC,WAS,110,93,H,Derrick Jones Jr.,19,8
2025-01-23,LAC,WAS,110,93,H,James Harden,17,12
2025-01-23,LAC,WAS,110,93,H,Norman Powell,22,3
2025-01-23,LAC,WAS,110,93,H,Mo Bamba,13,6
2025-01-23,LAC,WAS,110,93,H,Alex Sarr,14,10
2025-01-23,LAC,WAS,110,93,H,Jonas Valančiūnas,12,10
2025-01-23,LAC,WAS,110,93,H,Carlton Carrington,12,6
2025-01-23,LAC,WAS,110,93,H,Ivica Zubac,11,9
2025-01-23,LAC,WAS,110,93,H,Bilal Coulibaly,15,5
2025-01-23,LAC,WAS,110,93,H,Kawhi Leonard,15,7
2025-01-23,LAC,WAS,110,93,H,Amir Coffey,10,2
2025-01-23,LAC,WAS,110,93,H,Corey Kispert,1,4
2025-01-23,LAC,WAS,110,93,H,Kyle Kuzma,7,7
2025-01-23,LAC,WAS,110,93,H,Nicolas Batum,3,0
2025-01-23,LAC,WAS,110,93,H,Terance Mann,0,4
2025-01-23,LAC,WAS,110,93,H,Johnny Davis,2,1
2025-01-23,LAC,WAS,110,93,H,Kobe Brown,0,1
2025-01-23,LAC,WAS,110,93,H,Kai Jones,0,1
2025-01-23,LAC,WAS,110,93,H,Tristan Vukcevic,0,1
2025-01-23,LAC,WAS,110,93,H,Anthony Gill,0,0
2025-01-23,LAC,WAS,110,93,H,Cam Christie,0,1
2025-01-23,LAC,WAS,110,93,H,Kyshawn George,5,0
2025-01-23,LAC,WAS,110,93,H,Justin Champagnie,1,3
2025-01-23,LAC,WAS,110,93,H,Kevin Porter Jr.,0,1
2025-01-23,CHI,GSW,106,131,A,Zach LaVine,24,3
2025-01-23,CHI,GSW,106,131,A,Gui Santos,19,7
2025-01-23,CHI,GSW,106,131,A,Moses Moody,16,3
2025-01-23,CHI,GSW,106,131,A,Quinten Post,20,5
2025-01-23,CHI,GSW,106,131,A,Stephen Curry,21,4
2025-01-23,CHI,GSW,106,131,A,Josh Giddey,16,11
2025-01-23,CHI,GSW,106,131,A,Andrew Wiggins,17,7
2025-01-23,CHI,GSW,106,131,A,Ayo Dosunmu,13,2
2025-01-23,CHI,GSW,106,131,A,Jalen Smith,9,6
2025-01-23,CHI,GSW,106,131,A,Brandin Podziemski,10,4
2025-01-23,CHI,GSW,106,131,A,Nikola Vučević,9,6
2025-01-23,CHI,GSW,106,131,A,Dennis Schröder,11,2
2025-01-23,CHI,GSW,106,131,A,Kevon Looney,4,11
2025-01-23,CHI,GSW,106,131,A,Trayce Jackson-Davis,4,3
2025-01-23,CHI,GSW,106,131,A,Jevon Carter,9,1
2025-01-23,CHI,GSW,106,131,A,Lonzo Ball,9,3
2025-01-23,CHI,GSW,106,131,A,Talen Horton-Tucker,2,1
2025-01-23,CHI,GSW,106,131,A,Lindy Waters III,3,1
2025-01-23,CHI,GSW,106,131,A,Julian Phillips,3,2
2025-01-23,CHI,GSW,106,131,A,Dalen Terry,2,0
2025-01-23,CHI,GSW,106,131,A,Gary Payton II,3,2
2025-01-23,CHI,GSW,106,131,A,Patrick Williams,7,3
2025-01-23,CHI,GSW,106,131,A,Buddy Hield,3,2
2025-01-23,CHI,GSW,106,131,A,Matas Buzelis,3,4
2025-01-23,CHI,GSW,106,131,A,Pat Spencer,0,1
2025-01-23,ORL,POR,79,101,A,Toumani Camara,16,6
2025-01-23,ORL,POR,79,101,A,Tristan Da Silva,16,5
2025-01-23,ORL,POR,79,101,A,Anfernee Simons,21,3
2025-01-23,ORL,POR,79,101,A,Robert Williams,8,12
2025-01-23,ORL,POR,79,101,A,Jerami Grant,12,4
2025-01-23,ORL,POR,79,101,A,Deni Avdija,13,5
2025-01-23,ORL,POR,79,101,A,Anthony Black,12,3
2025-01-23,ORL,POR,79,101,A,Dalano Banton,10,0
2025-01-23,ORL,POR,79,101,A,Jett Howard,10,3
2025-01-23,ORL,POR,79,101,A,Kris Murray,6,3
2025-01-23,ORL,POR,79,101,A,Franz Wagner,20,4
2025-01-23,ORL,POR,79,101,A,Jabari Walker,2,4
2025-01-23,ORL,POR,79,101,A,Kentavious Caldwell-Pope,7,2
2025-01-23,ORL,POR,79,101,A,Cory Joseph,2,2
2025-01-23,ORL,POR,79,101,A,Duop Reath,2,1
2025-01-23,ORL,POR,79,101,A,Jonathan Isaac,0,7
2025-01-23,ORL,POR,79,101,A,Rayan Rupert,0,0
2025-01-23,ORL,POR,79,101,A,Wendell Carter Jr.,3,6
2025-01-23,ORL,POR,79,101,A,Paolo Banchero,8,9
2025-01-23,ORL,POR,79,101,A,Scoot Henderson,4,0
2025-01-23,ORL,POR,79,101,A,Trevelin Queen,1,2
2025-01-23,ORL,POR,79,101,A,Justin Minaya,0,0
2025-01-23,ORL,POR,79,101,A,Caleb Houstan,0,1
2025-01-23,ORL,POR,79,101,A,Bryce McGowens,0,0
2025-01-23,ORL,POR,79,101,A,Shaedon Sharpe,7,4
2025-01-24,CLE,PHI,129,132,A,Donovan Mitchell,37,3
2025-01-24,CLE,PHI,129,132,A,Ty Jerome,33,3
2025-01-24,CLE,PHI,129,132,A,Tyrese Maxey,29,3
2025-01-24,CLE,PHI,129,132,A,Kelly Oubre Jr.,22,13
2025-01-24,CLE,PHI,129,132,A,Darius Garland,26,1
2025-01-24,CLE,PHI,129,132,A,Paul George,30,5
2025-01-24,CLE,PHI,129,132,A,Justin Edwards,15,6
2025-01-24,CLE,PHI,129,132,A,Eric Gordon,15,0
2025-01-24,CLE,PHI,129,132,A,Guerschon Yabusele,12,13
2025-01-24,CLE,PHI,129,132,A,Max Strus,6,7
2025-01-24,CLE,PHI,129,132,A,Jeff Dowtin,5,1
2025-01-24,CLE,PHI,129,132,A,Sam Merrill,9,2
2025-01-24,CLE,PHI,129,132,A,Jarrett Allen,8,10
2025-01-24,CLE,PHI,129,132,A,Adem Bona,4,2
2025-01-24,CLE,PHI,129,132,A,Dean Wade,2,2
2025-01-24,CLE,PHI,129,132,A,Jaylon Tyson,3,2
2025-01-24,CLE,PHI,129,132,A,Georges Niang,5,3
2025-01-24,CLE,PHI,129,132,A,Tristan Thompson,0,4
2025-01-24,MEM,NOP,139,126,H,Luke Kennard,27,3
2025-01-24,MEM,NOP,139,126,H,Jaren Jackson Jr.,29,5
2025-01-24,MEM,NOP,139,126,H,Dejounte Murray,26,6
2025-01-24,MEM,NOP,139,126,H,Desmond Bane,20,0
2025-01-24,MEM,NOP,139,126,H,Trey Murphy III,22,6
2025-01-24,MEM,NOP,139,126,H,Zach Edey,13,11
2025-01-24,MEM,NOP,139,126,H,CJ McCollum,22,1
2025-01-24,MEM,NOP,139,126,H,Brandon Clarke,14,9
2025-01-24,MEM,NOP,139,126,H,Jordan Hawkins,20,2
2025-01-24,MEM,NOP,139,126,H,Yves Missi,10,5
2025-01-24,MEM,NOP,139,126,H,Jaylen Wells,8,0
2025-01-24,MEM,NOP,139,126,H,Jose Alvarado,9,1
2025-01-24,MEM,NOP,139,126,H,Scotty Pippen Jr.,13,3
2025-01-24,MEM,NOP,139,126,H,Jeremiah Robinson-Earl,5,4
2025-01-24,MEM,NOP,139,126,H,Daniel Theis,4,4
2025-01-24,MEM,NOP,139,126,H,Javonte Green,8,5
2025-01-24,MEM,NOP,139,126,H,John Konchar,5,4
2025-01-24,MEM,NOP,139,126,H,GG Jackson II,10,7
2025-01-24,MEM,NOP,139,126,H,Karlo Matković,0,1
2025-01-24,MEM,NOP,139,126,H,Jamal Cain,0,0
2025-01-24,MEM,NOP,139,126,H,Jay Huff,0,1
2025-01-24,CHO,POR,97,102,A,Anfernee Simons,27,5
2025-01-24,CHO,POR,97,102,A,Josh Okogie,16,10
2025-01-24,CHO,POR,97,102,A,Deni Avdija,18,5
2025-01-24,CHO,POR,97,102,A,Mark Williams,15,9
2025-01-24,CHO,POR,97,102,A,Jerami Grant,22,4
2025-01-24,CHO,POR,97,102,A,Josh Green,14,5
2025-01-24,CHO,POR,97,102,A,Donovan Clingan,4,13
2025-01-24,CHO,POR,97,102,A,Toumani Camara,11,6
2025-01-24,CHO,POR,97,102,A,Nick Smith Jr.,17,5
2025-01-24,CHO,POR,97,102,A,Moussa Diabaté,6,6
2025-01-24,CHO,POR,97,102,A,KJ Simpson,7,5
2025-01-24,CHO,POR,97,102,A,Shaedon Sharpe,13,9
2025-01-24,CHO,POR,97,102,A,DaQuan Jeffries,6,4
2025-01-24,CHO,POR,97,102,A,Scoot Henderson,2,1
2025-01-24,CHO,POR,97,102,A,Jabari Walker,3,3
2025-01-24,CHO,POR,97,102,A,Isaiah Wong,4,1
2025-01-24,CHO,POR,97,102,A,Cody Martin,0,1
2025-01-24,CHO,POR,97,102,A,Dalano Banton,2,1
2025-01-24,CHO,POR,97,102,A,Vasilije Micić,12,0
2025-01-25,LAC,MIL,127,117,H,James Harden,40,5
2025-01-25,LAC,MIL,127,117,H,Damian Lillard,29,10
2025-01-25,LAC,MIL,127,117,H,Giannis Antetokounmpo,36,13
2025-01-25,LAC,MIL,127,117,H,Norman Powell,33,6
2025-01-25,LAC,MIL,127,117,H,Taurean Prince,14,6
2025-01-25,LAC,MIL,127,117,H,Kawhi Leonard,18,3
2025-01-25,LAC,MIL,127,117,H,Ivica Zubac,12,10
2025-01-25,LAC,MIL,127,117,H,Gary Trent Jr.,19,2
2025-01-25,LAC,MIL,127,117,H,Brook Lopez,13,4
2025-01-25,LAC,MIL,127,117,H,Kevin Porter Jr.,8,8
2025-01-25,LAC,MIL,127,117,H,Amir Coffey,9,2
2025-01-25,LAC,MIL,127,117,H,Andre Jackson Jr.,4,2
2025-01-25,LAC,MIL,127,117,H,Terance Mann,3,4
2025-01-25,LAC,MIL,127,117,H,Tyler Smith,2,0
2025-01-25,LAC,MIL,127,117,H,Pat Connaughton,0,1
2025-01-25,LAC,MIL,127,117,H,Derrick Jones Jr.,4,5
2025-01-25,LAC,MIL,127,117,H,MarJon Beauchamp,0,0
2025-01-25,LAC,MIL,127,117,H,Kobe Brown,0,0
2025-01-25,LAC,MIL,127,117,H,Stanley Umude,0,0
2025-01-25,LAC,MIL,127,117,H,Nicolas Batum,0,4
2025-01-25,LAC,MIL,127,117,H,Khris Middleton,0,4
2025-01-25,LAC,MIL,127,117,H,Ryan Rollins,0,0
2025-01-25,CLE,HOU,131,135,A,Darius Garland,39,3
2025-01-25,CLE,HOU,131,135,A,Amen Thompson,23,14
2025-01-25,CLE,HOU,131,135,A,Donovan Mitchell,33,4
2025-01-25,CLE,HOU,131,135,A,Alperen Şengün,26,8
2025-01-25,CLE,HOU,131,135,A,Georges Niang,21,4
2025-01-25,CLE,HOU,131,135,A,Jalen Green,26,3
2025-01-25,CLE,HOU,131,135,A,Fred VanVleet,20,3
2025-01-25,CLE,HOU,131,135,A,Steven Adams,14,4
2025-01-25,CLE,HOU,131,135,A,Max Strus,14,9
2025-01-25,CLE,HOU,131,135,A,Dillon Brooks,13,6
2025-01-25,CLE,HOU,131,135,A,Jarrett Allen,8,5
2025-01-25,CLE,HOU,131,135,A,Jae'Sean Tate,7,3
2025-01-25,CLE,HOU,131,135,A,Sam Merrill,3,2
2025-01-25,CLE,HOU,131,135,A,Tari Eason,4,3
2025-01-25,CLE,HOU,131,135,A,Evan Mobley,7,8
2025-01-25,CLE,HOU,131,135,A,Ty Jerome,6,4
2025-01-25,CLE,HOU,131,135,A,Cam Whitmore,2,1
2025-01-25,CLE,HOU,131,135,A,Craig Porter Jr.,0,1
2025-01-25,CLE,HOU,131,135,A,Tristan Thompson,0,0
2025-01-25,GSW,LAL,108,118,A,Anthony Davis,36,13
2025-01-25,GSW,LAL,108,118,A,LeBron James,25,5
2025-01-25,GSW,LAL,108,118,A,Brandin Podziemski,17,3
2025-01-25,GSW,LAL,108,118,A,Austin Reaves,16,5
2025-01-25,GSW,LAL,108,118,A,Andrew Wiggins,20,6
2025-01-25,GSW,LAL,108,118,A,Gary Payton II,12,6
2025-01-25,GSW,LAL,108,118,A,Max Christie,11,8
2025-01-25,GSW,LAL,108,118,A,Dennis Schröder,10,1
2025-01-25,GSW,LAL,108,118,A,Dalton Knecht,13,1
2025-01-25,GSW,LAL,108,118,A,Moses Moody,10,2
2025-01-25,GSW,LAL,108,118,A,Stephen Curry,13,1
2025-01-25,GSW,LAL,108,118,A,Dorian Finney-Smith,8,3
2025-01-25,GSW,LAL,108,118,A,Jarred Vanderbilt,2,4
2025-01-25,GSW,LAL,108,118,A,Buddy Hield,10,4
2025-01-25,GSW,LAL,108,118,A,Quinten Post,8,2
2025-01-25,GSW,LAL,108,118,A,Trayce Jackson-Davis,4,6
2025-01-25,GSW,LAL,108,118,A,Gui Santos,4,4
2025-01-25,GSW,LAL,108,118,A,Gabe Vincent,7,0
2025-01-25,GSW,LAL,108,118,A,Jaxson Hayes,0,3
2025-01-25,GSW,LAL,108,118,A,Kevon Looney,0,2
2025-01-25,GSW,LAL,108,118,A,Christian Koloko,0,0
2025-01-25,GSW,LAL,108,118,A,Lindy Waters III,0,1
2025-01-25,NYK,SAC,143,120,H,OG Anunoby,33,3
2025-01-25,NYK,SAC,143,120,H,Domantas Sabonis,25,13
2025-01-25,NYK,SAC,143,120,H,Josh Hart,20,18
2025-01-25,NYK,SAC,143,120,H,Malik Monk,31,3
2025-01-25,NYK,SAC,143,120,H,Jalen Brunson,25,1
2025-01-25,NYK,SAC,143,120,H,Mikal Bridges,27,5
2025-01-25,NYK,SAC,143,120,H,Karl-Anthony Towns,18,15
2025-01-25,NYK,SAC,143,120,H,DeMar DeRozan,18,3
2025-01-25,NYK,SAC,143,120,H,Keegan Murray,12,8
2025-01-25,NYK,SAC,143,120,H,Precious Achiuwa,4,5
2025-01-25,NYK,SAC,143,120,H,Landry Shamet,9,3
2025-01-25,NYK,SAC,143,120,H,Keon Ellis,6,3
2025-01-25,NYK,SAC,143,120,H,De'Aaron Fox,14,1
2025-01-25,NYK,SAC,143,120,H,Devin Carter,4,1
2025-01-25,NYK,SAC,143,120,H,Trey Lyles,6,4
2025-01-25,NYK,SAC,143,120,H,Kevin Huerter,4,1
2025-01-25,NYK,SAC,143,120,H,Matt Ryan,0,1
2025-01-25,NYK,SAC,143,120,H,Jacob Toppin,0,0
2025-01-25,NYK,SAC,143,120,H,Jericho Sims,0,1
2025-01-25,NYK,SAC,143,120,H,Jordan McLaughlin,0,0
2025-01-25,NYK,SAC,143,120,H,Cameron Payne,3,0
2025-01-25,NYK,SAC,143,120,H,Doug McDermott,0,0
2025-01-25,NYK,SAC,143,120,H,Tyler Kolek,0,0
2025-01-25,NYK,SAC,143,120,H,Alex Len,0,1
2025-01-25,NYK,SAC,143,120,H,Miles McBride,4,1
2025-01-25,CHI,PHI,97,109,A,Tyrese Maxey,31,5
2025-01-25,CHI,PHI,97,109,A,Nikola Vučević,22,12
2025-01-25,CHI,PHI,97,109,A,Kelly Oubre Jr.,22,12
2025-01-25,CHI,PHI,97,109,A,Zach LaVine,25,8
2025-01-25,CHI,PHI,97,109,A,Eric Gordon,13,2
2025-01-25,CHI,PHI,97,109,A,Lonzo Ball,9,4
2025-01-25,CHI,PHI,97,109,A,Jalen Smith,9,7
2025-01-25,CHI,PHI,97,109,A,Ricky Council IV,7,3
2025-01-25,CHI,PHI,97,109,A,Reggie Jackson,12,1
2025-01-25,CHI,PHI,97,109,A,Josh Giddey,10,10
2025-01-25,CHI,PHI,97,109,A,Paul George,9,1
2025-01-25,CHI,PHI,97,109,A,Adem Bona,4,7
2025-01-25,CHI,PHI,97,109,A,Matas Buzelis,6,3
2025-01-25,CHI,PHI,97,109,A,Julian Phillips,2,2
2025-01-25,CHI,PHI,97,109,A,Justin Edwards,3,2
2025-01-25,CHI,PHI,97,109,A,Kyle Lowry,2,1
2025-01-25,CHI,PHI,97,109,A,Ayo Dosunmu,8,2
2025-01-25,CHI,PHI,97,109,A,Guerschon Yabusele,6,6
2025-01-25,CHI,PHI,97,109,A,Talen Horton-Tucker,4,1
2025-01-25,CHI,PHI,97,109,A,Dalen Terry,0,1
2025-01-25,CHI,PHI,97,109,A,Patrick Williams,2,4
2025-01-25,IND,SAS,136,98,H,Tyrese Haliburton,28,3
2025-01-25,IND,SAS,136,98,H,Pascal Siakam,23,11
2025-01-25,IND,SAS,136,98,H,Andrew Nembhard,15,8
2025-01-25,IND,SAS,136,98,H,Harrison Barnes,25,7
2025-01-25,IND,SAS,136,98,H,Victor Wembanyama,20,12
2025-01-25,IND,SAS,136,98,H,Chris Paul,11,0
2025-01-25,IND,SAS,136,98,H,T.J. McConnell,12,5
2025-01-25,IND,SAS,136,98,H,Thomas Bryant,10,3
2025-01-25,IND,SAS,136,98,H,Stephon Castle,17,6
2025-01-25,IND,SAS,136,98,H,Myles Turner,14,2
2025-01-25,IND,SAS,136,98,H,Bennedict Mathurin,13,3
2025-01-25,IND,SAS,136,98,H,Aaron Nesmith,9,5
2025-01-25,IND,SAS,136,98,H,Obi Toppin,7,5
2025-01-25,IND,SAS,136,98,H,Sandro Mamukelashvili,3,3
2025-01-25,IND,SAS,136,98,H,Devin Vassell,6,4
2025-01-25,IND,SAS,136,98,H,Keldon Johnson,4,4
2025-01-25,IND,SAS,136,98,H,Jarace Walker,3,1
2025-01-25,IND,SAS,136,98,H,Tre Jones,6,1
2025-01-25,IND,SAS,136,98,H,Johnny Furphy,2,0
2025-01-25,IND,SAS,136,98,H,RayJ Dennis,0,2
2025-01-25,IND,SAS,136,98,H,Zach Collins,0,1
2025-01-25,IND,SAS,136,98,H,Julian Champagnie,3,0
2025-01-25,IND,SAS,136,98,H,Charles Bassey,0,1
2025-01-25,IND,SAS,136,98,H,Sidy Cissoko,1,1
2025-01-25,IND,SAS,136,98,H,Blake Wesley,0,0
2025-01-25,IND,SAS,136,98,H,Ben Sheppard,0,2
2025-01-25,IND,SAS,136,98,H,Jeremy Sochan,2,4
2025-01-25,IND,SAS,136,98,H,Malaki Branham,0,0
2025-01-25,DET,ORL,113,121,A,Franz Wagner,32,4
2025-01-25,DET,ORL,113,121,A,Cade Cunningham,35,5
2025-01-25,DET,ORL,113,121,A,Paolo Banchero,32,9
2025-01-25,DET,ORL,113,121,A,Jonathan Isaac,14,5
2025-01-25,DET,ORL,113,121,A,Ausar Thompson,16,5
2025-01-25,DET,ORL,113,121,A,Malik Beasley,18,5
2025-01-25,DET,ORL,113,121,A,Wendell Carter Jr.,11,11
2025-01-25,DET,ORL,113,121,A,Tim Hardaway Jr.,13,2
2025-01-25,DET,ORL,113,121,A,Ron Holland,13,4
2025-01-25,DET,ORL,113,121,A,Tristan Da Silva,5,4
2025-01-25,DET,ORL,113,121,A,Jalen Duren,10,8
2025-01-25,DET,ORL,113,121,A,Anthony Black,5,0
2025-01-25,DET,ORL,113,121,A,Kentavious Caldwell-Pope,7,2
2025-01-25,DET,ORL,113,121,A,Isaiah Stewart,4,2
2025-01-25,DET,ORL,113,121,A,Cole Anthony,7,3
2025-01-25,DET,ORL,113,121,A,Tobias Harris,2,7
2025-01-25,DET,ORL,113,121,A,Jalen Suggs,8,2
2025-01-25,DET,ORL,113,121,A,Simone Fontecchio,0,3
2025-01-25,DET,ORL,113,121,A,Marcus Sasser,2,0
2025-01-25,DET,ORL,113,121,A,Jett Howard,0,0
2025-01-25,DET,ORL,113,121,A,Trevelin Queen,0,0
2025-01-25,DET,ORL,113,121,A,Paul Reed,0,0
2025-01-25,DEN,MIN,104,133,A,Anthony Edwards,34,1
2025-01-25,DEN,MIN,104,133,A,Rudy Gobert,14,14
2025-01-25,DEN,MIN,104,133,A,Julius Randle,21,7
2025-01-25,DEN,MIN,104,133,A,Jamal Murray,25,2
2025-01-25,DEN,MIN,104,133,A,Jaden McDaniels,13,8
2025-01-25,DEN,MIN,104,133,A,Nikola Jokić,20,3
2025-01-25,DEN,MIN,104,133,A,Mike Conley,9,1
2025-01-25,DEN,MIN,104,133,A,Naz Reid,13,2
2025-01-25,DEN,MIN,104,133,A,Aaron Gordon,13,3
2025-01-25,DEN,MIN,104,133,A,Russell Westbrook,13,6
2025-01-25,DEN,MIN,104,133,A,Christian Braun,10,5
2025-01-25,DEN,MIN,104,133,A,DeAndre Jordan,4,6
2025-01-25,DEN,MIN,104,133,A,Peyton Watson,2,3
2025-01-25,DEN,MIN,104,133,A,Nickeil Alexander-Walker,10,0
2025-01-25,DEN,MIN,104,133,A,Michael Porter Jr.,11,0
2025-01-25,DEN,MIN,104,133,A,Rob Dillingham,10,5
2025-01-25,DEN,MIN,104,133,A,Josh Minott,5,1
2025-01-25,DEN,MIN,104,133,A,PJ Hall,2,2
2025-01-25,DEN,MIN,104,133,A,Luka Garza,2,4
2025-01-25,DEN,MIN,104,133,A,Jaylen Clark,2,0
2025-01-25,DEN,MIN,104,133,A,Zeke Nnaji,2,1
2025-01-25,DEN,MIN,104,133,A,Jalen Pickett,0,0
2025-01-25,DEN,MIN,104,133,A,Hunter Tyson,0,4
2025-01-25,DEN,MIN,104,133,A,Leonard Miller,0,2
2025-01-25,DEN,MIN,104,133,A,Julian Strawther,2,1
2025-01-25,MEM,UTA,125,103,H,Jaren Jackson Jr.,28,3
2025-01-25,MEM,UTA,125,103,H,Zach Edey,19,7
2025-01-25,MEM,UTA,125,103,H,Desmond Bane,17,9
2025-01-25,MEM,UTA,125,103,H,Walker Kessler,11,10
2025-01-25,MEM,UTA,125,103,H,Jaylen Wells,16,4
2025-01-25,MEM,UTA,125,103,H,GG Jackson II,15,6
2025-01-25,MEM,UTA,125,103,H,Kyle Filipowski,11,4
2025-01-25,MEM,UTA,125,103,H,Elijah Harkless,11,4
2025-01-25,MEM,UTA,125,103,H,Collin Sexton,20,3
2025-01-25,MEM,UTA,125,103,H,Svi Mykhailiuk,16,3
2025-01-25,MEM,UTA,125,103,H,Ja Morant,11,1
2025-01-25,MEM,UTA,125,103,H,Scotty Pippen Jr.,6,5
2025-01-25,MEM,UTA,125,103,H,Isaiah Collier,8,5
2025-01-25,MEM,UTA,125,103,H,Lauri Markkanen,11,6
2025-01-25,MEM,UTA,125,103,H,Brandon Clarke,6,5
2025-01-25,MEM,UTA,125,103,H,John Konchar,3,4
2025-01-25,MEM,UTA,125,103,H,Drew Eubanks,4,1
2025-01-25,MEM,UTA,125,103,H,Keyonte George,8,3
2025-01-25,MEM,UTA,125,103,H,Jay Huff,0,0
2025-01-25,MEM,UTA,125,103,H,Luke Kennard,4,1
2025-01-25,MEM,UTA,125,103,H,Brice Sensabaugh,3,1
2025-01-25,ATL,TOR,94,117,A,Scottie Barnes,24,12
2025-01-25,ATL,TOR,94,117,A,Onyeka Okongwu,19,8
2025-01-25,ATL,TOR,94,117,A,Vit Krejci,20,2
2025-01-25,ATL,TOR,94,117,A,Chris Boucher,23,5
2025-01-25,ATL,TOR,94,117,A,RJ Barrett,23,8
2025-01-25,ATL,TOR,94,117,A,Jakob Poeltl,9,9
2025-01-25,ATL,TOR,94,117,A,Dyson Daniels,13,6
2025-01-25,ATL,TOR,94,117,A,Ja'Kobe Walter,7,3
2025-01-25,ATL,TOR,94,117,A,Davion Mitchell,8,2
2025-01-25,ATL,TOR,94,117,A,David Roddy,4,3
2025-01-25,ATL,TOR,94,117,A,Daeqwon Plowden,5,1
2025-01-25,ATL,TOR,94,117,A,Clint Capela,5,4
2025-01-25,ATL,TOR,94,117,A,Trae Young,16,4
2025-01-25,ATL,TOR,94,117,A,Jamal Shead,5,0
2025-01-25,ATL,TOR,94,117,A,Garrison Mathews,3,4
2025-01-25,ATL,TOR,94,117,A,Garrett Temple,0,0
2025-01-25,ATL,TOR,94,117,A,Bruce Brown,8,5
2025-01-25,ATL,TOR,94,117,A,Gradey Dick,6,1
2025-01-25,ATL,TOR,94,117,A,Bogdan Bogdanović,4,6
2025-01-25,ATL,TOR,94,117,A,Orlando Robinson,4,6
2025-01-25,ATL,TOR,94,117,A,Dominick Barlow,1,1
2025-01-25,ATL,TOR,94,117,A,Larry Nance Jr.,4,4
2025-01-25,PHO,WAS,119,109,H,Kevin Durant,29,5
2025-01-25,PHO,WAS,119,109,H,Jordan Poole,19,4
2025-01-25,PHO,WAS,119,109,H,Nick Richards,20,19
2025-01-25,PHO,WAS,119,109,H,Kyle Kuzma,30,11
2025-01-25,PHO,WAS,119,109,H,Bradley Beal,20,3
2025-01-25,PHO,WAS,119,109,H,Jonas Valančiūnas,16,4
2025-01-25,PHO,WAS,119,109,H,Devin Booker,18,6
2025-01-25,PHO,WAS,119,109,H,Tyus Jones,16,3
2025-01-25,PHO,WAS,119,109,H,Bilal Coulibaly,12,4
2025-01-25,PHO,WAS,119,109,H,Alex Sarr,11,6
2025-01-25,PHO,WAS,119,109,H,Carlton Carrington,11,1
2025-01-25,PHO,WAS,119,109,H,Mason Plumlee,4,8
2025-01-25,PHO,WAS,119,109,H,Grayson Allen,8,4
2025-01-25,PHO,WAS,119,109,H,Kyshawn George,5,6
2025-01-25,PHO,WAS,119,109,H,Corey Kispert,5,1
2025-01-25,PHO,WAS,119,109,H,Royce O'Neale,3,4
2025-01-25,PHO,WAS,119,109,H,Ryan Dunn,1,1
2025-01-25,PHO,WAS,119,109,H,Justin Champagnie,0,0
2025-01-25,BOS,DAL,122,107,H,Daniel Gafford,19,15
2025-01-25,BOS,DAL,122,107,H,Derrick White,23,4
2025-01-25,BOS,DAL,122,107,H,Quentin Grimes,20,7
2025-01-25,BOS,DAL,122,107,H,Jrue Holiday,17,3
2025-01-25,BOS,DAL,122,107,H,Kristaps Porziņģis,18,4
2025-01-25,BOS,DAL,122,107,H,Jaylen Brown,22,8
2025-01-25,BOS,DAL,122,107,H,P.J. Washington,17,8
2025-01-25,BOS,DAL,122,107,H,Kyrie Irving,22,4
2025-01-25,BOS,DAL,122,107,H,Jayson Tatum,24,6
2025-01-25,BOS,DAL,122,107,H,Payton Pritchard,6,9
2025-01-25,BOS,DAL,122,107,H,Luke Kornet,2,10
2025-01-25,BOS,DAL,122,107,H,Jaden Hardy,10,3
2025-01-25,BOS,DAL,122,107,H,Spencer Dinwiddie,12,3
2025-01-25,BOS,DAL,122,107,H,Sam Hauser,6,1
2025-01-25,BOS,DAL,122,107,H,Klay Thompson,6,3
2025-01-25,BOS,DAL,122,107,H,Al Horford,4,6
2025-01-25,BOS,DAL,122,107,H,Jaden Springer,0,0
2025-01-25,BOS,DAL,122,107,H,Kessler Edwards,0,4
2025-01-25,BOS,DAL,122,107,H,Jazian Gortman,0,0
2025-01-25,BOS,DAL,122,107,H,Brandon Williams,0,0
2025-01-25,BOS,DAL,122,107,H,Olivier-Maxence Prosper,0,1
2025-01-25,BOS,DAL,122,107,H,Maxi Kleber,1,1
2025-01-25,BOS,DAL,122,107,H,Jordan Walsh,0,0
2025-01-25,BRK,MIA,97,106,A,Tyler Herro,25,1
2025-01-25,BRK,MIA,97,106,A,D'Angelo Russell,22,1
2025-01-25,BRK,MIA,97,106,A,Nikola Jović,17,6
2025-01-25,BRK,MIA,97,106,A,Bam Adebayo,17,16
2025-01-25,BRK,MIA,97,106,A,Jalen Wilson,12,9
2025-01-25,BRK,MIA,97,106,A,Keon Johnson,22,1
2025-01-25,BRK,MIA,97,106,A,Terry Rozier,16,8
2025-01-25,BRK,MIA,97,106,A,Nic Claxton,13,5
2025-01-25,BRK,MIA,97,106,A,Day'Ron Sharpe,7,3
2025-01-25,BRK,MIA,97,106,A,Duncan Robinson,15,7
2025-01-25,BRK,MIA,97,106,A,Noah Clowney,13,4
2025-01-25,BRK,MIA,97,106,A,Jaime Jaquez Jr.,9,5
2025-01-25,BRK,MIA,97,106,A,Kel'el Ware,7,6
2025-01-25,BRK,MIA,97,106,A,Tyrese Martin,5,6
2025-01-25,BRK,MIA,97,106,A,Pelle Larsson,0,0
2025-01-25,BRK,MIA,97,106,A,Tosan Evbuomwan,2,1
2025-01-25,BRK,MIA,97,106,A,Haywood Highsmith,0,2
2025-01-25,BRK,MIA,97,106,A,Ziaire Williams,1,5
2025-01-25,CHO,NOP,123,92,H,Zion Williamson,28,11
2025-01-25,CHO,NOP,123,92,H,Miles Bridges,22,6
2025-01-25,CHO,NOP,123,92,H,LaMelo Ball,25,5
2025-01-25,CHO,NOP,123,92,H,Moussa Diabaté,9,13
2025-01-25,CHO,NOP,123,92,H,Seth Curry,16,4
2025-01-25,CHO,NOP,123,92,H,Yves Missi,12,8
2025-01-25,CHO,NOP,123,92,H,Jordan Hawkins,14,4
2025-01-25,CHO,NOP,123,92,H,Trey Murphy III,16,4
2025-01-25,CHO,NOP,123,92,H,Vasilije Micić,11,2
2025-01-25,CHO,NOP,123,92,H,Josh Green,13,2
2025-01-25,CHO,NOP,123,92,H,Josh Okogie,7,4
2025-01-25,CHO,NOP,123,92,H,Javonte Green,7,3
2025-01-25,CHO,NOP,123,92,H,DaQuan Jeffries,6,7
2025-01-25,CHO,NOP,123,92,H,Taj Gibson,6,3
2025-01-25,CHO,NOP,123,92,H,Jose Alvarado,6,1
2025-01-25,CHO,NOP,123,92,H,Isaiah Wong,3,1
2025-01-25,CHO,NOP,123,92,H,Daniel Theis,0,2
2025-01-25,CHO,NOP,123,92,H,CJ McCollum,9,2
2025-01-25,CHO,NOP,123,92,H,Nick Smith Jr.,5,1
2025-01-25,CHO,NOP,123,92,H,Antonio Reeves,0,0
2025-01-25,CHO,NOP,123,92,H,Karlo Matković,0,1
2025-01-25,CHO,NOP,123,92,H,Jeremiah Robinson-Earl,0,3
2025-01-26,OKC,POR,118,108,H,Deni Avdija,28,8
2025-01-26,OKC,POR,118,108,H,Shai Gilgeous-Alexander,35,5
2025-01-26,OKC,POR,118,108,H,Jalen Williams,24,4
2025-01-26,OKC,POR,118,108,H,Toumani Camara,24,9
2025-01-26,OKC,POR,118,108,H,Isaiah Hartenstein,14,12
2025-01-26,OKC,POR,118,108,H,Scoot Henderson,25,5
2025-01-26,OKC,POR,118,108,H,Isaiah Joe,16,4
2025-01-26,OKC,POR,118,108,H,Anfernee Simons,14,2
2025-01-26,OKC,POR,118,108,H,Jaylin Williams,6,7
2025-01-26,OKC,POR,118,108,H,Kenrich Williams,6,3
2025-01-26,OKC,POR,118,108,H,Ousmane Dieng,5,1
2025-01-26,OKC,POR,118,108,H,Shaedon Sharpe,10,2
2025-01-26,OKC,POR,118,108,H,Cason Wallace,5,2
2025-01-26,OKC,POR,118,108,H,Dalano Banton,4,0
2025-01-26,OKC,POR,118,108,H,Aaron Wiggins,4,1
2025-01-26,OKC,POR,118,108,H,Alex Caruso,3,4
2025-01-26,OKC,POR,118,108,H,Kris Murray,0,0
2025-01-26,OKC,POR,118,108,H,Jerami Grant,2,2
2025-01-26,OKC,POR,118,108,H,Robert Williams,1,10
2025-01-26,OKC,POR,118,108,H,Donovan Clingan,0,6
2025-01-27,CHI,DEN,129,121,H,Nikola Jokić,33,12
2025-01-27,CHI,DEN,129,121,H,Christian Braun,28,5
2025-01-27,CHI,DEN,129,121,H,Josh Giddey,12,4
2025-01-27,CHI,DEN,129,121,H,Zach LaVine,21,3
2025-01-27,CHI,DEN,129,121,H,Lonzo Ball,18,4
2025-01-27,CHI,DEN,129,121,H,Jamal Murray,18,6
2025-01-27,CHI,DEN,129,121,H,Dalen Terry,13,4
2025-01-27,CHI,DEN,129,121,H,Ayo Dosunmu,17,2
2025-01-27,CHI,DEN,129,121,H,Nikola Vučević,20,10
2025-01-27,CHI,DEN,129,121,H,Russell Westbrook,14,3
2025-01-27,CHI,DEN,129,121,H,Michael Porter Jr.,18,7
2025-01-27,CHI,DEN,129,121,H,Patrick Williams,11,8
2025-01-27,CHI,DEN,129,121,H,Matas Buzelis,9,4
2025-01-27,CHI,DEN,129,121,H,Aaron Gordon,6,2
2025-01-27,CHI,DEN,129,121,H,Peyton Watson,4,5
2025-01-27,CHI,DEN,129,121,H,Jalen Smith,5,7
2025-01-27,CHI,DEN,129,121,H,Julian Phillips,3,0
2025-01-27,CHI,DEN,129,121,H,Talen Horton-Tucker,0,1
2025-01-27,CHI,DEN,129,121,H,Julian Strawther,0,2
2025-01-27,CHO,LAL,107,112,A,Anthony Davis,42,23
2025-01-27,CHO,LAL,107,112,A,Miles Bridges,26,8
2025-01-27,CHO,LAL,107,112,A,Josh Okogie,19,2
2025-01-27,CHO,LAL,107,112,A,Austin Reaves,17,5
2025-01-27,CHO,LAL,107,112,A,LeBron James,22,7
2025-01-27,CHO,LAL,107,112,A,Josh Green,15,1
2025-01-27,CHO,LAL,107,112,A,Mark Williams,11,8
2025-01-27,CHO,LAL,107,112,A,Jaxson Hayes,9,0
2025-01-27,CHO,LAL,107,112,A,DaQuan Jeffries,5,5
2025-01-27,CHO,LAL,107,112,A,Max Christie,10,2
2025-01-27,CHO,LAL,107,112,A,Dorian Finney-Smith,6,5
2025-01-27,CHO,LAL,107,112,A,Isaiah Wong,5,0
2025-01-27,CHO,LAL,107,112,A,LaMelo Ball,7,0
2025-01-27,CHO,LAL,107,112,A,Moussa Diabaté,4,4
2025-01-27,CHO,LAL,107,112,A,Jarred Vanderbilt,4,2
2025-01-27,CHO,LAL,107,112,A,Vasilije Micić,11,2
2025-01-27,CHO,LAL,107,112,A,Nick Smith Jr.,4,1
2025-01-27,CHO,LAL,107,112,A,Dalton Knecht,2,2
2025-01-27,CHO,LAL,107,112,A,Taj Gibson,0,2
2025-01-27,CHO,LAL,107,112,A,Seth Curry,0,1
2025-01-27,CHO,LAL,107,112,A,Shake Milton,0,2
2025-01-27,MIL,UTA,125,110,H,Giannis Antetokounmpo,35,18
2025-01-27,MIL,UTA,125,110,H,Damian Lillard,35,5
2025-01-27,MIL,UTA,125,110,H,Khris Middleton,22,3
2025-01-27,MIL,UTA,125,110,H,Collin Sexton,19,5
2025-01-27,MIL,UTA,125,110,H,Brice Sensabaugh,17,0
2025-01-27,MIL,UTA,125,110,H,Isaiah Collier,12,2
2025-01-27,MIL,UTA,125,110,H,Keyonte George,15,4
2025-01-27,MIL,UTA,125,110,H,Lauri Markkanen,19,9
2025-01-27,MIL,UTA,125,110,H,Brook Lopez,10,6
2025-01-27,MIL,UTA,125,110,H,Taurean Prince,6,4
2025-01-27,MIL,UTA,125,110,H,Jordan Clarkson,13,3
2025-01-27,MIL,UTA,125,110,H,Andre Jackson Jr.,6,5
2025-01-27,MIL,UTA,125,110,H,Kyle Filipowski,6,8
2025-01-27,MIL,UTA,125,110,H,Gary Trent Jr.,8,2
2025-01-27,MIL,UTA,125,110,H,Drew Eubanks,4,10
2025-01-27,MIL,UTA,125,110,H,Pat Connaughton,3,3
2025-01-27,MIL,UTA,125,110,H,Elijah Harkless,2,1
2025-01-27,MIL,UTA,125,110,H,Micah Potter,3,4
2025-01-27,MIL,UTA,125,110,H,Ryan Rollins,0,0
2025-01-27,BOS,HOU,112,114,A,Amen Thompson,33,9
2025-01-27,BOS,HOU,112,114,A,Dillon Brooks,36,3
2025-01-27,BOS,HOU,112,114,A,Jaylen Brown,28,4
2025-01-27,BOS,HOU,112,114,A,Kristaps Porziņģis,17,8
2025-01-27,BOS,HOU,112,114,A,Luke Kornet,18,7
2025-01-27,BOS,HOU,112,114,A,Payton Pritchard,15,4
2025-01-27,BOS,HOU,112,114,A,Alperen Şengün,11,9
2025-01-27,BOS,HOU,112,114,A,Jayson Tatum,19,6
2025-01-27,BOS,HOU,112,114,A,Jalen Green,12,3
2025-01-27,BOS,HOU,112,114,A,Fred VanVleet,7,5
2025-01-27,BOS,HOU,112,114,A,Jrue Holiday,8,5
2025-01-27,BOS,HOU,112,114,A,Tari Eason,6,6
2025-01-27,BOS,HOU,112,114,A,Neemias Queta,4,5
2025-01-27,BOS,HOU,112,114,A,Jaden Springer,3,1
2025-01-27,BOS,HOU,112,114,A,Steven Adams,4,4
2025-01-27,BOS,HOU,112,114,A,Aaron Holiday,5,0
2025-01-27,BOS,HOU,112,114,A,Jordan Walsh,0,0
2025-01-27,BOS,HOU,112,114,A,Drew Peterson,0,1
2025-01-27,BOS,HOU,112,114,A,Jae'Sean Tate,0,0
2025-01-27,BOS,HOU,112,114,A,Xavier Tillman Sr.,0,0
2025-01-27,LAC,PHO,109,111,A,Ivica Zubac,25,16
2025-01-27,LAC,PHO,109,111,A,Norman Powell,23,5
2025-01-27,LAC,PHO,109,111,A,Devin Booker,26,7
2025-01-27,LAC,PHO,109,111,A,James Harden,24,6
2025-01-27,LAC,PHO,109,111,A,Tyus Jones,17,5
2025-01-27,LAC,PHO,109,111,A,Grayson Allen,18,6
2025-01-27,LAC,PHO,109,111,A,Kevin Durant,24,4
2025-01-27,LAC,PHO,109,111,A,Derrick Jones Jr.,12,5
2025-01-27,LAC,PHO,109,111,A,Kawhi Leonard,17,5
2025-01-27,LAC,PHO,109,111,A,Royce O'Neale,11,2
2025-01-27,LAC,PHO,109,111,A,Bradley Beal,9,2
2025-01-27,LAC,PHO,109,111,A,Amir Coffey,6,2
2025-01-27,LAC,PHO,109,111,A,Mason Plumlee,0,6
2025-01-27,LAC,PHO,109,111,A,Nick Richards,6,7
2025-01-27,LAC,PHO,109,111,A,Mo Bamba,0,0
2025-01-27,LAC,PHO,109,111,A,Nicolas Batum,0,0
2025-01-27,LAC,PHO,109,111,A,Terance Mann,2,0
2025-01-27,LAC,PHO,109,111,A,Kevin Porter Jr.,0,3
2025-01-27,MEM,NYK,106,143,A,Mikal Bridges,28,5
2025-01-27,MEM,NYK,106,143,A,Karl-Anthony Towns,24,11
2025-01-27,MEM,NYK,106,143,A,OG Anunoby,15,5
2025-01-27,MEM,NYK,106,143,A,Jalen Brunson,20,1
2025-01-27,MEM,NYK,106,143,A,Precious Achiuwa,14,3
2025-01-27,MEM,NYK,106,143,A,Miles McBride,14,4
2025-01-27,MEM,NYK,106,143,A,Jaren Jackson Jr.,21,4
2025-01-27,MEM,NYK,106,143,A,Luke Kennard,7,2
2025-01-27,MEM,NYK,106,143,A,Brandon Clarke,10,4
2025-01-27,MEM,NYK,106,143,A,Zach Edey,9,11
2025-01-27,MEM,NYK,106,143,A,Desmond Bane,16,3
2025-01-27,MEM,NYK,106,143,A,Josh Hart,4,10
2025-01-27,MEM,NYK,106,143,A,Santi Aldama,10,4
2025-01-27,MEM,NYK,106,143,A,Cameron Payne,11,3
2025-01-27,MEM,NYK,106,143,A,Jaylen Wells,5,3
2025-01-27,MEM,NYK,106,143,A,Tyler Kolek,3,0
2025-01-27,MEM,NYK,106,143,A,Jay Huff,3,1
2025-01-27,MEM,NYK,106,143,A,GG Jackson II,8,1
2025-01-27,MEM,NYK,106,143,A,Scotty Pippen Jr.,5,5
2025-01-27,MEM,NYK,106,143,A,Landry Shamet,6,0
2025-01-27,MEM,NYK,106,143,A,Jericho Sims,2,2
2025-01-27,MEM,NYK,106,143,A,Ja Morant,10,5
2025-01-27,MEM,NYK,106,143,A,Ariel Hukporti,2,0
2025-01-27,MEM,NYK,106,143,A,Jake LaRavia,2,4
2025-01-27,MEM,NYK,106,143,A,Matt Ryan,0,1
2025-01-27,MEM,NYK,106,143,A,John Konchar,0,0
2025-01-27,MEM,NYK,106,143,A,Jacob Toppin,0,1
2025-01-27,MIA,ORL,125,119,H,Bam Adebayo,26,10
2025-01-27,MIA,ORL,125,119,H,Tyler Herro,30,8
2025-01-27,MIA,ORL,125,119,H,Kel'el Ware,19,10
2025-01-27,MIA,ORL,125,119,H,Wendell Carter Jr.,14,7
2025-01-27,MIA,ORL,125,119,H,Tristan Da Silva,17,6
2025-01-27,MIA,ORL,125,119,H,Franz Wagner,29,8
2025-01-27,MIA,ORL,125,119,H,Anthony Black,14,1
2025-01-27,MIA,ORL,125,119,H,Duncan Robinson,15,3
2025-01-27,MIA,ORL,125,119,H,Goga Bitadze,10,9
2025-01-27,MIA,ORL,125,119,H,Jonathan Isaac,12,8
2025-01-27,MIA,ORL,125,119,H,Nikola Jović,15,7
2025-01-27,MIA,ORL,125,119,H,Haywood Highsmith,4,3
2025-01-27,MIA,ORL,125,119,H,Terry Rozier,11,2
2025-01-27,MIA,ORL,125,119,H,Paolo Banchero,17,5
2025-01-27,MIA,ORL,125,119,H,Cole Anthony,0,2
2025-01-27,MIA,ORL,125,119,H,Kentavious Caldwell-Pope,6,1
2025-01-27,MIA,ORL,125,119,H,Pelle Larsson,5,0
2025-01-27,MIA,ORL,125,119,H,Kevin Love,0,0
2025-01-27,BRK,SAC,96,110,A,De'Aaron Fox,30,1
2025-01-27,BRK,SAC,96,110,A,Domantas Sabonis,21,22
2025-01-27,BRK,SAC,96,110,A,Day'Ron Sharpe,12,10
2025-01-27,BRK,SAC,96,110,A,D'Angelo Russell,19,4
2025-01-27,BRK,SAC,96,110,A,Malik Monk,16,6
2025-01-27,BRK,SAC,96,110,A,DeMar DeRozan,17,2
2025-01-27,BRK,SAC,96,110,A,Tosan Evbuomwan,15,8
2025-01-27,BRK,SAC,96,110,A,Keon Ellis,11,1
2025-01-27,BRK,SAC,96,110,A,Keegan Murray,9,3
2025-01-27,BRK,SAC,96,110,A,Jalen Wilson,15,2
2025-01-27,BRK,SAC,96,110,A,Tyrese Martin,8,2
2025-01-27,BRK,SAC,96,110,A,Nic Claxton,6,7
2025-01-27,BRK,SAC,96,110,A,Keon Johnson,10,2
2025-01-27,BRK,SAC,96,110,A,Trey Lyles,4,5
2025-01-27,BRK,SAC,96,110,A,Ziaire Williams,5,2
2025-01-27,BRK,SAC,96,110,A,Reece Beekman,0,1
2025-01-27,BRK,SAC,96,110,A,Noah Clowney,6,1
2025-01-27,BRK,SAC,96,110,A,Alex Len,0,1
2025-01-27,BRK,SAC,96,110,A,Devin Carter,2,2
2025-01-27,BRK,SAC,96,110,A,Doug McDermott,0,1
2025-01-27,NOP,TOR,104,113,A,Jakob Poeltl,21,14
2025-01-27,NOP,TOR,104,113,A,Zion Williamson,31,7
2025-01-27,NOP,TOR,104,113,A,Scottie Barnes,21,11
2025-01-27,NOP,TOR,104,113,A,Dejounte Murray,21,7
2025-01-27,NOP,TOR,104,113,A,Bruce Brown,12,9
2025-01-27,NOP,TOR,104,113,A,CJ McCollum,22,7
2025-01-27,NOP,TOR,104,113,A,Chris Boucher,14,4
2025-01-27,NOP,TOR,104,113,A,Trey Murphy III,14,7
2025-01-27,NOP,TOR,104,113,A,RJ Barrett,17,6
2025-01-27,NOP,TOR,104,113,A,Javonte Green,9,7
2025-01-27,NOP,TOR,104,113,A,Gradey Dick,10,6
2025-01-27,NOP,TOR,104,113,A,Jordan Hawkins,7,1
2025-01-27,NOP,TOR,104,113,A,Yves Missi,0,5
2025-01-27,NOP,TOR,104,113,A,Jose Alvarado,0,3
2025-01-27,NOP,TOR,104,113,A,Orlando Robinson,4,1
2025-01-27,NOP,TOR,104,113,A,Davion Mitchell,7,0
2025-01-27,NOP,TOR,104,113,A,Jamal Shead,5,2
2025-01-27,NOP,TOR,104,113,A,Ochai Agbaji,2,1
2025-01-27,NOP,TOR,104,113,A,Daniel Theis,0,2
2025-01-27,ATL,MIN,92,100,A,De'Andre Hunter,35,2
2025-01-27,ATL,MIN,92,100,A,Rudy Gobert,18,10
2025-01-27,ATL,MIN,92,100,A,Clint Capela,10,15
2025-01-27,ATL,MIN,92,100,A,Anthony Edwards,23,5
2025-01-27,ATL,MIN,92,100,A,Jaden McDaniels,10,8
2025-01-27,ATL,MIN,92,100,A,Naz Reid,15,3
2025-01-27,ATL,MIN,92,100,A,Julius Randle,20,8
2025-01-27,ATL,MIN,92,100,A,Keaton Wallace,13,3
2025-01-27,ATL,MIN,92,100,A,Zaccharie Risacher,11,7
2025-01-27,ATL,MIN,92,100,A,Mike Conley,4,4
2025-01-27,ATL,MIN,92,100,A,Rob Dillingham,5,2
2025-01-27,ATL,MIN,92,100,A,Garrison Mathews,6,1
2025-01-27,ATL,MIN,92,100,A,Vit Krejci,4,5
2025-01-27,ATL,MIN,92,100,A,Mouhamed Gueye,4,4
2025-01-27,ATL,MIN,92,100,A,Nickeil Alexander-Walker,5,9
2025-01-27,ATL,MIN,92,100,A,David Roddy,2,5
2025-01-27,ATL,MIN,92,100,A,Dominick Barlow,0,2
2025-01-27,ATL,MIN,92,100,A,Onyeka Okongwu,7,7
2025-01-27,ATL,MIN,92,100,A,Josh Minott,0,2
2025-01-27,DAL,WAS,130,108,H,Daniel Gafford,18,8
2025-01-27,DAL,WAS,130,108,H,P.J. Washington,19,9
2025-01-27,DAL,WAS,130,108,H,Olivier-Maxence Prosper,20,5
2025-01-27,DAL,WAS,130,108,H,Klay Thompson,23,3
2025-01-27,DAL,WAS,130,108,H,Spencer Dinwiddie,8,3
2025-01-27,DAL,WAS,130,108,H,Bilal Coulibaly,16,4
2025-01-27,DAL,WAS,130,108,H,Jordan Poole,15,6
2025-01-27,DAL,WAS,130,108,H,Kyrie Irving,13,5
2025-01-27,DAL,WAS,130,108,H,Corey Kispert,15,2
2025-01-27,DAL,WAS,130,108,H,Justin Champagnie,6,6
2025-01-27,DAL,WAS,130,108,H,Richaun Holmes,9,5
2025-01-27,DAL,WAS,130,108,H,Kessler Edwards,5,7
2025-01-27,DAL,WAS,130,108,H,Tristan Vukcevic,10,2
2025-01-27,DAL,WAS,130,108,H,Quentin Grimes,9,4
2025-01-27,DAL,WAS,130,108,H,Jaden Hardy,12,1
2025-01-27,DAL,WAS,130,108,H,Jonas Valančiūnas,9,5
2025-01-27,DAL,WAS,130,108,H,Carlton Carrington,7,1
2025-01-27,DAL,WAS,130,108,H,Kyle Kuzma,7,6
2025-01-27,DAL,WAS,130,108,H,Johnny Davis,2,2
2025-01-27,DAL,WAS,130,108,H,Patrick Baldwin Jr.,3,2
2025-01-27,DAL,WAS,130,108,H,Alex Sarr,4,2
2025-01-27,DAL,WAS,130,108,H,Brandon Williams,0,1
2025-01-27,DAL,WAS,130,108,H,Kylor Kelley,1,4
2025-01-27,DAL,WAS,130,108,H,Anthony Gill,2,0
2025-01-27,DAL,WAS,130,108,H,Markieff Morris,2,1
2025-01-27,DAL,WAS,130,108,H,Kyshawn George,3,2
2025-01-27,CLE,DET,110,91,H,Donovan Mitchell,21,2
2025-01-27,CLE,DET,110,91,H,Evan Mobley,11,14
2025-01-27,CLE,DET,110,91,H,Malik Beasley,19,4
2025-01-27,CLE,DET,110,91,H,Darius Garland,22,5
2025-01-27,CLE,DET,110,91,H,Jarrett Allen,15,11
2025-01-27,CLE,DET,110,91,H,Jalen Duren,12,16
2025-01-27,CLE,DET,110,91,H,Ty Jerome,15,2
2025-01-27,CLE,DET,110,91,H,Marcus Sasser,11,0
2025-01-27,CLE,DET,110,91,H,Cade Cunningham,22,3
2025-01-27,CLE,DET,110,91,H,Max Strus,10,8
2025-01-27,CLE,DET,110,91,H,Tim Hardaway Jr.,8,3
2025-01-27,CLE,DET,110,91,H,Sam Merrill,8,4
2025-01-27,CLE,DET,110,91,H,Jaylon Tyson,5,2
2025-01-27,CLE,DET,110,91,H,Isaiah Stewart,6,4
2025-01-27,CLE,DET,110,91,H,Ron Holland,4,4
2025-01-27,CLE,DET,110,91,H,Simone Fontecchio,4,3
2025-01-27,CLE,DET,110,91,H,Wendell Moore Jr.,3,0
2025-01-27,CLE,DET,110,91,H,Paul Reed,0,0
2025-01-27,CLE,DET,110,91,H,Ausar Thompson,0,6
2025-01-27,CLE,DET,110,91,H,Craig Porter Jr.,0,1
2025-01-27,CLE,DET,110,91,H,Emoni Bates,0,0
2025-01-27,CLE,DET,110,91,H,Tristan Thompson,0,1
2025-01-27,CLE,DET,110,91,H,Tobias Harris,2,2
2025-01-27,CLE,DET,110,91,H,Georges Niang,3,3
2025-01-28,LAL,PHI,104,118,A,Tyrese Maxey,43,3
2025-01-28,LAL,PHI,104,118,A,LeBron James,31,8
2025-01-28,LAL,PHI,104,118,A,Dalton Knecht,24,5
2025-01-28,LAL,PHI,104,118,A,Ricky Council IV,16,7
2025-01-28,LAL,PHI,104,118,A,Guerschon Yabusele,14,5
2025-01-28,LAL,PHI,104,118,A,Kelly Oubre Jr.,20,8
2025-01-28,LAL,PHI,104,118,A,Austin Reaves,13,6
2025-01-28,LAL,PHI,104,118,A,Eric Gordon,14,3
2025-01-28,LAL,PHI,104,118,A,Rui Hachimura,13,2
2025-01-28,LAL,PHI,104,118,A,Christian Koloko,4,2
2025-01-28,LAL,PHI,104,118,A,Justin Edwards,7,4
2025-01-28,LAL,PHI,104,118,A,Cam Reddish,5,1
2025-01-28,LAL,PHI,104,118,A,Anthony Davis,4,2
2025-01-28,LAL,PHI,104,118,A,Jaxson Hayes,4,3
2025-01-28,LAL,PHI,104,118,A,Adem Bona,4,6
2025-01-28,LAL,PHI,104,118,A,Kyle Lowry,0,4
2025-01-28,LAL,PHI,104,118,A,Max Christie,3,4
2025-01-28,LAL,PHI,104,118,A,Pete Nance,0,1
2025-01-28,LAL,PHI,104,118,A,Shake Milton,0,0
2025-01-28,LAL,PHI,104,118,A,Jeff Dowtin,0,0
2025-01-28,LAL,PHI,104,118,A,Reggie Jackson,0,2
2025-01-28,LAL,PHI,104,118,A,Bronny James,0,3
2025-01-28,LAL,PHI,104,118,A,Dorian Finney-Smith,3,3
2025-01-28,MIL,POR,112,125,A,Giannis Antetokounmpo,39,12
2025-01-28,MIL,POR,112,125,A,Anfernee Simons,25,3
2025-01-28,MIL,POR,112,125,A,Deni Avdija,30,9
2025-01-28,MIL,POR,112,125,A,Deandre Ayton,21,14
2025-01-28,MIL,POR,112,125,A,Damian Lillard,20,3
2025-01-28,MIL,POR,112,125,A,Shaedon Sharpe,17,5
2025-01-28,MIL,POR,112,125,A,Andre Jackson Jr.,9,7
2025-01-28,MIL,POR,112,125,A,Gary Trent Jr.,11,4
2025-01-28,MIL,POR,112,125,A,Scoot Henderson,10,4
2025-01-28,MIL,POR,112,125,A,Toumani Camara,8,11
2025-01-28,MIL,POR,112,125,A,Brook Lopez,11,3
2025-01-28,MIL,POR,112,125,A,Ryan Rollins,9,1
2025-01-28,MIL,POR,112,125,A,Donovan Clingan,4,6
2025-01-28,MIL,POR,112,125,A,Jerami Grant,8,0
2025-01-28,MIL,POR,112,125,A,MarJon Beauchamp,3,1
2025-01-28,MIL,POR,112,125,A,Pat Connaughton,4,2
2025-01-28,MIL,POR,112,125,A,Bryce McGowens,2,0
2025-01-28,MIL,POR,112,125,A,Taurean Prince,4,2
2025-01-28,MIL,POR,112,125,A,Stanley Umude,2,0
2025-01-28,MIL,POR,112,125,A,Chris Livingston,0,0
2025-01-28,MIL,POR,112,125,A,Kris Murray,0,0
2025-01-28,MIL,POR,112,125,A,Duop Reath,0,0
2025-01-28,MIL,POR,112,125,A,Rayan Rupert,0,0
2025-01-28,MIL,POR,112,125,A,Jabari Walker,0,0
2025-01-28,MIL,POR,112,125,A,Khris Middleton,0,1
2025-01-28,GSW,UTA,114,103,H,Collin Sexton,30,2
2025-01-28,GSW,UTA,114,103,H,Brandin Podziemski,20,7
2025-01-28,GSW,UTA,114,103,H,Dennis Schröder,23,5
2025-01-28,GSW,UTA,114,103,H,Micah Potter,13,7
2025-01-28,GSW,UTA,114,103,H,Drew Eubanks,13,4
2025-01-28,GSW,UTA,114,103,H,Kevon Looney,6,11
2025-01-28,GSW,UTA,114,103,H,Andrew Wiggins,19,2
2025-01-28,GSW,UTA,114,103,H,Moses Moody,15,4
2025-01-28,GSW,UTA,114,103,H,Isaiah Collier,12,6
2025-01-28,GSW,UTA,114,103,H,Gui Santos,7,7
2025-01-28,GSW,UTA,114,103,H,Kyle Filipowski,10,3
2025-01-28,GSW,UTA,114,103,H,Quinten Post,10,5
2025-01-28,GSW,UTA,114,103,H,Keyonte George,12,6
2025-01-28,GSW,UTA,114,103,H,Kyle Anderson,6,2
2025-01-28,GSW,UTA,114,103,H,Trayce Jackson-Davis,4,1
2025-01-28,GSW,UTA,114,103,H,Brice Sensabaugh,8,2
2025-01-28,GSW,UTA,114,103,H,Gary Payton II,2,0
2025-01-28,GSW,UTA,114,103,H,Elijah Harkless,0,3
2025-01-28,GSW,UTA,114,103,H,Buddy Hield,2,3
2025-01-28,GSW,UTA,114,103,H,Patty Mills,0,2
2025-01-28,GSW,UTA,114,103,H,Svi Mykhailiuk,5,4
2025-01-28,ATL,HOU,96,100,A,Jae'Sean Tate,16,3
2025-01-28,ATL,HOU,96,100,A,Dyson Daniels,12,10
2025-01-28,ATL,HOU,96,100,A,Alperen Şengün,18,10
2025-01-28,ATL,HOU,96,100,A,Amen Thompson,11,5
2025-01-28,ATL,HOU,96,100,A,Trae Young,21,3
2025-01-28,ATL,HOU,96,100,A,Jalen Green,25,7
2025-01-28,ATL,HOU,96,100,A,Vit Krejci,13,5
2025-01-28,ATL,HOU,96,100,A,Aaron Holiday,8,1
2025-01-28,ATL,HOU,96,100,A,Onyeka Okongwu,7,6
2025-01-28,ATL,HOU,96,100,A,Mouhamed Gueye,11,7
2025-01-28,ATL,HOU,96,100,A,De'Andre Hunter,16,5
2025-01-28,ATL,HOU,96,100,A,Jock Landale,4,6
2025-01-28,ATL,HOU,96,100,A,Larry Nance Jr.,6,2
2025-01-28,ATL,HOU,96,100,A,Keaton Wallace,7,1
2025-01-28,ATL,HOU,96,100,A,Fred VanVleet,5,4
2025-01-28,ATL,HOU,96,100,A,Dillon Brooks,11,2
2025-01-28,ATL,HOU,96,100,A,Garrison Mathews,3,1
2025-01-28,ATL,HOU,96,100,A,Cam Whitmore,2,6
2025-01-29,GSW,OKC,116,109,H,Shai Gilgeous-Alexander,52,3
2025-01-29,GSW,OKC,116,109,H,Andrew Wiggins,27,4
2025-01-29,GSW,OKC,116,109,H,Kevon Looney,18,3
2025-01-29,GSW,OKC,116,109,H,Stephen Curry,21,1
2025-01-29,GSW,OKC,116,109,H,Jalen Williams,26,7
2025-01-29,GSW,OKC,116,109,H,Gary Payton II,15,9
2025-01-29,GSW,OKC,116,109,H,Isaiah Joe,17,2
2025-01-29,GSW,OKC,116,109,H,Brandin Podziemski,11,4
2025-01-29,GSW,OKC,116,109,H,Dennis Schröder,9,4
2025-01-29,GSW,OKC,116,109,H,Isaiah Hartenstein,4,18
2025-01-29,GSW,OKC,116,109,H,Buddy Hield,5,5
2025-01-29,GSW,OKC,116,109,H,Luguentz Dort,4,6
2025-01-29,GSW,OKC,116,109,H,Cason Wallace,2,3
2025-01-29,GSW,OKC,116,109,H,Jaylin Williams,2,6
2025-01-29,GSW,OKC,116,109,H,Kyle Anderson,2,3
2025-01-29,GSW,OKC,116,109,H,Gui Santos,3,7
2025-01-29,GSW,OKC,116,109,H,Moses Moody,5,2
2025-01-29,GSW,OKC,116,109,H,Ousmane Dieng,0,2
2025-01-29,GSW,OKC,116,109,H,Alex Caruso,0,0
2025-01-29,GSW,OKC,116,109,H,Aaron Wiggins,2,2
2025-01-29,GSW,OKC,116,109,H,Kenrich Williams,0,1
2025-01-29,GSW,OKC,116,109,H,Quinten Post,0,0
2025-01-29,DEN,NYK,112,122,A,Jalen Brunson,30,4
2025-01-29,DEN,NYK,112,122,A,Jamal Murray,33,5
2025-01-29,DEN,NYK,112,122,A,Josh Hart,15,5
2025-01-29,DEN,NYK,112,122,A,OG Anunoby,23,4
2025-01-29,DEN,NYK,112,122,A,Nikola Jokić,17,6
2025-01-29,DEN,NYK,112,122,A,Karl-Anthony Towns,14,10
2025-01-29,DEN,NYK,112,122,A,Aaron Gordon,15,6
2025-01-29,DEN,NYK,112,122,A,Russell Westbrook,14,14
2025-01-29,DEN,NYK,112,122,A,Miles McBride,12,2
2025-01-29,DEN,NYK,112,122,A,Christian Braun,13,5
2025-01-29,DEN,NYK,112,122,A,Michael Porter Jr.,9,3
2025-01-29,DEN,NYK,112,122,A,Cameron Payne,7,3
2025-01-29,DEN,NYK,112,122,A,Mikal Bridges,13,3
2025-01-29,DEN,NYK,112,122,A,Precious Achiuwa,8,3
2025-01-29,DEN,NYK,112,122,A,Julian Strawther,5,4
2025-01-29,DEN,NYK,112,122,A,DeAndre Jordan,2,3
2025-01-29,DEN,NYK,112,122,A,Peyton Watson,4,1
2025-01-29,DEN,NYK,112,122,A,Landry Shamet,0,1
2025-01-29,MIN,PHO,121,113,H,Kevin Durant,33,2
2025-01-29,MIN,PHO,121,113,H,Julius Randle,28,7
2025-01-29,MIN,PHO,121,113,H,Anthony Edwards,33,7
2025-01-29,MIN,PHO,121,113,H,Bradley Beal,17,3
2025-01-29,MIN,PHO,121,113,H,Nickeil Alexander-Walker,23,4
2025-01-29,MIN,PHO,121,113,H,Devin Booker,28,4
2025-01-29,MIN,PHO,121,113,H,Jaden McDaniels,14,6
2025-01-29,MIN,PHO,121,113,H,Grayson Allen,11,7
2025-01-29,MIN,PHO,121,113,H,Rob Dillingham,8,2
2025-01-29,MIN,PHO,121,113,H,Mike Conley,6,0
2025-01-29,MIN,PHO,121,113,H,Ryan Dunn,5,4
2025-01-29,MIN,PHO,121,113,H,Rudy Gobert,4,5
2025-01-29,MIN,PHO,121,113,H,Tyus Jones,5,3
2025-01-29,MIN,PHO,121,113,H,Nick Richards,7,5
2025-01-29,MIN,PHO,121,113,H,Royce O'Neale,4,5
2025-01-29,MIN,PHO,121,113,H,Mason Plumlee,3,3
2025-01-29,MIN,PHO,121,113,H,Luka Garza,3,0
2025-01-29,MIN,PHO,121,113,H,Jaylen Clark,2,3
2025-01-29,MIN,PHO,121,113,H,Collin Gillespie,0,0
2025-01-29,MIN,PHO,121,113,H,Oso Ighodaro,0,0
2025-01-29,MIN,PHO,121,113,H,Josh Minott,0,0
2025-01-29,BOS,CHI,122,100,H,Kristaps Porziņģis,34,11
2025-01-29,BOS,CHI,122,100,H,Jaylen Brown,28,6
2025-01-29,BOS,CHI,122,100,H,Derrick White,22,1
2025-01-29,BOS,CHI,122,100,H,Patrick Williams,16,7
2025-01-29,BOS,CHI,122,100,H,Payton Pritchard,10,2
2025-01-29,BOS,CHI,122,100,H,Josh Giddey,10,4
2025-01-29,BOS,CHI,122,100,H,Jayson Tatum,16,8
2025-01-29,BOS,CHI,122,100,H,Jalen Smith,9,11
2025-01-29,BOS,CHI,122,100,H,Matas Buzelis,12,4
2025-01-29,BOS,CHI,122,100,H,Ayo Dosunmu,12,4
2025-01-29,BOS,CHI,122,100,H,Lonzo Ball,9,3
2025-01-29,BOS,CHI,122,100,H,Coby White,16,2
2025-01-29,BOS,CHI,122,100,H,Jaden Springer,4,5
2025-01-29,BOS,CHI,122,100,H,Jrue Holiday,6,7
2025-01-29,BOS,CHI,122,100,H,Nikola Vučević,6,11
2025-01-29,BOS,CHI,122,100,H,Jevon Carter,3,0
2025-01-29,BOS,CHI,122,100,H,Julian Phillips,5,0
2025-01-29,BOS,CHI,122,100,H,Dalen Terry,2,1
2025-01-29,BOS,CHI,122,100,H,Neemias Queta,0,0
2025-01-29,BOS,CHI,122,100,H,Luke Kornet,2,2
2025-01-29,BOS,CHI,122,100,H,Jordan Walsh,0,1
2025-01-29,BOS,CHI,122,100,H,Talen Horton-Tucker,0,0
2025-01-29,BOS,CHI,122,100,H,Drew Peterson,0,2
2025-01-29,DAL,NOP,137,136,H,Trey Murphy III,32,6
2025-01-29,DAL,NOP,137,136,H,Zion Williamson,29,6
2025-01-29,DAL,NOP,137,136,H,Daniel Gafford,22,12
2025-01-29,DAL,NOP,137,136,H,Kyrie Irving,25,9
2025-01-29,DAL,NOP,137,136,H,P.J. Washington,25,14
2025-01-29,DAL,NOP,137,136,H,Dejounte Murray,27,5
2025-01-29,DAL,NOP,137,136,H,CJ McCollum,23,3
2025-01-29,DAL,NOP,137,136,H,Quentin Grimes,17,1
2025-01-29,DAL,NOP,137,136,H,Klay Thompson,20,4
2025-01-29,DAL,NOP,137,136,H,Spencer Dinwiddie,11,4
2025-01-29,DAL,NOP,137,136,H,Brandon Boston Jr.,12,1
2025-01-29,DAL,NOP,137,136,H,Jose Alvarado,11,0
2025-01-29,DAL,NOP,137,136,H,Javonte Green,0,3
2025-01-29,DAL,NOP,137,136,H,Daniel Theis,2,5
2025-01-29,DAL,NOP,137,136,H,Kessler Edwards,2,3
2025-01-29,DAL,NOP,137,136,H,Yves Missi,0,7
2025-01-29,DAL,NOP,137,136,H,Olivier-Maxence Prosper,4,3
2025-01-29,DAL,NOP,137,136,H,Naji Marshall,5,0
2025-01-29,DAL,NOP,137,136,H,Jaden Hardy,6,1
2025-01-29,DET,IND,119,133,A,Pascal Siakam,37,6
2025-01-29,DET,IND,119,133,A,Tyrese Haliburton,30,7
2025-01-29,DET,IND,119,133,A,Cade Cunningham,32,5
2025-01-29,DET,IND,119,133,A,Myles Turner,24,7
2025-01-29,DET,IND,119,133,A,Malik Beasley,20,2
2025-01-29,DET,IND,119,133,A,Jalen Duren,14,10
2025-01-29,DET,IND,119,133,A,Ben Sheppard,12,2
2025-01-29,DET,IND,119,133,A,Tobias Harris,19,8
2025-01-29,DET,IND,119,133,A,T.J. McConnell,14,6
2025-01-29,DET,IND,119,133,A,Ausar Thompson,10,3
2025-01-29,DET,IND,119,133,A,Simone Fontecchio,6,4
2025-01-29,DET,IND,119,133,A,Thomas Bryant,9,2
2025-01-29,DET,IND,119,133,A,Marcus Sasser,6,1
2025-01-29,DET,IND,119,133,A,Ron Holland,6,2
2025-01-29,DET,IND,119,133,A,RayJ Dennis,3,0
2025-01-29,DET,IND,119,133,A,Jarace Walker,3,2
2025-01-29,DET,IND,119,133,A,Tim Hardaway Jr.,3,2
2025-01-29,DET,IND,119,133,A,Obi Toppin,1,1
2025-01-29,DET,IND,119,133,A,Bobi Klintman,0,0
2025-01-29,DET,IND,119,133,A,Wendell Moore Jr.,0,0
2025-01-29,DET,IND,119,133,A,Paul Reed,2,4
2025-01-29,DET,IND,119,133,A,Johnny Furphy,0,0
2025-01-29,DET,IND,119,133,A,Isaiah Stewart,1,0
2025-01-29,DET,IND,119,133,A,Aaron Nesmith,0,3
2025-01-29,DET,IND,119,133,A,James Johnson,0,0
2025-01-29,CLE,MIA,126,106,H,Donovan Mitchell,34,1
2025-01-29,CLE,MIA,126,106,H,Evan Mobley,22,15
2025-01-29,CLE,MIA,126,106,H,Terry Rozier,22,4
2025-01-29,CLE,MIA,126,106,H,Tyler Herro,22,5
2025-01-29,CLE,MIA,126,106,H,Bam Adebayo,21,9
2025-01-29,CLE,MIA,126,106,H,Ty Jerome,20,3
2025-01-29,CLE,MIA,126,106,H,Jarrett Allen,12,10
2025-01-29,CLE,MIA,126,106,H,Georges Niang,15,4
2025-01-29,CLE,MIA,126,106,H,Haywood Highsmith,12,3
2025-01-29,CLE,MIA,126,106,H,Nikola Jović,11,3
2025-01-29,CLE,MIA,126,106,H,Duncan Robinson,13,2
2025-01-29,CLE,MIA,126,106,H,Craig Porter Jr.,9,4
2025-01-29,CLE,MIA,126,106,H,Max Strus,8,3
2025-01-29,CLE,MIA,126,106,H,Kel'el Ware,5,4
2025-01-29,CLE,MIA,126,106,H,Jaylon Tyson,4,5
2025-01-29,CLE,MIA,126,106,H,Pelle Larsson,0,2
2025-01-29,CLE,MIA,126,106,H,Tristan Thompson,2,2
2025-01-29,CLE,MIA,126,106,H,Jaime Jaquez Jr.,0,3
2025-01-29,CLE,MIA,126,106,H,Emoni Bates,0,0
2025-01-29,CLE,MIA,126,106,H,Josh Christopher,0,0
2025-01-29,LAC,SAS,128,116,H,Kawhi Leonard,27,6
2025-01-29,LAC,SAS,128,116,H,Ivica Zubac,21,22
2025-01-29,LAC,SAS,128,116,H,Norman Powell,27,8
2025-01-29,LAC,SAS,128,116,H,Victor Wembanyama,23,12
2025-01-29,LAC,SAS,128,116,H,Harrison Barnes,15,3
2025-01-29,LAC,SAS,128,116,H,James Harden,21,3
2025-01-29,LAC,SAS,128,116,H,Stephon Castle,20,3
2025-01-29,LAC,SAS,128,116,H,Nicolas Batum,12,5
2025-01-29,LAC,SAS,128,116,H,Devin Vassell,19,3
2025-01-29,LAC,SAS,128,116,H,Tre Jones,9,1
2025-01-29,LAC,SAS,128,116,H,Jeremy Sochan,7,0
2025-01-29,LAC,SAS,128,116,H,Derrick Jones Jr.,7,7
2025-01-29,LAC,SAS,128,116,H,Chris Paul,7,1
2025-01-29,LAC,SAS,128,116,H,Kevin Porter Jr.,9,4
2025-01-29,LAC,SAS,128,116,H,Keldon Johnson,9,2
2025-01-29,LAC,SAS,128,116,H,Julian Champagnie,5,2
2025-01-29,LAC,SAS,128,116,H,Sandro Mamukelashvili,2,3
2025-01-29,LAC,SAS,128,116,H,Kobe Brown,2,0
2025-01-29,LAC,SAS,128,116,H,Jordan Miller,0,0
2025-01-29,LAC,SAS,128,116,H,Amir Coffey,0,1
2025-01-29,LAC,SAS,128,116,H,Terance Mann,2,1
2025-01-29,PHI,SAC,117,104,H,Tyrese Maxey,30,4
2025-01-29,PHI,SAC,117,104,H,Domantas Sabonis,13,14
2025-01-29,PHI,SAC,117,104,H,Kyle Lowry,13,5
2025-01-29,PHI,SAC,117,104,H,Malik Monk,21,5
2025-01-29,PHI,SAC,117,104,H,Kelly Oubre Jr.,15,6
2025-01-29,PHI,SAC,117,104,H,De'Aaron Fox,19,8
2025-01-29,PHI,SAC,117,104,H,Keegan Murray,17,8
2025-01-29,PHI,SAC,117,104,H,Eric Gordon,14,1
2025-01-29,PHI,SAC,117,104,H,DeMar DeRozan,19,3
2025-01-29,PHI,SAC,117,104,H,Ricky Council IV,13,1
2025-01-29,PHI,SAC,117,104,H,Reggie Jackson,9,4
2025-01-29,PHI,SAC,117,104,H,Guerschon Yabusele,9,6
2025-01-29,PHI,SAC,117,104,H,Trey Lyles,4,5
2025-01-29,PHI,SAC,117,104,H,Justin Edwards,9,1
2025-01-29,PHI,SAC,117,104,H,Adem Bona,5,7
2025-01-29,PHI,SAC,117,104,H,Kevin Huerter,5,0
2025-01-29,PHI,SAC,117,104,H,Keon Ellis,6,3
2025-01-29,PHI,SAC,117,104,H,Devin Carter,0,0
2025-01-29,PHI,SAC,117,104,H,Pete Nance,0,0
2025-01-29,PHI,SAC,117,104,H,Alex Len,0,0
2025-01-29,TOR,WAS,106,82,H,Scottie Barnes,24,4
2025-01-29,TOR,WAS,106,82,H,Jakob Poeltl,12,8
2025-01-29,TOR,WAS,106,82,H,Justin Champagnie,12,6
2025-01-29,TOR,WAS,106,82,H,Jamal Shead,10,2
2025-01-29,TOR,WAS,106,82,H,Bruce Brown,10,4
2025-01-29,TOR,WAS,106,82,H,Kyle Kuzma,19,10
2025-01-29,TOR,WAS,106,82,H,Ochai Agbaji,12,3
2025-01-29,TOR,WAS,106,82,H,Davion Mitchell,10,4
2025-01-29,TOR,WAS,106,82,H,Richaun Holmes,8,5
2025-01-29,TOR,WAS,106,82,H,Orlando Robinson,10,6
2025-01-29,TOR,WAS,106,82,H,RJ Barrett,11,3
2025-01-29,TOR,WAS,106,82,H,Kyshawn George,10,1
2025-01-29,TOR,WAS,106,82,H,Jonas Valančiūnas,6,11
2025-01-29,TOR,WAS,106,82,H,Corey Kispert,8,1
2025-01-29,TOR,WAS,106,82,H,Tristan Vukcevic,3,1
2025-01-29,TOR,WAS,106,82,H,Bilal Coulibaly,8,2
2025-01-29,TOR,WAS,106,82,H,Anthony Gill,2,0
2025-01-29,TOR,WAS,106,82,H,Carlton Carrington,3,2
2025-01-29,TOR,WAS,106,82,H,Ja'Kobe Walter,4,0
2025-01-29,TOR,WAS,106,82,H,Patrick Baldwin Jr.,0,3
2025-01-29,TOR,WAS,106,82,H,Chris Boucher,3,2
2025-01-29,TOR,WAS,106,82,H,Garrett Temple,0,0
2025-01-29,TOR,WAS,106,82,H,Johnny Davis,0,1
2025-01-29,TOR,WAS,106,82,H,Jordan Poole,3,0
2025-01-29,BRK,CHO,104,83,H,Miles Bridges,23,13
2025-01-29,BRK,CHO,104,83,H,Nic Claxton,12,8
2025-01-29,BRK,CHO,104,83,H,Keon Johnson,18,5
2025-01-29,BRK,CHO,104,83,H,Moussa Diabaté,13,8
2025-01-29,BRK,CHO,104,83,H,Ziaire Williams,13,3
2025-01-29,BRK,CHO,104,83,H,Vasilije Micić,15,7
2025-01-29,BRK,CHO,104,83,H,Jalen Wilson,15,1
2025-01-29,BRK,CHO,104,83,H,Tosan Evbuomwan,14,4
2025-01-29,BRK,CHO,104,83,H,D'Angelo Russell,6,7
2025-01-29,BRK,CHO,104,83,H,Ben Simmons,10,2
2025-01-29,BRK,CHO,104,83,H,Trendon Watford,9,4
2025-01-29,BRK,CHO,104,83,H,Isaiah Wong,8,2
2025-01-29,BRK,CHO,104,83,H,Josh Okogie,9,2
2025-01-29,BRK,CHO,104,83,H,Day'Ron Sharpe,5,6
2025-01-29,BRK,CHO,104,83,H,Reece Beekman,2,0
2025-01-29,BRK,CHO,104,83,H,Seth Curry,6,1
2025-01-29,BRK,CHO,104,83,H,Taj Gibson,0,10
2025-01-29,BRK,CHO,104,83,H,DaQuan Jeffries,0,1
2025-01-29,BRK,CHO,104,83,H,KJ Simpson,7,3
2025-01-29,BRK,CHO,104,83,H,Nick Smith Jr.,2,5
2025-01-30,MIN,UTA,138,113,H,Anthony Edwards,36,6
2025-01-30,MIN,UTA,138,113,H,Keyonte George,23,1
2025-01-30,MIN,UTA,138,113,H,Rudy Gobert,16,9
2025-01-30,MIN,UTA,138,113,H,Rob Dillingham,19,0
2025-01-30,MIN,UTA,138,113,H,Luka Garza,16,4
2025-01-30,MIN,UTA,138,113,H,Naz Reid,12,4
2025-01-30,MIN,UTA,138,113,H,Collin Sexton,19,3
2025-01-30,MIN,UTA,138,113,H,Nickeil Alexander-Walker,15,4
2025-01-30,MIN,UTA,138,113,H,Jordan Clarkson,16,0
2025-01-30,MIN,UTA,138,113,H,John Collins,16,5
2025-01-30,MIN,UTA,138,113,H,Isaiah Collier,11,2
2025-01-30,MIN,UTA,138,113,H,Lauri Markkanen,15,2
2025-01-30,MIN,UTA,138,113,H,Jaylen Clark,6,3
2025-01-30,MIN,UTA,138,113,H,Drew Eubanks,6,0
2025-01-30,MIN,UTA,138,113,H,Leonard Miller,6,3
2025-01-30,MIN,UTA,138,113,H,Julius Randle,6,1
2025-01-30,MIN,UTA,138,113,H,Kyle Filipowski,2,1
2025-01-30,MIN,UTA,138,113,H,Josh Minott,2,0
2025-01-30,MIN,UTA,138,113,H,Walker Kessler,2,8
2025-01-30,MIN,UTA,138,113,H,Joe Ingles,0,1
2025-01-30,MIN,UTA,138,113,H,Brice Sensabaugh,3,1
2025-01-30,MIN,UTA,138,113,H,Jaden McDaniels,4,4
2025-01-30,ATL,CLE,115,137,A,Zaccharie Risacher,30,1
2025-01-30,ATL,CLE,115,137,A,Ty Jerome,20,2
2025-01-30,ATL,CLE,115,137,A,Donovan Mitchell,24,1
2025-01-30,ATL,CLE,115,137,A,Darius Garland,26,2
2025-01-30,ATL,CLE,115,137,A,De'Andre Hunter,25,5
2025-01-30,ATL,CLE,115,137,A,Evan Mobley,16,10
2025-01-30,ATL,CLE,115,137,A,Jarrett Allen,9,15
2025-01-30,ATL,CLE,115,137,A,Onyeka Okongwu,14,7
2025-01-30,ATL,CLE,115,137,A,Jaylon Tyson,15,5
2025-01-30,ATL,CLE,115,137,A,Trae Young,15,1
2025-01-30,ATL,CLE,115,137,A,Max Strus,11,5
2025-01-30,ATL,CLE,115,137,A,Mouhamed Gueye,8,2
2025-01-30,ATL,CLE,115,137,A,Dyson Daniels,7,7
2025-01-30,ATL,CLE,115,137,A,Georges Niang,10,3
2025-01-30,ATL,CLE,115,137,A,Sam Merrill,4,3
2025-01-30,ATL,CLE,115,137,A,Garrison Mathews,6,5
2025-01-30,ATL,CLE,115,137,A,Dominick Barlow,2,2
2025-01-30,ATL,CLE,115,137,A,Vit Krejci,6,1
2025-01-30,ATL,CLE,115,137,A,Craig Porter Jr.,2,0
2025-01-30,ATL,CLE,115,137,A,Tristan Thompson,0,3
2025-01-30,ATL,CLE,115,137,A,Keaton Wallace,2,0
2025-01-30,ATL,CLE,115,137,A,Emoni Bates,0,0
2025-01-30,ATL,CLE,115,137,A,Larry Nance Jr.,0,5
2025-01-30,ATL,CLE,115,137,A,David Roddy,0,0
2025-01-30,ATL,CLE,115,137,A,JT Thor,0,0
2025-01-30,ORL,POR,90,119,A,Deandre Ayton,22,8
2025-01-30,ORL,POR,90,119,A,Scoot Henderson,23,5
2025-01-30,ORL,POR,90,119,A,Shaedon Sharpe,23,2
2025-01-30,ORL,POR,90,119,A,Franz Wagner,24,3
2025-01-30,ORL,POR,90,119,A,Wendell Carter Jr.,12,7
2025-01-30,ORL,POR,90,119,A,Deni Avdija,11,5
2025-01-30,ORL,POR,90,119,A,Jonathan Isaac,4,5
2025-01-30,ORL,POR,90,119,A,Paolo Banchero,21,6
2025-01-30,ORL,POR,90,119,A,Cole Anthony,16,1
2025-01-30,ORL,POR,90,119,A,Dalano Banton,11,2
2025-01-30,ORL,POR,90,119,A,Jabari Walker,10,4
2025-01-30,ORL,POR,90,119,A,Anfernee Simons,8,2
2025-01-30,ORL,POR,90,119,A,Toumani Camara,7,5
2025-01-30,ORL,POR,90,119,A,Gary Harris,3,1
2025-01-30,ORL,POR,90,119,A,Goga Bitadze,2,3
2025-01-30,ORL,POR,90,119,A,Rayan Rupert,3,1
2025-01-30,ORL,POR,90,119,A,Kentavious Caldwell-Pope,4,2
2025-01-30,ORL,POR,90,119,A,Tristan Da Silva,0,1
2025-01-30,ORL,POR,90,119,A,Caleb Houstan,2,1
2025-01-30,ORL,POR,90,119,A,Bryce McGowens,1,0
2025-01-30,ORL,POR,90,119,A,Kris Murray,0,0
2025-01-30,ORL,POR,90,119,A,Donovan Clingan,0,3
2025-01-30,ORL,POR,90,119,A,Jett Howard,0,1
2025-01-30,ORL,POR,90,119,A,Duop Reath,0,1
2025-01-30,ORL,POR,90,119,A,Trevelin Queen,2,0
2025-01-30,ORL,POR,90,119,A,Anthony Black,0,2
2025-01-30,LAL,WAS,134,96,H,Shake Milton,21,4
2025-01-30,LAL,WAS,134,96,H,LeBron James,24,3
2025-01-30,LAL,WAS,134,96,H,Rui Hachimura,22,4
2025-01-30,LAL,WAS,134,96,H,Austin Reaves,17,6
2025-01-30,LAL,WAS,134,96,H,Jaxson Hayes,10,10
2025-01-30,LAL,WAS,134,96,H,Max Christie,13,4
2025-01-30,LAL,WAS,134,96,H,Corey Kispert,11,3
2025-01-30,LAL,WAS,134,96,H,Jarred Vanderbilt,4,7
2025-01-30,LAL,WAS,134,96,H,Jordan Poole,19,5
2025-01-30,LAL,WAS,134,96,H,Richaun Holmes,6,5
2025-01-30,LAL,WAS,134,96,H,Tristan Vukcevic,9,3
2025-01-30,LAL,WAS,134,96,H,Kyshawn George,6,4
2025-01-30,LAL,WAS,134,96,H,Christian Koloko,4,2
2025-01-30,LAL,WAS,134,96,H,Justin Champagnie,6,3
2025-01-30,LAL,WAS,134,96,H,Kyle Kuzma,13,3
2025-01-30,LAL,WAS,134,96,H,Dalton Knecht,10,1
2025-01-30,LAL,WAS,134,96,H,Bronny James,5,2
2025-01-30,LAL,WAS,134,96,H,Jared Butler,8,0
2025-01-30,LAL,WAS,134,96,H,Bilal Coulibaly,6,3
2025-01-30,LAL,WAS,134,96,H,Patrick Baldwin Jr.,3,2
2025-01-30,LAL,WAS,134,96,H,Jonas Valančiūnas,5,3
2025-01-30,LAL,WAS,134,96,H,Johnny Davis,2,2
2025-01-30,LAL,WAS,134,96,H,Anthony Gill,0,1
2025-01-30,LAL,WAS,134,96,H,Trey Jemison,4,5
2025-01-30,LAL,WAS,134,96,H,Carlton Carrington,2,1
2025-01-30,HOU,MEM,119,120,A,Amen Thompson,21,7
2025-01-30,HOU,MEM,119,120,A,Desmond Bane,24,12
2025-01-30,HOU,MEM,119,120,A,Jalen Green,25,6
2025-01-30,HOU,MEM,119,120,A,Brandon Clarke,13,5
2025-01-30,HOU,MEM,119,120,A,Luke Kennard,22,1
2025-01-30,HOU,MEM,119,120,A,Jaren Jackson Jr.,21,4
2025-01-30,HOU,MEM,119,120,A,Steven Adams,11,10
2025-01-30,HOU,MEM,119,120,A,Jaylen Wells,11,3
2025-01-30,HOU,MEM,119,120,A,Santi Aldama,15,5
2025-01-30,HOU,MEM,119,120,A,Dillon Brooks,22,2
2025-01-30,HOU,MEM,119,120,A,Tari Eason,13,12
2025-01-30,HOU,MEM,119,120,A,Fred VanVleet,13,1
2025-01-30,HOU,MEM,119,120,A,Jock Landale,8,3
2025-01-30,HOU,MEM,119,120,A,Scotty Pippen Jr.,4,3
2025-01-30,HOU,MEM,119,120,A,Jake LaRavia,5,2
2025-01-30,HOU,MEM,119,120,A,Cam Whitmore,5,2
2025-01-30,HOU,MEM,119,120,A,Zach Edey,5,2
2025-01-30,HOU,MEM,119,120,A,Jae'Sean Tate,1,2
2025-01-30,HOU,MEM,119,120,A,GG Jackson II,0,0
2025-01-31,DEN,PHI,137,134,H,Tyrese Maxey,42,2
2025-01-31,DEN,PHI,137,134,H,Jamal Murray,31,6
2025-01-31,DEN,PHI,137,134,H,Nikola Jokić,28,9
2025-01-31,DEN,PHI,137,134,H,Guerschon Yabusele,28,7
2025-01-31,DEN,PHI,137,134,H,Kelly Oubre Jr.,27,7
2025-01-31,DEN,PHI,137,134,H,Michael Porter Jr.,24,6
2025-01-31,DEN,PHI,137,134,H,Julian Strawther,18,2
2025-01-31,DEN,PHI,137,134,H,Eric Gordon,11,0
2025-01-31,DEN,PHI,137,134,H,Christian Braun,15,5
2025-01-31,DEN,PHI,137,134,H,Justin Edwards,9,5
2025-01-31,DEN,PHI,137,134,H,Aaron Gordon,11,3
2025-01-31,DEN,PHI,137,134,H,Ricky Council IV,10,2
2025-01-31,DEN,PHI,137,134,H,Peyton Watson,6,4
2025-01-31,DEN,PHI,137,134,H,Kyle Lowry,3,1
2025-01-31,DEN,PHI,137,134,H,Russell Westbrook,4,0
2025-01-31,DEN,PHI,137,134,H,Adem Bona,2,1
2025-01-31,DEN,PHI,137,134,H,Reggie Jackson,2,2
2025-01-31,BOS,NOP,118,116,H,Trey Murphy III,40,5
2025-01-31,BOS,NOP,118,116,H,Jaylen Brown,28,6
2025-01-31,BOS,NOP,118,116,H,Jayson Tatum,27,6
2025-01-31,BOS,NOP,118,116,H,Jose Alvarado,20,3
2025-01-31,BOS,NOP,118,116,H,Kristaps Porziņģis,16,5
2025-01-31,BOS,NOP,118,116,H,Derrick White,16,4
2025-01-31,BOS,NOP,118,116,H,Luke Kornet,11,2
2025-01-31,BOS,NOP,118,116,H,Javonte Green,6,6
2025-01-31,BOS,NOP,118,116,H,Karlo Matković,7,4
2025-01-31,BOS,NOP,118,116,H,CJ McCollum,17,2
2025-01-31,BOS,NOP,118,116,H,Sam Hauser,9,4
2025-01-31,BOS,NOP,118,116,H,Jrue Holiday,4,3
2025-01-31,BOS,NOP,118,116,H,Brandon Boston Jr.,10,5
2025-01-31,BOS,NOP,118,116,H,Yves Missi,6,13
2025-01-31,BOS,NOP,118,116,H,Al Horford,4,4
2025-01-31,BOS,NOP,118,116,H,Payton Pritchard,3,1
2025-01-31,BOS,NOP,118,116,H,Jeremiah Robinson-Earl,3,5
2025-01-31,BOS,NOP,118,116,H,Jamal Cain,3,0
2025-01-31,BOS,NOP,118,116,H,Jaden Springer,0,0
2025-01-31,BOS,NOP,118,116,H,Dejounte Murray,4,5
2025-01-31,MIL,SAS,118,144,A,Giannis Antetokounmpo,35,14
2025-01-31,MIL,SAS,118,144,A,Victor Wembanyama,30,14
2025-01-31,MIL,SAS,118,144,A,Khris Middleton,21,4
2025-01-31,MIL,SAS,118,144,A,Keldon Johnson,24,4
2025-01-31,MIL,SAS,118,144,A,Stephon Castle,20,8
2025-01-31,MIL,SAS,118,144,A,Damian Lillard,22,3
2025-01-31,MIL,SAS,118,144,A,Chris Paul,12,5
2025-01-31,MIL,SAS,118,144,A,Harrison Barnes,16,6
2025-01-31,MIL,SAS,118,144,A,Tre Jones,9,0
2025-01-31,MIL,SAS,118,144,A,Pat Connaughton,8,2
2025-01-31,MIL,SAS,118,144,A,Taurean Prince,13,5
2025-01-31,MIL,SAS,118,144,A,Devin Vassell,12,2
2025-01-31,MIL,SAS,118,144,A,Julian Champagnie,6,5
2025-01-31,MIL,SAS,118,144,A,Blake Wesley,2,0
2025-01-31,MIL,SAS,118,144,A,Brook Lopez,6,5
2025-01-31,MIL,SAS,118,144,A,Andre Jackson Jr.,7,4
2025-01-31,MIL,SAS,118,144,A,Chris Livingston,2,3
2025-01-31,MIL,SAS,118,144,A,Zach Collins,3,0
2025-01-31,MIL,SAS,118,144,A,Sandro Mamukelashvili,5,0
2025-01-31,MIL,SAS,118,144,A,Jeremy Sochan,2,7
2025-01-31,MIL,SAS,118,144,A,Malaki Branham,3,2
2025-01-31,MIL,SAS,118,144,A,Stanley Umude,2,1
2025-01-31,MIL,SAS,118,144,A,Sidy Cissoko,0,0
2025-01-31,MIL,SAS,118,144,A,MarJon Beauchamp,0,1
2025-01-31,MIL,SAS,118,144,A,A.J. Green,0,2
2025-01-31,MIL,SAS,118,144,A,Gary Trent Jr.,2,2
2025-01-31,MIL,SAS,118,144,A,Ryan Rollins,0,1
2025-01-31,DAL,DET,102,117,A,Cade Cunningham,40,6
2025-01-31,DAL,DET,102,117,A,Jalen Duren,16,13
2025-01-31,DAL,DET,102,117,A,P.J. Washington,22,13
2025-01-31,DAL,DET,102,117,A,Daniel Gafford,16,10
2025-01-31,DAL,DET,102,117,A,Kyrie Irving,28,6
2025-01-31,DAL,DET,102,117,A,Tobias Harris,17,3
2025-01-31,DAL,DET,102,117,A,Klay Thompson,13,4
2025-01-31,DAL,DET,102,117,A,Marcus Sasser,10,2
2025-01-31,DAL,DET,102,117,A,Paul Reed,6,7
2025-01-31,DAL,DET,102,117,A,Olivier-Maxence Prosper,4,3
2025-01-31,DAL,DET,102,117,A,Malik Beasley,9,2
2025-01-31,DAL,DET,102,117,A,Naji Marshall,7,3
2025-01-31,DAL,DET,102,117,A,Kylor Kelley,4,2
2025-01-31,DAL,DET,102,117,A,Simone Fontecchio,4,2
2025-01-31,DAL,DET,102,117,A,Ausar Thompson,2,4
2025-01-31,DAL,DET,102,117,A,Spencer Dinwiddie,5,1
2025-01-31,DAL,DET,102,117,A,Tim Hardaway Jr.,9,5
2025-01-31,DAL,DET,102,117,A,Ron Holland,4,3
2025-01-31,DAL,DET,102,117,A,Dante Exum,3,2
2025-01-31,DAL,DET,102,117,A,Wendell Moore Jr.,0,0
2025-01-31,DAL,DET,102,117,A,Kessler Edwards,0,1
2025-01-31,DAL,DET,102,117,A,Bobi Klintman,0,0
2025-01-31,DAL,DET,102,117,A,Jaden Hardy,0,1
2025-01-31,DAL,DET,102,117,A,Quentin Grimes,0,0
2025-01-31,GSW,PHO,105,130,A,Devin Booker,31,5
2025-01-31,GSW,PHO,105,130,A,Andrew Wiggins,17,8
2025-01-31,GSW,PHO,105,130,A,Kevin Durant,19,6
2025-01-31,GSW,PHO,105,130,A,Grayson Allen,11,6
2025-01-31,GSW,PHO,105,130,A,Moses Moody,17,6
2025-01-31,GSW,PHO,105,130,A,Nick Richards,14,16
2025-01-31,GSW,PHO,105,130,A,Bradley Beal,21,2
2025-01-31,GSW,PHO,105,130,A,Mason Plumlee,10,6
2025-01-31,GSW,PHO,105,130,A,Buddy Hield,13,3
2025-01-31,GSW,PHO,105,130,A,Brandin Podziemski,14,3
2025-01-31,GSW,PHO,105,130,A,Quinten Post,9,8
2025-01-31,GSW,PHO,105,130,A,Stephen Curry,14,3
2025-01-31,GSW,PHO,105,130,A,Dennis Schröder,5,6
2025-01-31,GSW,PHO,105,130,A,Tyus Jones,6,0
2025-01-31,GSW,PHO,105,130,A,Royce O'Neale,6,2
2025-01-31,GSW,PHO,105,130,A,Bol Bol,4,1
2025-01-31,GSW,PHO,105,130,A,Kyle Anderson,4,2
2025-01-31,GSW,PHO,105,130,A,Gui Santos,5,1
2025-01-31,GSW,PHO,105,130,A,Oso Ighodaro,2,1
2025-01-31,GSW,PHO,105,130,A,Kevon Looney,2,4
2025-01-31,GSW,PHO,105,130,A,Collin Gillespie,2,1
2025-01-31,GSW,PHO,105,130,A,Ryan Dunn,4,1
2025-01-31,GSW,PHO,105,130,A,Trayce Jackson-Davis,2,1
2025-01-31,GSW,PHO,105,130,A,Lindy Waters III,0,1
2025-01-31,GSW,PHO,105,130,A,Damion Lee,0,1
2025-01-31,GSW,PHO,105,130,A,Monte Morris,0,0
2025-01-31,GSW,PHO,105,130,A,Gary Payton II,3,3
2025-01-31,CHO,LAC,104,112,A,Norman Powell,27,3
2025-01-31,CHO,LAC,104,112,A,Vasilije Micić,20,2
2025-01-31,CHO,LAC,104,112,A,Miles Bridges,27,9
2025-01-31,CHO,LAC,104,112,A,Kawhi Leonard,21,9
2025-01-31,CHO,LAC,104,112,A,Ivica Zubac,14,11
2025-01-31,CHO,LAC,104,112,A,Moussa Diabaté,11,14
2025-01-31,CHO,LAC,104,112,A,Derrick Jones Jr.,12,8
2025-01-31,CHO,LAC,104,112,A,Josh Green,10,4
2025-01-31,CHO,LAC,104,112,A,James Harden,14,5
2025-01-31,CHO,LAC,104,112,A,Amir Coffey,10,1
2025-01-31,CHO,LAC,104,112,A,Josh Okogie,8,2
2025-01-31,CHO,LAC,104,112,A,KJ Simpson,9,1
2025-01-31,CHO,LAC,104,112,A,Terance Mann,5,3
2025-01-31,CHO,LAC,104,112,A,Taj Gibson,4,7
2025-01-31,CHO,LAC,104,112,A,Seth Curry,7,1
2025-01-31,CHO,LAC,104,112,A,Kevin Porter Jr.,7,4
2025-01-31,CHO,LAC,104,112,A,Kobe Brown,2,1
2025-01-31,CHO,LAC,104,112,A,Nick Smith Jr.,8,2
2025-01-31,CHO,LAC,104,112,A,DaQuan Jeffries,0,0
2025-01-31,CHO,LAC,104,112,A,Jordan Miller,0,0
2025-01-31,CHI,TOR,122,106,H,Nikola Vučević,21,12
2025-01-31,CHI,TOR,122,106,H,Coby White,25,4
2025-01-31,CHI,TOR,122,106,H,Scottie Barnes,20,10
2025-01-31,CHI,TOR,122,106,H,Josh Giddey,15,7
2025-01-31,CHI,TOR,122,106,H,Ja'Kobe Walter,14,4
2025-01-31,CHI,TOR,122,106,H,Jalen Smith,17,5
2025-01-31,CHI,TOR,122,106,H,Immanuel Quickley,14,4
2025-01-31,CHI,TOR,122,106,H,Jakob Poeltl,8,9
2025-01-31,CHI,TOR,122,106,H,Dalen Terry,10,1
2025-01-31,CHI,TOR,122,106,H,Matas Buzelis,12,7
2025-01-31,CHI,TOR,122,106,H,RJ Barrett,19,9
2025-01-31,CHI,TOR,122,106,H,Patrick Williams,11,9
2025-01-31,CHI,TOR,122,106,H,Gradey Dick,13,2
2025-01-31,CHI,TOR,122,106,H,Ayo Dosunmu,6,4
2025-01-31,CHI,TOR,122,106,H,Orlando Robinson,3,3
2025-01-31,CHI,TOR,122,106,H,Lonzo Ball,5,3
2025-01-31,CHI,TOR,122,106,H,Davion Mitchell,9,1
2025-01-31,CHI,TOR,122,106,H,Garrett Temple,2,0
2025-01-31,CHI,TOR,122,106,H,Ochai Agbaji,4,2
2025-01-31,CHI,TOR,122,106,H,Bruce Brown,0,0
2025-02-01,CHO,DEN,104,107,A,Nikola Jokić,28,13
2025-02-01,CHO,DEN,104,107,A,Christian Braun,24,11
2025-02-01,CHO,DEN,104,107,A,Mark Williams,20,15
2025-02-01,CHO,DEN,104,107,A,Miles Bridges,24,12
2025-02-01,CHO,DEN,104,107,A,Nick Smith Jr.,19,1
2025-02-01,CHO,DEN,104,107,A,Jamal Murray,20,1
2025-02-01,CHO,DEN,104,107,A,Michael Porter Jr.,15,10
2025-02-01,CHO,DEN,104,107,A,Seth Curry,10,3
2025-02-01,CHO,DEN,104,107,A,Moussa Diabaté,12,7
2025-02-01,CHO,DEN,104,107,A,KJ Simpson,8,6
2025-02-01,CHO,DEN,104,107,A,Zeke Nnaji,6,3
2025-02-01,CHO,DEN,104,107,A,Josh Green,6,1
2025-02-01,CHO,DEN,104,107,A,DaQuan Jeffries,5,0
2025-02-01,CHO,DEN,104,107,A,Jalen Pickett,3,1
2025-02-01,CHO,DEN,104,107,A,Aaron Gordon,6,3
2025-02-01,CHO,DEN,104,107,A,Julian Strawther,5,1
2025-02-01,CHO,DEN,104,107,A,Isaiah Wong,0,3
2025-02-01,CHO,DEN,104,107,A,Vasilije Micić,0,3
2025-02-01,MIA,SAS,105,103,H,Bam Adebayo,30,12
2025-02-01,MIA,SAS,105,103,H,Terry Rozier,19,7
2025-02-01,MIA,SAS,105,103,H,Chris Paul,12,4
2025-02-01,MIA,SAS,105,103,H,Nikola Jović,14,7
2025-02-01,MIA,SAS,105,103,H,Charles Bassey,9,15
2025-02-01,MIA,SAS,105,103,H,Keldon Johnson,19,5
2025-02-01,MIA,SAS,105,103,H,Harrison Barnes,12,2
2025-02-01,MIA,SAS,105,103,H,Kel'el Ware,6,12
2025-02-01,MIA,SAS,105,103,H,Stephon Castle,10,6
2025-02-01,MIA,SAS,105,103,H,Jaime Jaquez Jr.,10,6
2025-02-01,MIA,SAS,105,103,H,Sandro Mamukelashvili,10,2
2025-02-01,MIA,SAS,105,103,H,Julian Champagnie,6,2
2025-02-01,MIA,SAS,105,103,H,Tyler Herro,11,4
2025-02-01,MIA,SAS,105,103,H,Devin Vassell,18,3
2025-02-01,MIA,SAS,105,103,H,Tre Jones,3,2
2025-02-01,MIA,SAS,105,103,H,Duncan Robinson,8,1
2025-02-01,MIA,SAS,105,103,H,Jeremy Sochan,2,5
2025-02-01,MIA,SAS,105,103,H,Zach Collins,2,2
2025-02-01,MIA,SAS,105,103,H,Haywood Highsmith,7,3
2025-02-01,MIA,SAS,105,103,H,Pelle Larsson,0,0
2025-02-01,OKC,SAC,144,110,H,Aaron Wiggins,41,14
2025-02-01,OKC,SAC,144,110,H,Shai Gilgeous-Alexander,29,6
2025-02-01,OKC,SAC,144,110,H,Kenrich Williams,18,11
2025-02-01,OKC,SAC,144,110,H,Luguentz Dort,20,7
2025-02-01,OKC,SAC,144,110,H,Isaiah Hartenstein,16,15
2025-02-01,OKC,SAC,144,110,H,De'Aaron Fox,20,4
2025-02-01,OKC,SAC,144,110,H,Domantas Sabonis,16,7
2025-02-01,OKC,SAC,144,110,H,Malik Monk,19,4
2025-02-01,OKC,SAC,144,110,H,Jaylin Williams,6,13
2025-02-01,OKC,SAC,144,110,H,Keegan Murray,14,5
2025-02-01,OKC,SAC,144,110,H,DeMar DeRozan,17,1
2025-02-01,OKC,SAC,144,110,H,Isaac Jones,7,3
2025-02-01,OKC,SAC,144,110,H,Alex Ducas,6,0
2025-02-01,OKC,SAC,144,110,H,Mason Jones,5,3
2025-02-01,OKC,SAC,144,110,H,Kevin Huerter,3,2
2025-02-01,OKC,SAC,144,110,H,Devin Carter,5,2
2025-02-01,OKC,SAC,144,110,H,Isaiah Joe,6,1
2025-02-01,OKC,SAC,144,110,H,Cason Wallace,2,0
2025-02-01,OKC,SAC,144,110,H,Jordan McLaughlin,1,0
2025-02-01,OKC,SAC,144,110,H,Keon Ellis,3,3
2025-02-01,OKC,SAC,144,110,H,Adam Flagler,0,0
2025-02-01,OKC,SAC,144,110,H,Doug McDermott,0,0
2025-02-01,OKC,SAC,144,110,H,Trey Lyles,0,3
2025-02-01,OKC,SAC,144,110,H,Ousmane Dieng,0,3
2025-02-01,LAL,NYK,128,112,H,Josh Hart,26,13
2025-02-01,LAL,NYK,128,112,H,Austin Reaves,27,5
2025-02-01,LAL,NYK,128,112,H,LeBron James,33,11
2025-02-01,LAL,NYK,128,112,H,Rui Hachimura,21,3
2025-02-01,LAL,NYK,128,112,H,Precious Achiuwa,15,15
2025-02-01,LAL,NYK,128,112,H,Dorian Finney-Smith,15,2
2025-02-01,LAL,NYK,128,112,H,Mikal Bridges,16,2
2025-02-01,LAL,NYK,128,112,H,OG Anunoby,13,1
2025-02-01,LAL,NYK,128,112,H,Max Christie,15,3
2025-02-01,LAL,NYK,128,112,H,Miles McBride,12,3
2025-02-01,LAL,NYK,128,112,H,Gabe Vincent,9,1
2025-02-01,LAL,NYK,128,112,H,Jaxson Hayes,4,2
2025-02-01,LAL,NYK,128,112,H,Jalen Brunson,17,2
2025-02-01,LAL,NYK,128,112,H,Karl-Anthony Towns,11,6
2025-02-01,LAL,NYK,128,112,H,Ariel Hukporti,2,0
2025-02-01,LAL,NYK,128,112,H,Cameron Payne,0,1
2025-02-01,LAL,NYK,128,112,H,Jarred Vanderbilt,0,8
2025-02-01,LAL,NYK,128,112,H,Bronny James,2,0
2025-02-01,LAL,NYK,128,112,H,Trey Jemison,0,2
2025-02-01,LAL,NYK,128,112,H,Christian Koloko,0,0
2025-02-01,LAL,NYK,128,112,H,Jericho Sims,0,0
2025-02-01,LAL,NYK,128,112,H,Tyler Kolek,0,0
2025-02-01,LAL,NYK,128,112,H,Jacob Toppin,0,1
2025-02-01,LAL,NYK,128,112,H,Matt Ryan,0,0
2025-02-01,LAL,NYK,128,112,H,Landry Shamet,0,0
2025-02-01,LAL,NYK,128,112,H,Dalton Knecht,2,0
2025-02-01,ATL,IND,127,132,A,Trae Young,34,3
2025-02-01,ATL,IND,127,132,A,Tyrese Haliburton,17,4
2025-02-01,ATL,IND,127,132,A,Pascal Siakam,20,9
2025-02-01,ATL,IND,127,132,A,Dyson Daniels,23,4
2025-02-01,ATL,IND,127,132,A,Zaccharie Risacher,17,5
2025-02-01,ATL,IND,127,132,A,Andrew Nembhard,19,1
2025-02-01,ATL,IND,127,132,A,Obi Toppin,18,9
2025-02-01,ATL,IND,127,132,A,Onyeka Okongwu,12,11
2025-02-01,ATL,IND,127,132,A,Bennedict Mathurin,17,2
2025-02-01,ATL,IND,127,132,A,Myles Turner,15,6
2025-02-01,ATL,IND,127,132,A,Aaron Nesmith,13,2
2025-02-01,ATL,IND,127,132,A,Garrison Mathews,14,3
2025-02-01,ATL,IND,127,132,A,Ben Sheppard,6,5
2025-02-01,ATL,IND,127,132,A,Dominick Barlow,10,3
2025-02-01,ATL,IND,127,132,A,Thomas Bryant,5,2
2025-02-01,ATL,IND,127,132,A,De'Andre Hunter,4,8
2025-02-01,ATL,IND,127,132,A,Keaton Wallace,4,2
2025-02-01,ATL,IND,127,132,A,T.J. McConnell,2,1
2025-02-01,ATL,IND,127,132,A,Larry Nance Jr.,4,5
2025-02-01,ATL,IND,127,132,A,Vit Krejci,5,0
2025-02-01,ORL,UTA,99,113,A,Franz Wagner,37,6
2025-02-01,ORL,UTA,99,113,A,Cole Anthony,23,7
2025-02-01,ORL,UTA,99,113,A,Collin Sexton,22,5
2025-02-01,ORL,UTA,99,113,A,John Collins,19,6
2025-02-01,ORL,UTA,99,113,A,Jordan Clarkson,16,1
2025-02-01,ORL,UTA,99,113,A,Walker Kessler,8,15
2025-02-01,ORL,UTA,99,113,A,Keyonte George,12,4
2025-02-01,ORL,UTA,99,113,A,Isaiah Collier,12,4
2025-02-01,ORL,UTA,99,113,A,Goga Bitadze,3,8
2025-02-01,ORL,UTA,99,113,A,Lauri Markkanen,12,11
2025-02-01,ORL,UTA,99,113,A,Tristan Da Silva,9,4
2025-02-01,ORL,UTA,99,113,A,Brice Sensabaugh,9,3
2025-02-01,ORL,UTA,99,113,A,Jonathan Isaac,3,3
2025-02-01,ORL,UTA,99,113,A,Wendell Carter Jr.,6,5
2025-02-01,ORL,UTA,99,113,A,Anthony Black,4,4
2025-02-01,ORL,UTA,99,113,A,Micah Potter,3,1
2025-02-01,ORL,UTA,99,113,A,Paolo Banchero,9,6
2025-02-01,ORL,UTA,99,113,A,Kyle Filipowski,0,1
2025-02-01,ORL,UTA,99,113,A,Gary Harris,0,0
2025-02-01,ORL,UTA,99,113,A,Jett Howard,5,0
2025-02-01,PHO,POR,108,127,A,Devin Booker,37,4
2025-02-01,PHO,POR,108,127,A,Deandre Ayton,24,7
2025-02-01,PHO,POR,108,127,A,Toumani Camara,18,10
2025-02-01,PHO,POR,108,127,A,Jerami Grant,20,1
2025-02-01,PHO,POR,108,127,A,Scoot Henderson,13,3
2025-02-01,PHO,POR,108,127,A,Anfernee Simons,16,4
2025-02-01,PHO,POR,108,127,A,Kevin Durant,22,1
2025-02-01,PHO,POR,108,127,A,Deni Avdija,10,5
2025-02-01,PHO,POR,108,127,A,Bradley Beal,13,0
2025-02-01,PHO,POR,108,127,A,Shaedon Sharpe,16,1
2025-02-01,PHO,POR,108,127,A,Damion Lee,7,0
2025-02-01,PHO,POR,108,127,A,Tyus Jones,9,0
2025-02-01,PHO,POR,108,127,A,Grayson Allen,3,4
2025-02-01,PHO,POR,108,127,A,Royce O'Neale,5,3
2025-02-01,PHO,POR,108,127,A,Kris Murray,2,4
2025-02-01,PHO,POR,108,127,A,Ryan Dunn,2,5
2025-02-01,PHO,POR,108,127,A,Bryce McGowens,4,0
2025-02-01,PHO,POR,108,127,A,Monte Morris,3,0
2025-02-01,PHO,POR,108,127,A,Donovan Clingan,2,4
2025-02-01,PHO,POR,108,127,A,Mason Plumlee,2,7
2025-02-01,PHO,POR,108,127,A,Duop Reath,2,1
2025-02-01,PHO,POR,108,127,A,Collin Gillespie,0,2
2025-02-01,PHO,POR,108,127,A,Bol Bol,2,1
2025-02-01,PHO,POR,108,127,A,Oso Ighodaro,2,0
2025-02-01,PHO,POR,108,127,A,Jabari Walker,0,3
2025-02-01,PHO,POR,108,127,A,Rayan Rupert,0,0
2025-02-01,PHO,POR,108,127,A,Nick Richards,1,10
2025-02-01,MIN,WAS,103,105,A,Jaden McDaniels,23,12
2025-02-01,MIN,WAS,103,105,A,Kyle Kuzma,31,8
2025-02-01,MIN,WAS,103,105,A,Rudy Gobert,16,16
2025-02-01,MIN,WAS,103,105,A,Bilal Coulibaly,14,4
2025-02-01,MIN,WAS,103,105,A,Jordan Poole,19,4
2025-02-01,MIN,WAS,103,105,A,Mike Conley,16,3
2025-02-01,MIN,WAS,103,105,A,Richaun Holmes,6,3
2025-02-01,MIN,WAS,103,105,A,Nickeil Alexander-Walker,14,3
2025-02-01,MIN,WAS,103,105,A,Jonas Valančiūnas,13,10
2025-02-01,MIN,WAS,103,105,A,Kyshawn George,11,6
2025-02-01,MIN,WAS,103,105,A,Jaylen Clark,9,4
2025-02-01,MIN,WAS,103,105,A,Joe Ingles,10,1
2025-02-01,MIN,WAS,103,105,A,Rob Dillingham,7,3
2025-02-01,MIN,WAS,103,105,A,Corey Kispert,8,4
2025-02-01,MIN,WAS,103,105,A,Malcolm Brogdon,3,5
2025-02-01,MIN,WAS,103,105,A,Naz Reid,8,3
2025-02-01,MIN,WAS,103,105,A,Carlton Carrington,0,0
2025-02-01,MIN,WAS,103,105,A,Justin Champagnie,0,0
2025-02-01,MIN,WAS,103,105,A,Anthony Gill,0,0
2025-02-01,MIN,WAS,103,105,A,Luka Garza,0,2
2025-02-01,BRK,HOU,110,98,H,Ziaire Williams,21,8
2025-02-01,BRK,HOU,110,98,H,Jalen Green,29,3
2025-02-01,BRK,HOU,110,98,H,Steven Adams,11,7
2025-02-01,BRK,HOU,110,98,H,Nic Claxton,17,5
2025-02-01,BRK,HOU,110,98,H,D'Angelo Russell,18,1
2025-02-01,BRK,HOU,110,98,H,Dillon Brooks,16,9
2025-02-01,BRK,HOU,110,98,H,Jalen Wilson,13,7
2025-02-01,BRK,HOU,110,98,H,Keon Johnson,13,9
2025-02-01,BRK,HOU,110,98,H,Day'Ron Sharpe,13,4
2025-02-01,BRK,HOU,110,98,H,Tari Eason,12,9
2025-02-01,BRK,HOU,110,98,H,Tosan Evbuomwan,7,2
2025-02-01,BRK,HOU,110,98,H,Amen Thompson,8,10
2025-02-01,BRK,HOU,110,98,H,Reed Sheppard,6,2
2025-02-01,BRK,HOU,110,98,H,Ben Simmons,2,5
2025-02-01,BRK,HOU,110,98,H,Jock Landale,2,2
2025-02-01,BRK,HOU,110,98,H,Trendon Watford,6,5
2025-02-01,BRK,HOU,110,98,H,Fred VanVleet,3,0
2025-02-01,BRK,HOU,110,98,H,Jae'Sean Tate,2,0
2025-02-01,BRK,HOU,110,98,H,Jeff Green,2,0
2025-02-01,BRK,HOU,110,98,H,Aaron Holiday,3,0
2025-02-01,BRK,HOU,110,98,H,Cam Whitmore,4,2
2025-02-02,BOS,PHI,118,110,H,Jayson Tatum,35,7
2025-02-02,BOS,PHI,118,110,H,Tyrese Maxey,34,3
2025-02-02,BOS,PHI,118,110,H,Jaylen Brown,21,10
2025-02-02,BOS,PHI,118,110,H,Derrick White,17,1
2025-02-02,BOS,PHI,118,110,H,Kristaps Porziņģis,18,7
2025-02-02,BOS,PHI,118,110,H,Guerschon Yabusele,21,6
2025-02-02,BOS,PHI,118,110,H,Justin Edwards,12,7
2025-02-02,BOS,PHI,118,110,H,Kelly Oubre Jr.,18,13
2025-02-02,BOS,PHI,118,110,H,Ricky Council IV,11,7
2025-02-02,BOS,PHI,118,110,H,Jrue Holiday,9,5
2025-02-02,BOS,PHI,118,110,H,Sam Hauser,12,4
2025-02-02,BOS,PHI,118,110,H,Kyle Lowry,6,3
2025-02-02,BOS,PHI,118,110,H,Al Horford,4,2
2025-02-02,BOS,PHI,118,110,H,Adem Bona,2,5
2025-02-02,BOS,PHI,118,110,H,Reggie Jackson,6,2
2025-02-02,BOS,PHI,118,110,H,Luke Kornet,2,2
2025-02-02,BOS,PHI,118,110,H,Jaden Springer,0,0
2025-02-02,MEM,MIL,132,119,H,Giannis Antetokounmpo,30,11
2025-02-02,MEM,MIL,132,119,H,Santi Aldama,23,8
2025-02-02,MEM,MIL,132,119,H,Jaren Jackson Jr.,37,5
2025-02-02,MEM,MIL,132,119,H,Desmond Bane,22,9
2025-02-02,MEM,MIL,132,119,H,Zach Edey,14,11
2025-02-02,MEM,MIL,132,119,H,Khris Middleton,20,2
2025-02-02,MEM,MIL,132,119,H,Scotty Pippen Jr.,9,5
2025-02-02,MEM,MIL,132,119,H,Taurean Prince,13,7
2025-02-02,MEM,MIL,132,119,H,A.J. Green,14,3
2025-02-02,MEM,MIL,132,119,H,Luke Kennard,8,3
2025-02-02,MEM,MIL,132,119,H,Damian Lillard,15,3
2025-02-02,MEM,MIL,132,119,H,Brook Lopez,15,2
2025-02-02,MEM,MIL,132,119,H,Jaylen Wells,6,2
2025-02-02,MEM,MIL,132,119,H,GG Jackson II,5,8
2025-02-02,MEM,MIL,132,119,H,Jake LaRavia,2,6
2025-02-02,MEM,MIL,132,119,H,Andre Jackson Jr.,5,4
2025-02-02,MEM,MIL,132,119,H,Brandon Clarke,6,4
2025-02-02,MEM,MIL,132,119,H,Pat Connaughton,3,0
2025-02-02,MEM,MIL,132,119,H,Ryan Rollins,4,0
2025-02-02,MEM,MIL,132,119,H,Gary Trent Jr.,0,4
2025-02-02,CHI,DET,119,127,A,Nikola Vučević,20,11
2025-02-02,CHI,DET,119,127,A,Jalen Duren,21,13
2025-02-02,CHI,DET,119,127,A,Cade Cunningham,22,3
2025-02-02,CHI,DET,119,127,A,Josh Giddey,20,10
2025-02-02,CHI,DET,119,127,A,Malik Beasley,19,2
2025-02-02,CHI,DET,119,127,A,Tobias Harris,16,6
2025-02-02,CHI,DET,119,127,A,Ausar Thompson,12,7
2025-02-02,CHI,DET,119,127,A,Lonzo Ball,13,4
2025-02-02,CHI,DET,119,127,A,Ayo Dosunmu,14,3
2025-02-02,CHI,DET,119,127,A,Coby White,22,3
2025-02-02,CHI,DET,119,127,A,Ron Holland,8,0
2025-02-02,CHI,DET,119,127,A,Matas Buzelis,12,3
2025-02-02,CHI,DET,119,127,A,Simone Fontecchio,11,4
2025-02-02,CHI,DET,119,127,A,Tim Hardaway Jr.,12,1
2025-02-02,CHI,DET,119,127,A,Patrick Williams,11,3
2025-02-02,CHI,DET,119,127,A,Isaiah Stewart,4,4
2025-02-02,CHI,DET,119,127,A,Jevon Carter,5,4
2025-02-02,CHI,DET,119,127,A,Dalen Terry,2,1
2025-02-02,CHI,DET,119,127,A,Marcus Sasser,2,2
2025-02-02,CHI,DET,119,127,A,Julian Phillips,0,2
2025-02-02,CHI,DET,119,127,A,Chris Duarte,0,0
2025-02-02,CLE,DAL,144,101,H,Evan Mobley,22,11
2025-02-02,CLE,DAL,144,101,H,Darius Garland,17,3
2025-02-02,CLE,DAL,144,101,H,Sam Merrill,27,1
2025-02-02,CLE,DAL,144,101,H,Jarrett Allen,14,9
2025-02-02,CLE,DAL,144,101,H,Kylor Kelley,12,11
2025-02-02,CLE,DAL,144,101,H,Max Strus,9,3
2025-02-02,CLE,DAL,144,101,H,Ty Jerome,12,3
2025-02-02,CLE,DAL,144,101,H,Donovan Mitchell,12,6
2025-02-02,CLE,DAL,144,101,H,Caris LeVert,10,0
2025-02-02,CLE,DAL,144,101,H,Jaden Hardy,21,3
2025-02-02,CLE,DAL,144,101,H,Dante Exum,14,2
2025-02-02,CLE,DAL,144,101,H,Georges Niang,13,2
2025-02-02,CLE,DAL,144,101,H,Naji Marshall,12,6
2025-02-02,CLE,DAL,144,101,H,Kessler Edwards,8,7
2025-02-02,CLE,DAL,144,101,H,Jaylon Tyson,8,4
2025-02-02,CLE,DAL,144,101,H,Olivier-Maxence Prosper,10,6
2025-02-02,CLE,DAL,144,101,H,Quentin Grimes,11,3
2025-02-02,CLE,DAL,144,101,H,Brandon Williams,6,1
2025-02-02,CLE,DAL,144,101,H,Spencer Dinwiddie,5,1
2025-02-02,CLE,DAL,144,101,H,Tristan Thompson,0,9
2025-02-02,CLE,DAL,144,101,H,Klay Thompson,2,5
2025-02-02,LAC,TOR,108,115,A,James Harden,25,5
2025-02-02,LAC,TOR,108,115,A,Ivica Zubac,18,8
2025-02-02,LAC,TOR,108,115,A,Ochai Agbaji,12,5
2025-02-02,LAC,TOR,108,115,A,Kevin Porter Jr.,17,7
2025-02-02,LAC,TOR,108,115,A,Gradey Dick,18,3
2025-02-02,LAC,TOR,108,115,A,RJ Barrett,20,6
2025-02-02,LAC,TOR,108,115,A,Scottie Barnes,15,7
2025-02-02,LAC,TOR,108,115,A,Immanuel Quickley,11,0
2025-02-02,LAC,TOR,108,115,A,Nicolas Batum,11,4
2025-02-02,LAC,TOR,108,115,A,Jakob Poeltl,10,10
2025-02-02,LAC,TOR,108,115,A,Chris Boucher,9,4
2025-02-02,LAC,TOR,108,115,A,Bruce Brown,6,3
2025-02-02,LAC,TOR,108,115,A,Terance Mann,7,6
2025-02-02,LAC,TOR,108,115,A,Ja'Kobe Walter,10,4
2025-02-02,LAC,TOR,108,115,A,Derrick Jones Jr.,8,3
2025-02-02,LAC,TOR,108,115,A,Amir Coffey,8,2
2025-02-02,LAC,TOR,108,115,A,Kawhi Leonard,14,6
2025-02-02,LAC,TOR,108,115,A,Kelly Olynyk,4,1
2025-02-02,LAC,TOR,108,115,A,Kobe Brown,0,0
2025-02-03,DEN,NOP,125,113,H,Trey Murphy III,41,3
2025-02-03,DEN,NOP,125,113,H,Nikola Jokić,27,14
2025-02-03,DEN,NOP,125,113,H,Michael Porter Jr.,36,7
2025-02-03,DEN,NOP,125,113,H,CJ McCollum,30,6
2025-02-03,DEN,NOP,125,113,H,Jamal Murray,20,5
2025-02-03,DEN,NOP,125,113,H,Julian Strawther,15,3
2025-02-03,DEN,NOP,125,113,H,Zion Williamson,14,6
2025-02-03,DEN,NOP,125,113,H,Christian Braun,11,6
2025-02-03,DEN,NOP,125,113,H,Karlo Matković,5,11
2025-02-03,DEN,NOP,125,113,H,Yves Missi,8,6
2025-02-03,DEN,NOP,125,113,H,Zeke Nnaji,12,5
2025-02-03,DEN,NOP,125,113,H,Jose Alvarado,8,2
2025-02-03,DEN,NOP,125,113,H,DeAndre Jordan,4,3
2025-02-03,DEN,NOP,125,113,H,Javonte Green,4,4
2025-02-03,DEN,NOP,125,113,H,Antonio Reeves,3,0
2025-02-03,DEN,NOP,125,113,H,Hunter Tyson,0,2
2025-02-03,DEN,NOP,125,113,H,Jalen Pickett,0,1
2025-02-03,DEN,NOP,125,113,H,Spencer Jones,0,0
2025-02-03,DEN,NOP,125,113,H,Jeremiah Robinson-Earl,0,1
2025-02-03,DEN,NOP,125,113,H,Jordan Hawkins,0,2
2025-02-03,HOU,NYK,118,124,A,Jalen Brunson,42,6
2025-02-03,HOU,NYK,118,124,A,Amen Thompson,25,11
2025-02-03,HOU,NYK,118,124,A,Mikal Bridges,22,3
2025-02-03,HOU,NYK,118,124,A,Josh Hart,19,8
2025-02-03,HOU,NYK,118,124,A,Cam Whitmore,18,5
2025-02-03,HOU,NYK,118,124,A,Karl-Anthony Towns,22,9
2025-02-03,HOU,NYK,118,124,A,Tari Eason,12,6
2025-02-03,HOU,NYK,118,124,A,Precious Achiuwa,7,9
2025-02-03,HOU,NYK,118,124,A,Steven Adams,8,13
2025-02-03,HOU,NYK,118,124,A,Jae'Sean Tate,8,1
2025-02-03,HOU,NYK,118,124,A,Jalen Green,21,5
2025-02-03,HOU,NYK,118,124,A,Aaron Holiday,15,2
2025-02-03,HOU,NYK,118,124,A,Dillon Brooks,11,6
2025-02-03,HOU,NYK,118,124,A,Cameron Payne,5,1
2025-02-03,HOU,NYK,118,124,A,Miles McBride,7,1
2025-02-03,HOU,NYK,118,124,A,Ariel Hukporti,0,2
2025-02-03,HOU,NYK,118,124,A,Landry Shamet,0,1
2025-02-03,HOU,NYK,118,124,A,Jericho Sims,0,0
2025-02-03,HOU,NYK,118,124,A,Reed Sheppard,0,1
2025-02-03,MIL,OKC,96,125,A,Shai Gilgeous-Alexander,34,3
2025-02-03,MIL,OKC,96,125,A,Ousmane Dieng,21,8
2025-02-03,MIL,OKC,96,125,A,Isaiah Joe,18,3
2025-02-03,MIL,OKC,96,125,A,Aaron Wiggins,13,1
2025-02-03,MIL,OKC,96,125,A,Ryan Rollins,16,0
2025-02-03,MIL,OKC,96,125,A,Jaylin Williams,13,7
2025-02-03,MIL,OKC,96,125,A,Andre Jackson Jr.,10,4
2025-02-03,MIL,OKC,96,125,A,Luguentz Dort,12,2
2025-02-03,MIL,OKC,96,125,A,AJ Johnson,13,4
2025-02-03,MIL,OKC,96,125,A,Isaiah Hartenstein,6,12
2025-02-03,MIL,OKC,96,125,A,Pat Connaughton,8,3
2025-02-03,MIL,OKC,96,125,A,MarJon Beauchamp,6,6
2025-02-03,MIL,OKC,96,125,A,Tyler Smith,12,7
2025-02-03,MIL,OKC,96,125,A,Chris Livingston,10,6
2025-02-03,MIL,OKC,96,125,A,Taurean Prince,8,2
2025-02-03,MIL,OKC,96,125,A,Gary Trent Jr.,10,1
2025-02-03,MIL,OKC,96,125,A,Delon Wright,1,3
2025-02-03,MIL,OKC,96,125,A,Kenrich Williams,4,3
2025-02-03,MIL,OKC,96,125,A,Dillon Jones,0,9
2025-02-03,MIL,OKC,96,125,A,Alex Ducas,2,7
2025-02-03,MIL,OKC,96,125,A,A.J. Green,2,1
2025-02-03,MIL,OKC,96,125,A,Adam Flagler,2,0
2025-02-03,MIN,SAC,114,116,A,DeMar DeRozan,33,5
2025-02-03,MIN,SAC,114,116,A,Naz Reid,30,5
2025-02-03,MIN,SAC,114,116,A,Rudy Gobert,19,13
2025-02-03,MIN,SAC,114,116,A,Keegan Murray,19,7
2025-02-03,MIN,SAC,114,116,A,Malik Monk,26,8
2025-02-03,MIN,SAC,114,116,A,Jaden McDaniels,22,7
2025-02-03,MIN,SAC,114,116,A,Keon Ellis,13,3
2025-02-03,MIN,SAC,114,116,A,Anthony Edwards,21,6
2025-02-03,MIN,SAC,114,116,A,Trey Lyles,5,8
2025-02-03,MIN,SAC,114,116,A,Domantas Sabonis,14,11
2025-02-03,MIN,SAC,114,116,A,Mike Conley,5,3
2025-02-03,MIN,SAC,114,116,A,Jaylen Clark,7,0
2025-02-03,MIN,SAC,114,116,A,Isaac Jones,4,0
2025-02-03,MIN,SAC,114,116,A,Rob Dillingham,4,0
2025-02-03,MIN,SAC,114,116,A,Luka Garza,4,1
2025-02-03,MIN,SAC,114,116,A,Devin Carter,2,5
2025-02-03,MIN,SAC,114,116,A,Joe Ingles,0,0
2025-02-03,MIN,SAC,114,116,A,Nickeil Alexander-Walker,2,1
2025-02-03,MIN,SAC,114,116,A,Doug McDermott,0,0
2025-02-03,PHO,POR,119,121,A,Devin Booker,34,3
2025-02-03,PHO,POR,119,121,A,Deandre Ayton,25,20
2025-02-03,PHO,POR,119,121,A,Bradley Beal,25,5
2025-02-03,PHO,POR,119,121,A,Deni Avdija,24,8
2025-02-03,PHO,POR,119,121,A,Kevin Durant,27,5
2025-02-03,PHO,POR,119,121,A,Royce O'Neale,14,4
2025-02-03,PHO,POR,119,121,A,Toumani Camara,17,5
2025-02-03,PHO,POR,119,121,A,Scoot Henderson,15,2
2025-02-03,PHO,POR,119,121,A,Grayson Allen,11,3
2025-02-03,PHO,POR,119,121,A,Jerami Grant,14,5
2025-02-03,PHO,POR,119,121,A,Mason Plumlee,6,12
2025-02-03,PHO,POR,119,121,A,Anfernee Simons,13,2
2025-02-03,PHO,POR,119,121,A,Shaedon Sharpe,9,1
2025-02-03,PHO,POR,119,121,A,Nick Richards,2,7
2025-02-03,PHO,POR,119,121,A,Donovan Clingan,4,5
2025-02-03,PHO,POR,119,121,A,Tyus Jones,0,0
2025-02-03,PHO,POR,119,121,A,Ryan Dunn,0,4
2025-02-03,ATL,DET,132,130,H,Cade Cunningham,30,6
2025-02-03,ATL,DET,132,130,H,Trae Young,34,0
2025-02-03,ATL,DET,132,130,H,Dyson Daniels,19,6
2025-02-03,ATL,DET,132,130,H,Tobias Harris,22,4
2025-02-03,ATL,DET,132,130,H,Jalen Duren,18,9
2025-02-03,ATL,DET,132,130,H,Malik Beasley,18,5
2025-02-03,ATL,DET,132,130,H,Zaccharie Risacher,17,3
2025-02-03,ATL,DET,132,130,H,Larry Nance Jr.,12,10
2025-02-03,ATL,DET,132,130,H,Ausar Thompson,13,4
2025-02-03,ATL,DET,132,130,H,Onyeka Okongwu,12,8
2025-02-03,ATL,DET,132,130,H,De'Andre Hunter,20,0
2025-02-03,ATL,DET,132,130,H,Vit Krejci,13,4
2025-02-03,ATL,DET,132,130,H,Isaiah Stewart,10,5
2025-02-03,ATL,DET,132,130,H,Tim Hardaway Jr.,7,2
2025-02-03,ATL,DET,132,130,H,Ron Holland,6,3
2025-02-03,ATL,DET,132,130,H,Marcus Sasser,2,3
2025-02-03,ATL,DET,132,130,H,Simone Fontecchio,4,0
2025-02-03,ATL,DET,132,130,H,Keaton Wallace,2,0
2025-02-03,ATL,DET,132,130,H,Dominick Barlow,0,2
2025-02-03,ATL,DET,132,130,H,Garrison Mathews,3,4
2025-02-03,CHO,WAS,114,124,A,Mark Williams,23,14
2025-02-03,CHO,WAS,114,124,A,Bilal Coulibaly,26,5
2025-02-03,CHO,WAS,114,124,A,Miles Bridges,24,10
2025-02-03,CHO,WAS,114,124,A,Corey Kispert,25,4
2025-02-03,CHO,WAS,114,124,A,Nick Smith Jr.,24,4
2025-02-03,CHO,WAS,114,124,A,Jonas Valančiūnas,14,17
2025-02-03,CHO,WAS,114,124,A,Malcolm Brogdon,16,4
2025-02-03,CHO,WAS,114,124,A,Kyle Kuzma,22,4
2025-02-03,CHO,WAS,114,124,A,Vasilije Micić,13,3
2025-02-03,CHO,WAS,114,124,A,Josh Green,11,3
2025-02-03,CHO,WAS,114,124,A,Justin Champagnie,5,2
2025-02-03,CHO,WAS,114,124,A,Moussa Diabaté,5,7
2025-02-03,CHO,WAS,114,124,A,Kyshawn George,6,4
2025-02-03,CHO,WAS,114,124,A,KJ Simpson,9,4
2025-02-03,CHO,WAS,114,124,A,Jordan Poole,6,3
2025-02-03,CHO,WAS,114,124,A,Richaun Holmes,0,10
2025-02-03,CHO,WAS,114,124,A,Carlton Carrington,4,1
2025-02-03,CHO,WAS,114,124,A,Isaiah Wong,3,0
2025-02-03,CHO,WAS,114,124,A,DaQuan Jeffries,2,1
2025-02-03,CHO,WAS,114,124,A,Seth Curry,0,0
2025-02-03,MEM,SAS,128,109,H,Ja Morant,25,3
2025-02-03,MEM,SAS,128,109,H,Jaren Jackson Jr.,31,6
2025-02-03,MEM,SAS,128,109,H,Victor Wembanyama,27,10
2025-02-03,MEM,SAS,128,109,H,Zach Edey,16,14
2025-02-03,MEM,SAS,128,109,H,GG Jackson II,27,4
2025-02-03,MEM,SAS,128,109,H,Stephon Castle,21,6
2025-02-03,MEM,SAS,128,109,H,Jeremy Sochan,14,8
2025-02-03,MEM,SAS,128,109,H,Jake LaRavia,6,7
2025-02-03,MEM,SAS,128,109,H,Scotty Pippen Jr.,11,1
2025-02-03,MEM,SAS,128,109,H,Sandro Mamukelashvili,9,0
2025-02-03,MEM,SAS,128,109,H,Chris Paul,3,4
2025-02-03,MEM,SAS,128,109,H,John Konchar,2,3
2025-02-03,MEM,SAS,128,109,H,Blake Wesley,4,0
2025-02-03,MEM,SAS,128,109,H,Keldon Johnson,7,2
2025-02-03,MEM,SAS,128,109,H,Devin Vassell,11,3
2025-02-03,MEM,SAS,128,109,H,Charles Bassey,4,2
2025-02-03,MEM,SAS,128,109,H,Julian Champagnie,5,5
2025-02-03,MEM,SAS,128,109,H,Santi Aldama,6,6
2025-02-03,MEM,SAS,128,109,H,Harrison Barnes,4,5
2025-02-03,MEM,SAS,128,109,H,Yuki Kawamura,0,1
2025-02-03,MEM,SAS,128,109,H,Luke Kennard,2,1
2025-02-03,MEM,SAS,128,109,H,Malaki Branham,0,0
2025-02-03,MEM,SAS,128,109,H,Jay Huff,0,0
2025-02-03,MEM,SAS,128,109,H,Zyon Pullin,0,0
2025-02-03,MEM,SAS,128,109,H,Harrison Ingram,0,1
2025-02-03,MEM,SAS,128,109,H,Jaylen Wells,2,1
2025-02-03,MEM,SAS,128,109,H,David Duke Jr.,0,2
2025-02-03,IND,UTA,112,111,H,Pascal Siakam,22,6
2025-02-03,IND,UTA,112,111,H,Jordan Clarkson,21,4
2025-02-03,IND,UTA,112,111,H,Tyrese Haliburton,18,3
2025-02-03,IND,UTA,112,111,H,Aaron Nesmith,13,7
2025-02-03,IND,UTA,112,111,H,Andrew Nembhard,10,3
2025-02-03,IND,UTA,112,111,H,John Collins,21,12
2025-02-03,IND,UTA,112,111,H,Lauri Markkanen,16,7
2025-02-03,IND,UTA,112,111,H,Keyonte George,16,8
2025-02-03,IND,UTA,112,111,H,Walker Kessler,9,13
2025-02-03,IND,UTA,112,111,H,Isaiah Collier,11,1
2025-02-03,IND,UTA,112,111,H,Obi Toppin,13,3
2025-02-03,IND,UTA,112,111,H,Jarace Walker,9,3
2025-02-03,IND,UTA,112,111,H,Kyle Filipowski,10,7
2025-02-03,IND,UTA,112,111,H,Ben Sheppard,5,3
2025-02-03,IND,UTA,112,111,H,Thomas Bryant,9,6
2025-02-03,IND,UTA,112,111,H,T.J. McConnell,4,2
2025-02-03,IND,UTA,112,111,H,Brice Sensabaugh,2,4
2025-02-03,IND,UTA,112,111,H,Bennedict Mathurin,9,1
2025-02-03,IND,UTA,112,111,H,Micah Potter,3,3
2025-02-03,IND,UTA,112,111,H,Collin Sexton,2,1
2025-02-03,GSW,ORL,104,99,H,Cole Anthony,26,5
2025-02-03,GSW,ORL,104,99,H,Andrew Wiggins,25,2
2025-02-03,GSW,ORL,104,99,H,Stephen Curry,24,1
2025-02-03,GSW,ORL,104,99,H,Franz Wagner,21,3
2025-02-03,GSW,ORL,104,99,H,Moses Moody,17,1
2025-02-03,GSW,ORL,104,99,H,Wendell Carter Jr.,6,9
2025-02-03,GSW,ORL,104,99,H,Quinten Post,7,7
2025-02-03,GSW,ORL,104,99,H,Brandin Podziemski,8,5
2025-02-03,GSW,ORL,104,99,H,Kevon Looney,2,15
2025-02-03,GSW,ORL,104,99,H,Kentavious Caldwell-Pope,9,6
2025-02-03,GSW,ORL,104,99,H,Dennis Schröder,9,2
2025-02-03,GSW,ORL,104,99,H,Paolo Banchero,18,6
2025-02-03,GSW,ORL,104,99,H,Goga Bitadze,6,14
2025-02-03,GSW,ORL,104,99,H,Draymond Green,4,7
2025-02-03,GSW,ORL,104,99,H,Gary Payton II,4,2
2025-02-03,GSW,ORL,104,99,H,Jett Howard,3,0
2025-02-03,GSW,ORL,104,99,H,Gary Harris,6,0
2025-02-03,GSW,ORL,104,99,H,Tristan Da Silva,2,2
2025-02-03,GSW,ORL,104,99,H,Jonathan Isaac,2,6
2025-02-03,GSW,ORL,104,99,H,Anthony Black,0,1
2025-02-03,GSW,ORL,104,99,H,Buddy Hield,4,1
2025-02-03,GSW,ORL,104,99,H,Gui Santos,0,1
2025-02-04,DAL,PHI,116,118,A,Tyrese Maxey,33,4
2025-02-04,DAL,PHI,116,118,A,Kyrie Irving,34,9
2025-02-04,DAL,PHI,116,118,A,Joel Embiid,29,11
2025-02-04,DAL,PHI,116,118,A,Guerschon Yabusele,19,8
2025-02-04,DAL,PHI,116,118,A,Naji Marshall,19,4
2025-02-04,DAL,PHI,116,118,A,Max Christie,15,9
2025-02-04,DAL,PHI,116,118,A,Dante Exum,14,1
2025-02-04,DAL,PHI,116,118,A,Justin Edwards,16,2
2025-02-04,DAL,PHI,116,118,A,Daniel Gafford,12,6
2025-02-04,DAL,PHI,116,118,A,Kelly Oubre Jr.,9,6
2025-02-04,DAL,PHI,116,118,A,Spencer Dinwiddie,7,1
2025-02-04,DAL,PHI,116,118,A,Ricky Council IV,8,2
2025-02-04,DAL,PHI,116,118,A,Klay Thompson,12,5
2025-02-04,DAL,PHI,116,118,A,Adem Bona,2,1
2025-02-04,DAL,PHI,116,118,A,Reggie Jackson,2,0
2025-02-04,DAL,PHI,116,118,A,Olivier-Maxence Prosper,2,4
2025-02-04,DAL,PHI,116,118,A,Kylor Kelley,1,1
2025-02-04,DAL,PHI,116,118,A,Jeff Dowtin,0,0
2025-02-04,DAL,PHI,116,118,A,Kessler Edwards,0,4
2025-02-04,NYK,TOR,121,115,H,Karl-Anthony Towns,27,20
2025-02-04,NYK,TOR,121,115,H,Jalen Brunson,28,1
2025-02-04,NYK,TOR,121,115,H,Precious Achiuwa,17,8
2025-02-04,NYK,TOR,121,115,H,Jamal Shead,16,3
2025-02-04,NYK,TOR,121,115,H,Scottie Barnes,23,3
2025-02-04,NYK,TOR,121,115,H,Josh Hart,15,7
2025-02-04,NYK,TOR,121,115,H,Gradey Dick,14,3
2025-02-04,NYK,TOR,121,115,H,Kelly Olynyk,11,9
2025-02-04,NYK,TOR,121,115,H,Mikal Bridges,17,2
2025-02-04,NYK,TOR,121,115,H,Immanuel Quickley,9,1
2025-02-04,NYK,TOR,121,115,H,Ja'Kobe Walter,13,1
2025-02-04,NYK,TOR,121,115,H,Ariel Hukporti,6,5
2025-02-04,NYK,TOR,121,115,H,Ochai Agbaji,7,3
2025-02-04,NYK,TOR,121,115,H,Jakob Poeltl,5,2
2025-02-04,NYK,TOR,121,115,H,Bruce Brown,9,3
2025-02-04,NYK,TOR,121,115,H,Cameron Payne,7,0
2025-02-04,NYK,TOR,121,115,H,Jonathan Mogbo,4,3
2025-02-04,NYK,TOR,121,115,H,Miles McBride,4,0
2025-02-04,NYK,TOR,121,115,H,Orlando Robinson,4,3
2025-02-04,NYK,TOR,121,115,H,Jericho Sims,0,0
2025-02-04,LAC,LAL,97,122,A,LeBron James,26,8
2025-02-04,LAC,LAL,97,122,A,Austin Reaves,20,6
2025-02-04,LAC,LAL,97,122,A,Rui Hachimura,20,6
2025-02-04,LAC,LAL,97,122,A,Norman Powell,20,2
2025-02-04,LAC,LAL,97,122,A,Derrick Jones Jr.,17,2
2025-02-04,LAC,LAL,97,122,A,Dalton Knecht,14,4
2025-02-04,LAC,LAL,97,122,A,Kawhi Leonard,11,6
2025-02-04,LAC,LAL,97,122,A,Bones Hyland,12,0
2025-02-04,LAC,LAL,97,122,A,Gabe Vincent,12,3
2025-02-04,LAC,LAL,97,122,A,Jaxson Hayes,6,6
2025-02-04,LAC,LAL,97,122,A,Ivica Zubac,8,10
2025-02-04,LAC,LAL,97,122,A,Jarred Vanderbilt,6,6
2025-02-04,LAC,LAL,97,122,A,James Harden,7,3
2025-02-04,LAC,LAL,97,122,A,Kris Dunn,2,5
2025-02-04,LAC,LAL,97,122,A,Amir Coffey,8,0
2025-02-04,LAC,LAL,97,122,A,Kevin Porter Jr.,7,3
2025-02-04,LAC,LAL,97,122,A,Dorian Finney-Smith,7,4
2025-02-04,LAC,LAL,97,122,A,Trey Jemison,2,4
2025-02-04,LAC,LAL,97,122,A,Bronny James,3,0
2025-02-04,LAC,LAL,97,122,A,Drew Eubanks,2,1
2025-02-04,LAC,LAL,97,122,A,Nicolas Batum,3,2
2025-02-04,LAC,LAL,97,122,A,Armel Traoré,2,1
2025-02-04,LAC,LAL,97,122,A,Kobe Brown,0,1
2025-02-04,LAC,LAL,97,122,A,Shake Milton,4,2
2025-02-04,LAC,LAL,97,122,A,Patty Mills,0,0
2025-02-04,LAC,LAL,97,122,A,Terance Mann,0,1
2025-02-04,CHI,MIA,133,124,H,Ayo Dosunmu,21,2
2025-02-04,CHI,MIA,133,124,H,Josh Giddey,24,5
2025-02-04,CHI,MIA,133,124,H,Matas Buzelis,24,2
2025-02-04,CHI,MIA,133,124,H,Kel'el Ware,17,12
2025-02-04,CHI,MIA,133,124,H,Coby White,22,3
2025-02-04,CHI,MIA,133,124,H,Bam Adebayo,23,8
2025-02-04,CHI,MIA,133,124,H,Tyler Herro,23,8
2025-02-04,CHI,MIA,133,124,H,Nikola Jović,20,2
2025-02-04,CHI,MIA,133,124,H,Jaime Jaquez Jr.,14,4
2025-02-04,CHI,MIA,133,124,H,Patrick Williams,10,7
2025-02-04,CHI,MIA,133,124,H,Jalen Smith,8,8
2025-02-04,CHI,MIA,133,124,H,Nikola Vučević,12,11
2025-02-04,CHI,MIA,133,124,H,Alec Burks,9,4
2025-02-04,CHI,MIA,133,124,H,Haywood Highsmith,5,2
2025-02-04,CHI,MIA,133,124,H,Duncan Robinson,8,2
2025-02-04,CHI,MIA,133,124,H,Julian Phillips,5,0
2025-02-04,CHI,MIA,133,124,H,Lonzo Ball,5,5
2025-02-04,CHI,MIA,133,124,H,Jevon Carter,2,0
2025-02-04,CHI,MIA,133,124,H,Terry Rozier,5,2
2025-02-04,BOS,CLE,112,105,H,Donovan Mitchell,31,10
2025-02-04,BOS,CLE,112,105,H,Jarrett Allen,17,18
2025-02-04,BOS,CLE,112,105,H,Derrick White,20,5
2025-02-04,BOS,CLE,112,105,H,Jayson Tatum,22,4
2025-02-04,BOS,CLE,112,105,H,Darius Garland,25,1
2025-02-04,BOS,CLE,112,105,H,Sam Merrill,12,2
2025-02-04,BOS,CLE,112,105,H,Kristaps Porziņģis,19,7
2025-02-04,BOS,CLE,112,105,H,Jaylen Brown,16,9
2025-02-04,BOS,CLE,112,105,H,Al Horford,13,10
2025-02-04,BOS,CLE,112,105,H,Payton Pritchard,9,6
2025-02-04,BOS,CLE,112,105,H,Luke Kornet,4,3
2025-02-04,BOS,CLE,112,105,H,Jrue Holiday,6,6
2025-02-04,BOS,CLE,112,105,H,Ty Jerome,5,4
2025-02-04,BOS,CLE,112,105,H,Sam Hauser,3,3
2025-02-04,BOS,CLE,112,105,H,Georges Niang,6,2
2025-02-04,BOS,CLE,112,105,H,Evan Mobley,7,5
2025-02-04,BOS,CLE,112,105,H,Max Strus,2,6
2025-02-04,BOS,CLE,112,105,H,Caris LeVert,0,3
2025-02-04,BRK,HOU,99,97,H,Alperen Şengün,24,20
2025-02-04,BRK,HOU,99,97,H,Keon Johnson,22,4
2025-02-04,BRK,HOU,99,97,H,Reed Sheppard,16,7
2025-02-04,BRK,HOU,99,97,H,Tosan Evbuomwan,14,4
2025-02-04,BRK,HOU,99,97,H,Day'Ron Sharpe,8,3
2025-02-04,BRK,HOU,99,97,H,Nic Claxton,14,4
2025-02-04,BRK,HOU,99,97,H,Amen Thompson,7,6
2025-02-04,BRK,HOU,99,97,H,Tyrese Martin,10,6
2025-02-04,BRK,HOU,99,97,H,Cam Whitmore,12,3
2025-02-04,BRK,HOU,99,97,H,Dillon Brooks,16,3
2025-02-04,BRK,HOU,99,97,H,Jalen Green,13,3
2025-02-04,BRK,HOU,99,97,H,Ziaire Williams,8,7
2025-02-04,BRK,HOU,99,97,H,D'Angelo Russell,10,4
2025-02-04,BRK,HOU,99,97,H,Jalen Wilson,7,2
2025-02-04,BRK,HOU,99,97,H,Jae'Sean Tate,5,2
2025-02-04,BRK,HOU,99,97,H,Reece Beekman,2,2
2025-02-04,BRK,HOU,99,97,H,Steven Adams,4,1
2025-02-04,BRK,HOU,99,97,H,Aaron Holiday,0,0
2025-02-04,BRK,HOU,99,97,H,Trendon Watford,4,3
2025-02-04,IND,POR,89,112,A,Anfernee Simons,22,3
2025-02-04,IND,POR,89,112,A,Scoot Henderson,17,8
2025-02-04,IND,POR,89,112,A,T.J. McConnell,14,4
2025-02-04,IND,POR,89,112,A,Jerami Grant,20,2
2025-02-04,IND,POR,89,112,A,Toumani Camara,13,7
2025-02-04,IND,POR,89,112,A,Andrew Nembhard,17,6
2025-02-04,IND,POR,89,112,A,Shaedon Sharpe,17,4
2025-02-04,IND,POR,89,112,A,Pascal Siakam,16,6
2025-02-04,IND,POR,89,112,A,Ben Sheppard,9,4
2025-02-04,IND,POR,89,112,A,Deandre Ayton,8,9
2025-02-04,IND,POR,89,112,A,Bennedict Mathurin,12,7
2025-02-04,IND,POR,89,112,A,Thomas Bryant,5,3
2025-02-04,IND,POR,89,112,A,Robert Williams,4,11
2025-02-04,IND,POR,89,112,A,Aaron Nesmith,5,0
2025-02-04,IND,POR,89,112,A,Duop Reath,5,0
2025-02-04,IND,POR,89,112,A,Tyrese Haliburton,0,2
2025-02-04,IND,POR,89,112,A,Myles Turner,9,2
2025-02-04,IND,POR,89,112,A,Jarace Walker,2,1
2025-02-04,IND,POR,89,112,A,Enrique Freeman,0,1
2025-02-04,IND,POR,89,112,A,Dalano Banton,0,1
2025-02-04,IND,POR,89,112,A,Jabari Walker,0,0
2025-02-04,IND,POR,89,112,A,James Johnson,0,1
2025-02-04,IND,POR,89,112,A,Kris Murray,0,1
2025-02-04,IND,POR,89,112,A,Johnny Furphy,0,0
2025-02-04,IND,POR,89,112,A,Rayan Rupert,0,1
2025-02-04,IND,POR,89,112,A,Obi Toppin,0,2
2025-02-04,IND,POR,89,112,A,Deni Avdija,6,4
2025-02-05,OKC,PHO,140,109,H,Shai Gilgeous-Alexander,50,8
2025-02-05,OKC,PHO,140,109,H,Bradley Beal,25,3
2025-02-05,OKC,PHO,140,109,H,Aaron Wiggins,17,6
2025-02-05,OKC,PHO,140,109,H,Royce O'Neale,18,5
2025-02-05,OKC,PHO,140,109,H,Jalen Williams,13,3
2025-02-05,OKC,PHO,140,109,H,Isaiah Joe,12,3
2025-02-05,OKC,PHO,140,109,H,Devin Booker,19,2
2025-02-05,OKC,PHO,140,109,H,Isaiah Hartenstein,9,4
2025-02-05,OKC,PHO,140,109,H,Luguentz Dort,7,2
2025-02-05,OKC,PHO,140,109,H,Oso Ighodaro,4,3
2025-02-05,OKC,PHO,140,109,H,Adam Flagler,7,0
2025-02-05,OKC,PHO,140,109,H,Collin Gillespie,6,1
2025-02-05,OKC,PHO,140,109,H,Kenrich Williams,5,3
2025-02-05,OKC,PHO,140,109,H,Jaylin Williams,4,12
2025-02-05,OKC,PHO,140,109,H,Nick Richards,6,6
2025-02-05,OKC,PHO,140,109,H,Tyus Jones,10,0
2025-02-05,OKC,PHO,140,109,H,Grayson Allen,9,2
2025-02-05,OKC,PHO,140,109,H,Dillon Jones,6,2
2025-02-05,OKC,PHO,140,109,H,Alex Caruso,5,1
2025-02-05,OKC,PHO,140,109,H,Ousmane Dieng,5,0
2025-02-05,OKC,PHO,140,109,H,Bol Bol,3,1
2025-02-05,OKC,PHO,140,109,H,Damion Lee,4,2
2025-02-05,OKC,PHO,140,109,H,Jalen Bridges,3,0
2025-02-05,OKC,PHO,140,109,H,Ryan Dunn,2,5
2025-02-05,OKC,PHO,140,109,H,Mason Plumlee,0,5
2025-02-05,OKC,PHO,140,109,H,Alex Ducas,0,2
2025-02-05,DEN,NOP,144,119,H,Michael Porter Jr.,39,12
2025-02-05,DEN,NOP,144,119,H,Nikola Jokić,38,8
2025-02-05,DEN,NOP,144,119,H,Christian Braun,23,9
2025-02-05,DEN,NOP,144,119,H,Trey Murphy III,25,5
2025-02-05,DEN,NOP,144,119,H,Zion Williamson,28,6
2025-02-05,DEN,NOP,144,119,H,Aaron Gordon,7,4
2025-02-05,DEN,NOP,144,119,H,CJ McCollum,19,1
2025-02-05,DEN,NOP,144,119,H,Karlo Matković,10,9
2025-02-05,DEN,NOP,144,119,H,Yves Missi,12,6
2025-02-05,DEN,NOP,144,119,H,Jamal Murray,10,2
2025-02-05,DEN,NOP,144,119,H,Jordan Hawkins,15,3
2025-02-05,DEN,NOP,144,119,H,Jalen Pickett,4,2
2025-02-05,DEN,NOP,144,119,H,DeAndre Jordan,2,4
2025-02-05,DEN,NOP,144,119,H,Zeke Nnaji,4,5
2025-02-05,DEN,NOP,144,119,H,Javonte Green,3,3
2025-02-05,DEN,NOP,144,119,H,Julian Strawther,10,2
2025-02-05,DEN,NOP,144,119,H,Hunter Tyson,4,2
2025-02-05,DEN,NOP,144,119,H,Antonio Reeves,3,0
2025-02-05,DEN,NOP,144,119,H,Spencer Jones,3,0
2025-02-05,DEN,NOP,144,119,H,Jeremiah Robinson-Earl,2,3
2025-02-05,DEN,NOP,144,119,H,Trey Alexander,0,0
2025-02-05,DEN,NOP,144,119,H,PJ Hall,0,1
2025-02-05,DEN,NOP,144,119,H,Keion Brooks Jr.,0,0
2025-02-05,DEN,NOP,144,119,H,Jamal Cain,2,2
2025-02-05,CHI,MIN,108,127,A,Anthony Edwards,49,9
2025-02-05,CHI,MIN,108,127,A,Naz Reid,22,10
2025-02-05,CHI,MIN,108,127,A,Rudy Gobert,10,15
2025-02-05,CHI,MIN,108,127,A,Coby White,20,0
2025-02-05,CHI,MIN,108,127,A,Matas Buzelis,14,5
2025-02-05,CHI,MIN,108,127,A,Josh Giddey,19,4
2025-02-05,CHI,MIN,108,127,A,Jalen Smith,14,5
2025-02-05,CHI,MIN,108,127,A,Jevon Carter,10,2
2025-02-05,CHI,MIN,108,127,A,Jaden McDaniels,12,8
2025-02-05,CHI,MIN,108,127,A,Mike Conley,8,5
2025-02-05,CHI,MIN,108,127,A,Nikola Vučević,10,11
2025-02-05,CHI,MIN,108,127,A,Nickeil Alexander-Walker,12,5
2025-02-05,CHI,MIN,108,127,A,Ayo Dosunmu,11,0
2025-02-05,CHI,MIN,108,127,A,Patrick Williams,8,3
2025-02-05,CHI,MIN,108,127,A,Jaylen Clark,5,1
2025-02-05,CHI,MIN,108,127,A,Julian Phillips,2,4
2025-02-05,CHI,MIN,108,127,A,Rob Dillingham,3,3
2025-02-05,CHI,MIN,108,127,A,Leonard Miller,2,1
2025-02-05,CHI,MIN,108,127,A,Luka Garza,4,1
2025-02-05,CHI,MIN,108,127,A,Josh Minott,0,1
2025-02-05,CHI,MIN,108,127,A,Terrence Shannon Jr. ,0,0
2025-02-05,CLE,DET,118,115,H,Cade Cunningham,38,7
2025-02-05,CLE,DET,118,115,H,Evan Mobley,30,9
2025-02-05,CLE,DET,118,115,H,Tim Hardaway Jr.,20,3
2025-02-05,CLE,DET,118,115,H,Darius Garland,25,3
2025-02-05,CLE,DET,118,115,H,Jarrett Allen,6,13
2025-02-05,CLE,DET,118,115,H,Craig Porter Jr.,16,0
2025-02-05,CLE,DET,118,115,H,Ausar Thompson,12,8
2025-02-05,CLE,DET,118,115,H,Max Strus,15,6
2025-02-05,CLE,DET,118,115,H,Ty Jerome,13,4
2025-02-05,CLE,DET,118,115,H,Isaiah Stewart,8,6
2025-02-05,CLE,DET,118,115,H,Jalen Duren,8,10
2025-02-05,CLE,DET,118,115,H,Paul Reed,7,6
2025-02-05,CLE,DET,118,115,H,Tobias Harris,8,2
2025-02-05,CLE,DET,118,115,H,Ron Holland,9,1
2025-02-05,CLE,DET,118,115,H,Georges Niang,7,5
2025-02-05,CLE,DET,118,115,H,Sam Merrill,6,2
2025-02-05,CLE,DET,118,115,H,Simone Fontecchio,3,1
2025-02-05,CLE,DET,118,115,H,Marcus Sasser,0,1
2025-02-05,CLE,DET,118,115,H,Jaylon Tyson,0,2
2025-02-05,CLE,DET,118,115,H,Malik Beasley,2,0
2025-02-05,CLE,DET,118,115,H,Caris LeVert,0,2
2025-02-05,ATL,SAS,125,126,A,Onyeka Okongwu,30,12
2025-02-05,ATL,SAS,125,126,A,De'Aaron Fox,24,5
2025-02-05,ATL,SAS,125,126,A,Trae Young,32,2
2025-02-05,ATL,SAS,125,126,A,Victor Wembanyama,24,12
2025-02-05,ATL,SAS,125,126,A,De'Andre Hunter,22,10
2025-02-05,ATL,SAS,125,126,A,Dyson Daniels,19,8
2025-02-05,ATL,SAS,125,126,A,Devin Vassell,20,3
2025-02-05,ATL,SAS,125,126,A,Jeremy Sochan,15,4
2025-02-05,ATL,SAS,125,126,A,Harrison Barnes,13,6
2025-02-05,ATL,SAS,125,126,A,Chris Paul,11,4
2025-02-05,ATL,SAS,125,126,A,Julian Champagnie,5,3
2025-02-05,ATL,SAS,125,126,A,Stephon Castle,11,2
2025-02-05,ATL,SAS,125,126,A,Dominick Barlow,5,3
2025-02-05,ATL,SAS,125,126,A,Keaton Wallace,5,0
2025-02-05,ATL,SAS,125,126,A,Vit Krejci,5,5
2025-02-05,ATL,SAS,125,126,A,Larry Nance Jr.,1,3
2025-02-05,ATL,SAS,125,126,A,Keldon Johnson,3,2
2025-02-05,ATL,SAS,125,126,A,Zaccharie Risacher,6,1
2025-02-05,ATL,SAS,125,126,A,Garrison Mathews,0,1
2025-02-05,MEM,TOR,138,107,H,Jaren Jackson Jr.,32,5
2025-02-05,MEM,TOR,138,107,H,Ja Morant,26,5
2025-02-05,MEM,TOR,138,107,H,Zach Edey,13,15
2025-02-05,MEM,TOR,138,107,H,Ochai Agbaji,14,3
2025-02-05,MEM,TOR,138,107,H,GG Jackson II,17,6
2025-02-05,MEM,TOR,138,107,H,Brandon Clarke,13,5
2025-02-05,MEM,TOR,138,107,H,Ja'Kobe Walter,14,3
2025-02-05,MEM,TOR,138,107,H,Jamal Shead,14,0
2025-02-05,MEM,TOR,138,107,H,Davion Mitchell,10,1
2025-02-05,MEM,TOR,138,107,H,Scottie Barnes,11,2
2025-02-05,MEM,TOR,138,107,H,Jonathan Mogbo,10,6
2025-02-05,MEM,TOR,138,107,H,Vince Williams Jr.,4,4
2025-02-05,MEM,TOR,138,107,H,Kelly Olynyk,9,7
2025-02-05,MEM,TOR,138,107,H,Scotty Pippen Jr.,12,5
2025-02-05,MEM,TOR,138,107,H,Bruce Brown,8,3
2025-02-05,MEM,TOR,138,107,H,Santi Aldama,6,4
2025-02-05,MEM,TOR,138,107,H,Jaylen Wells,7,4
2025-02-05,MEM,TOR,138,107,H,Luke Kennard,5,4
2025-02-05,MEM,TOR,138,107,H,Gradey Dick,13,7
2025-02-05,MEM,TOR,138,107,H,Jay Huff,3,1
2025-02-05,MEM,TOR,138,107,H,Jamison Battle,3,2
2025-02-05,MEM,TOR,138,107,H,John Konchar,0,2
2025-02-05,MEM,TOR,138,107,H,Yuki Kawamura,0,0
2025-02-05,MEM,TOR,138,107,H,Orlando Robinson,1,0
2025-02-05,MEM,TOR,138,107,H,Jake LaRavia,0,0
2025-02-05,MEM,TOR,138,107,H,Marcus Smart,0,1
2025-02-05,CHO,MIL,102,112,A,Damian Lillard,29,4
2025-02-05,CHO,MIL,102,112,A,Bobby Portis,23,17
2025-02-05,CHO,MIL,102,112,A,Nick Smith Jr.,23,2
2025-02-05,CHO,MIL,102,112,A,Moussa Diabaté,10,13
2025-02-05,CHO,MIL,102,112,A,Gary Trent Jr.,13,6
2025-02-05,CHO,MIL,102,112,A,Miles Bridges,15,6
2025-02-05,CHO,MIL,102,112,A,KJ Simpson,15,0
2025-02-05,CHO,MIL,102,112,A,Brook Lopez,14,3
2025-02-05,CHO,MIL,102,112,A,DaQuan Jeffries,9,6
2025-02-05,CHO,MIL,102,112,A,Taurean Prince,11,2
2025-02-05,CHO,MIL,102,112,A,Tidjane Salaün,10,4
2025-02-05,CHO,MIL,102,112,A,A.J. Green,8,2
2025-02-05,CHO,MIL,102,112,A,Ryan Rollins,6,2
2025-02-05,CHO,MIL,102,112,A,Isaiah Wong,6,0
2025-02-05,CHO,MIL,102,112,A,Mark Williams,6,5
2025-02-05,CHO,MIL,102,112,A,Andre Jackson Jr.,2,1
2025-02-05,CHO,MIL,102,112,A,Pat Connaughton,4,6
2025-02-05,CHO,MIL,102,112,A,Tyler Smith,2,0
2025-02-05,CHO,MIL,102,112,A,MarJon Beauchamp,0,1
2025-02-05,CHO,MIL,102,112,A,Josh Green,5,3
2025-02-05,CHO,MIL,102,112,A,Chris Livingston,0,0
2025-02-05,CHO,MIL,102,112,A,Seth Curry,3,2
2025-02-05,GSW,UTA,128,131,A,Jordan Clarkson,31,4
2025-02-05,GSW,UTA,128,131,A,Keyonte George,26,3
2025-02-05,GSW,UTA,128,131,A,Brandin Podziemski,29,6
2025-02-05,GSW,UTA,128,131,A,Isaiah Collier,20,6
2025-02-05,GSW,UTA,128,131,A,Walker Kessler,15,18
2025-02-05,GSW,UTA,128,131,A,Stephen Curry,32,1
2025-02-05,GSW,UTA,128,131,A,Buddy Hield,18,3
2025-02-05,GSW,UTA,128,131,A,John Collins,19,5
2025-02-05,GSW,UTA,128,131,A,Kevon Looney,6,10
2025-02-05,GSW,UTA,128,131,A,Quinten Post,10,7
2025-02-05,GSW,UTA,128,131,A,Svi Mykhailiuk,10,5
2025-02-05,GSW,UTA,128,131,A,Draymond Green,7,4
2025-02-05,GSW,UTA,128,131,A,Gary Payton II,9,1
2025-02-05,GSW,UTA,128,131,A,Jackson Rowe,6,5
2025-02-05,GSW,UTA,128,131,A,Pat Spencer,7,4
2025-02-05,GSW,UTA,128,131,A,Gui Santos,4,0
2025-02-05,GSW,UTA,128,131,A,Kyle Filipowski,4,3
2025-02-05,GSW,UTA,128,131,A,Micah Potter,3,4
2025-02-05,GSW,UTA,128,131,A,Johnny Juzang,3,0
2025-02-05,GSW,UTA,128,131,A,Brice Sensabaugh,0,0
2025-02-05,ORL,SAC,130,111,H,Franz Wagner,31,5
2025-02-05,ORL,SAC,130,111,H,Paolo Banchero,23,0
2025-02-05,ORL,SAC,130,111,H,Domantas Sabonis,21,13
2025-02-05,ORL,SAC,130,111,H,Goga Bitadze,14,7
2025-02-05,ORL,SAC,130,111,H,Keon Ellis,12,3
2025-02-05,ORL,SAC,130,111,H,Cole Anthony,14,2
2025-02-05,ORL,SAC,130,111,H,DeMar DeRozan,19,2
2025-02-05,ORL,SAC,130,111,H,Anthony Black,15,1
2025-02-05,ORL,SAC,130,111,H,Wendell Carter Jr.,8,8
2025-02-05,ORL,SAC,130,111,H,Tristan Da Silva,11,2
2025-02-05,ORL,SAC,130,111,H,Devin Carter,9,3
2025-02-05,ORL,SAC,130,111,H,Zach LaVine,13,1
2025-02-05,ORL,SAC,130,111,H,Mason Jones,9,1
2025-02-05,ORL,SAC,130,111,H,Trey Lyles,8,0
2025-02-05,ORL,SAC,130,111,H,Kentavious Caldwell-Pope,8,2
2025-02-05,ORL,SAC,130,111,H,Colby Jones,0,3
2025-02-05,ORL,SAC,130,111,H,Isaac Jones,4,4
2025-02-05,ORL,SAC,130,111,H,Jonathan Isaac,0,3
2025-02-05,ORL,SAC,130,111,H,Malik Monk,10,0
2025-02-05,ORL,SAC,130,111,H,Keegan Murray,5,6
2025-02-05,ORL,SAC,130,111,H,Caleb Houstan,3,1
2025-02-05,ORL,SAC,130,111,H,Gary Harris,0,3
2025-02-05,ORL,SAC,130,111,H,Isaiah Crawford,1,1
2025-02-05,ORL,SAC,130,111,H,Jett Howard,3,0
2025-02-05,ORL,SAC,130,111,H,Alex Len,0,0
2025-02-05,ORL,SAC,130,111,H,Cory Joseph,0,0
2025-02-05,ORL,SAC,130,111,H,Trevelin Queen,0,1
2025-02-05,MIA,PHI,108,101,H,Tyler Herro,30,7
2025-02-05,MIA,PHI,108,101,H,Nikola Jović,23,5
2025-02-05,MIA,PHI,108,101,H,Tyrese Maxey,31,3
2025-02-05,MIA,PHI,108,101,H,Terry Rozier,20,5
2025-02-05,MIA,PHI,108,101,H,Adem Bona,11,5
2025-02-05,MIA,PHI,108,101,H,Kelly Oubre Jr.,15,11
2025-02-05,MIA,PHI,108,101,H,Bam Adebayo,18,13
2025-02-05,MIA,PHI,108,101,H,Reggie Jackson,10,1
2025-02-05,MIA,PHI,108,101,H,Guerschon Yabusele,9,9
2025-02-05,MIA,PHI,108,101,H,Jaime Jaquez Jr.,9,6
2025-02-05,MIA,PHI,108,101,H,Pelle Larsson,5,2
2025-02-05,MIA,PHI,108,101,H,Justin Edwards,8,4
2025-02-05,MIA,PHI,108,101,H,Eric Gordon,5,3
2025-02-05,MIA,PHI,108,101,H,Paul George,9,1
2025-02-05,MIA,PHI,108,101,H,Kyle Lowry,3,2
2025-02-05,MIA,PHI,108,101,H,Kevin Love,0,2
2025-02-05,MIA,PHI,108,101,H,Haywood Highsmith,3,1
2025-02-05,MIA,PHI,108,101,H,Kel'el Ware,0,13
2025-02-05,MIA,PHI,108,101,H,Ricky Council IV,0,0
2025-02-05,MIA,PHI,108,101,H,Duncan Robinson,0,0
2025-02-05,BRK,WAS,102,119,A,Keon Johnson,25,6
2025-02-05,BRK,WAS,102,119,A,Carlton Carrington,16,4
2025-02-05,BRK,WAS,102,119,A,Kyshawn George,17,7
2025-02-05,BRK,WAS,102,119,A,Jordan Poole,19,3
2025-02-05,BRK,WAS,102,119,A,Bilal Coulibaly,11,10
2025-02-05,BRK,WAS,102,119,A,Cameron Johnson,17,3
2025-02-05,BRK,WAS,102,119,A,Tosan Evbuomwan,15,5
2025-02-05,BRK,WAS,102,119,A,Corey Kispert,17,2
2025-02-05,BRK,WAS,102,119,A,Richaun Holmes,9,5
2025-02-05,BRK,WAS,102,119,A,Day'Ron Sharpe,11,4
2025-02-05,BRK,WAS,102,119,A,Jalen Wilson,7,3
2025-02-05,BRK,WAS,102,119,A,Nic Claxton,5,6
2025-02-05,BRK,WAS,102,119,A,Ben Simmons,4,5
2025-02-05,BRK,WAS,102,119,A,Tristan Vukcevic,12,6
2025-02-05,BRK,WAS,102,119,A,Justin Champagnie,11,2
2025-02-05,BRK,WAS,102,119,A,Tyrese Martin,8,2
2025-02-05,BRK,WAS,102,119,A,Malcolm Brogdon,7,1
2025-02-05,BRK,WAS,102,119,A,Reece Beekman,1,0
2025-02-05,BRK,WAS,102,119,A,Johnny Davis,0,0
2025-02-05,BRK,WAS,102,119,A,Anthony Gill,0,0
2025-02-05,BRK,WAS,102,119,A,Ziaire Williams,4,3
2025-02-05,BRK,WAS,102,119,A,D'Angelo Russell,5,0
2025-02-06,GSW,LAL,112,120,A,LeBron James,42,17
2025-02-06,GSW,LAL,112,120,A,Stephen Curry,37,7
2025-02-06,GSW,LAL,112,120,A,Austin Reaves,23,3
2025-02-06,GSW,LAL,112,120,A,Draymond Green,13,5
2025-02-06,GSW,LAL,112,120,A,Jaxson Hayes,11,3
2025-02-06,GSW,LAL,112,120,A,Jarred Vanderbilt,5,14
2025-02-06,GSW,LAL,112,120,A,Moses Moody,14,5
2025-02-06,GSW,LAL,112,120,A,Gabe Vincent,15,0
2025-02-06,GSW,LAL,112,120,A,Buddy Hield,14,5
2025-02-06,GSW,LAL,112,120,A,Pat Spencer,13,3
2025-02-06,GSW,LAL,112,120,A,Rui Hachimura,11,4
2025-02-06,GSW,LAL,112,120,A,Brandin Podziemski,8,8
2025-02-06,GSW,LAL,112,120,A,Dorian Finney-Smith,7,1
2025-02-06,GSW,LAL,112,120,A,Kevon Looney,4,3
2025-02-06,GSW,LAL,112,120,A,Quinten Post,6,2
2025-02-06,GSW,LAL,112,120,A,Christian Koloko,4,2
2025-02-06,GSW,LAL,112,120,A,Shake Milton,2,3
2025-02-06,GSW,LAL,112,120,A,Gary Payton II,3,1
2025-02-06,GSW,LAL,112,120,A,Trayce Jackson-Davis,0,0
2025-02-06,GSW,LAL,112,120,A,Jackson Rowe,0,1
2025-02-06,IND,LAC,119,112,H,Pascal Siakam,33,11
2025-02-06,IND,LAC,119,112,H,Bennedict Mathurin,25,6
2025-02-06,IND,LAC,119,112,H,James Harden,22,6
2025-02-06,IND,LAC,119,112,H,Ivica Zubac,18,15
2025-02-06,IND,LAC,119,112,H,Tyrese Haliburton,14,3
2025-02-06,IND,LAC,119,112,H,Thomas Bryant,12,10
2025-02-06,IND,LAC,119,112,H,Ben Sheppard,12,1
2025-02-06,IND,LAC,119,112,H,Norman Powell,22,4
2025-02-06,IND,LAC,119,112,H,Kawhi Leonard,19,4
2025-02-06,IND,LAC,119,112,H,Amir Coffey,14,2
2025-02-06,IND,LAC,119,112,H,Obi Toppin,10,6
2025-02-06,IND,LAC,119,112,H,Derrick Jones Jr.,12,4
2025-02-06,IND,LAC,119,112,H,Aaron Nesmith,4,3
2025-02-06,IND,LAC,119,112,H,Drew Eubanks,4,5
2025-02-06,IND,LAC,119,112,H,T.J. McConnell,5,3
2025-02-06,IND,LAC,119,112,H,Kris Dunn,1,6
2025-02-06,IND,LAC,119,112,H,Andrew Nembhard,4,3
2025-02-06,IND,LAC,119,112,H,Nicolas Batum,0,2
2025-02-06,IND,LAC,119,112,H,Myles Turner,0,0
2025-02-06,HOU,MIN,114,127,A,Anthony Edwards,41,7
2025-02-06,HOU,MIN,114,127,A,Jalen Green,28,6
2025-02-06,HOU,MIN,114,127,A,Alperen Şengün,16,10
2025-02-06,HOU,MIN,114,127,A,Mike Conley,16,3
2025-02-06,HOU,MIN,114,127,A,Amen Thompson,16,3
2025-02-06,HOU,MIN,114,127,A,Tari Eason,10,4
2025-02-06,HOU,MIN,114,127,A,Naz Reid,15,11
2025-02-06,HOU,MIN,114,127,A,Jaylen Clark,17,3
2025-02-06,HOU,MIN,114,127,A,Rudy Gobert,13,10
2025-02-06,HOU,MIN,114,127,A,Jock Landale,10,5
2025-02-06,HOU,MIN,114,127,A,Dillon Brooks,15,3
2025-02-06,HOU,MIN,114,127,A,Cam Whitmore,16,3
2025-02-06,HOU,MIN,114,127,A,Jaden McDaniels,12,8
2025-02-06,HOU,MIN,114,127,A,Terrence Shannon Jr. ,5,0
2025-02-06,HOU,MIN,114,127,A,Rob Dillingham,6,0
2025-02-06,HOU,MIN,114,127,A,Jae'Sean Tate,0,3
2025-02-06,HOU,MIN,114,127,A,Nickeil Alexander-Walker,2,3
2025-02-06,HOU,MIN,114,127,A,Reed Sheppard,3,2
2025-02-06,HOU,MIN,114,127,A,Luka Garza,0,2
2025-02-06,DEN,ORL,112,90,H,Nikola Jokić,28,10
2025-02-06,DEN,ORL,112,90,H,Michael Porter Jr.,30,7
2025-02-06,DEN,ORL,112,90,H,Christian Braun,16,8
2025-02-06,DEN,ORL,112,90,H,Paolo Banchero,18,8
2025-02-06,DEN,ORL,112,90,H,Wendell Carter Jr.,19,4
2025-02-06,DEN,ORL,112,90,H,Aaron Gordon,11,3
2025-02-06,DEN,ORL,112,90,H,Franz Wagner,14,4
2025-02-06,DEN,ORL,112,90,H,Kentavious Caldwell-Pope,7,4
2025-02-06,DEN,ORL,112,90,H,DeAndre Jordan,8,7
2025-02-06,DEN,ORL,112,90,H,Anthony Black,8,1
2025-02-06,DEN,ORL,112,90,H,Tristan Da Silva,7,2
2025-02-06,DEN,ORL,112,90,H,Jalen Pickett,5,3
2025-02-06,DEN,ORL,112,90,H,Goga Bitadze,4,3
2025-02-06,DEN,ORL,112,90,H,Trevelin Queen,4,5
2025-02-06,DEN,ORL,112,90,H,Hunter Tyson,7,2
2025-02-06,DEN,ORL,112,90,H,Trey Alexander,2,0
2025-02-06,DEN,ORL,112,90,H,Zeke Nnaji,3,6
2025-02-06,DEN,ORL,112,90,H,Jett Howard,3,2
2025-02-06,DEN,ORL,112,90,H,Jonathan Isaac,0,4
2025-02-06,DEN,ORL,112,90,H,Caleb Houstan,1,1
2025-02-06,DEN,ORL,112,90,H,Cole Anthony,5,2
2025-02-06,DEN,ORL,112,90,H,Spencer Jones,0,1
2025-02-06,DEN,ORL,112,90,H,PJ Hall,0,2
2025-02-06,DEN,ORL,112,90,H,Julian Strawther,2,3
2025-02-06,POR,SAC,108,102,H,Anfernee Simons,30,2
2025-02-06,POR,SAC,108,102,H,DeMar DeRozan,22,4
2025-02-06,POR,SAC,108,102,H,Deandre Ayton,18,8
2025-02-06,POR,SAC,108,102,H,Shaedon Sharpe,24,4
2025-02-06,POR,SAC,108,102,H,Malik Monk,21,7
2025-02-06,POR,SAC,108,102,H,Zach LaVine,22,4
2025-02-06,POR,SAC,108,102,H,Domantas Sabonis,10,14
2025-02-06,POR,SAC,108,102,H,Jerami Grant,12,4
2025-02-06,POR,SAC,108,102,H,Keegan Murray,12,7
2025-02-06,POR,SAC,108,102,H,Keon Ellis,7,3
2025-02-06,POR,SAC,108,102,H,Scoot Henderson,5,1
2025-02-06,POR,SAC,108,102,H,Jonas Valančiūnas,6,5
2025-02-06,POR,SAC,108,102,H,Deni Avdija,9,4
2025-02-06,POR,SAC,108,102,H,Dalano Banton,4,3
2025-02-06,POR,SAC,108,102,H,Toumani Camara,4,14
2025-02-06,POR,SAC,108,102,H,Donovan Clingan,2,7
2025-02-06,POR,SAC,108,102,H,Trey Lyles,2,2
2025-02-06,POR,SAC,108,102,H,Devin Carter,0,1
2025-02-06,POR,SAC,108,102,H,Kris Murray,0,0
2025-02-06,BOS,DAL,120,127,A,Klay Thompson,25,3
2025-02-06,BOS,DAL,120,127,A,Spencer Dinwiddie,22,2
2025-02-06,BOS,DAL,120,127,A,Jaylen Brown,25,5
2025-02-06,BOS,DAL,120,127,A,Payton Pritchard,21,6
2025-02-06,BOS,DAL,120,127,A,Kyrie Irving,19,3
2025-02-06,BOS,DAL,120,127,A,Naji Marshall,20,2
2025-02-06,BOS,DAL,120,127,A,Daniel Gafford,8,15
2025-02-06,BOS,DAL,120,127,A,Dante Exum,15,0
2025-02-06,BOS,DAL,120,127,A,Max Christie,15,6
2025-02-06,BOS,DAL,120,127,A,Jayson Tatum,17,4
2025-02-06,BOS,DAL,120,127,A,Luke Kornet,7,5
2025-02-06,BOS,DAL,120,127,A,Kristaps Porziņģis,17,5
2025-02-06,BOS,DAL,120,127,A,Derrick White,13,3
2025-02-06,BOS,DAL,120,127,A,Kessler Edwards,3,3
2025-02-06,BOS,DAL,120,127,A,Drew Peterson,3,1
2025-02-06,BOS,DAL,120,127,A,Neemias Queta,6,2
2025-02-06,BOS,DAL,120,127,A,Sam Hauser,6,1
2025-02-06,BOS,DAL,120,127,A,Jordan Walsh,2,3
2025-02-06,BOS,DAL,120,127,A,Olivier-Maxence Prosper,0,1
2025-02-06,BOS,DAL,120,127,A,Al Horford,3,5
2025-02-07,PHO,UTA,135,127,H,Devin Booker,47,6
2025-02-07,PHO,UTA,135,127,H,Walker Kessler,19,22
2025-02-07,PHO,UTA,135,127,H,Grayson Allen,21,7
2025-02-07,PHO,UTA,135,127,H,Nick Richards,12,14
2025-02-07,PHO,UTA,135,127,H,John Collins,21,6
2025-02-07,PHO,UTA,135,127,H,Tyus Jones,16,6
2025-02-07,PHO,UTA,135,127,H,Isaiah Collier,15,4
2025-02-07,PHO,UTA,135,127,H,Kyle Filipowski,11,11
2025-02-07,PHO,UTA,135,127,H,Lauri Markkanen,20,7
2025-02-07,PHO,UTA,135,127,H,Bol Bol,12,3
2025-02-07,PHO,UTA,135,127,H,Royce O'Neale,12,3
2025-02-07,PHO,UTA,135,127,H,Keyonte George,18,3
2025-02-07,PHO,UTA,135,127,H,Svi Mykhailiuk,9,3
2025-02-07,PHO,UTA,135,127,H,Mason Plumlee,2,6
2025-02-07,PHO,UTA,135,127,H,Ryan Dunn,6,3
2025-02-07,PHO,UTA,135,127,H,Monte Morris,5,0
2025-02-07,PHO,UTA,135,127,H,Micah Potter,3,3
2025-02-07,PHO,UTA,135,127,H,Brice Sensabaugh,4,3
2025-02-07,PHO,UTA,135,127,H,Johnny Juzang,7,1
2025-02-07,PHO,UTA,135,127,H,Damion Lee,2,1
2025-02-07,CLE,WAS,134,124,H,Jordan Poole,45,4
2025-02-07,CLE,WAS,134,124,H,Evan Mobley,27,7
2025-02-07,CLE,WAS,134,124,H,Donovan Mitchell,33,1
2025-02-07,CLE,WAS,134,124,H,Darius Garland,23,5
2025-02-07,CLE,WAS,134,124,H,Richaun Holmes,12,12
2025-02-07,CLE,WAS,134,124,H,Max Strus,17,5
2025-02-07,CLE,WAS,134,124,H,Bilal Coulibaly,16,6
2025-02-07,CLE,WAS,134,124,H,Jarrett Allen,12,12
2025-02-07,CLE,WAS,134,124,H,Kyshawn George,17,5
2025-02-07,CLE,WAS,134,124,H,Jaylon Tyson,7,5
2025-02-07,CLE,WAS,134,124,H,Ty Jerome,13,5
2025-02-07,CLE,WAS,134,124,H,Craig Porter Jr.,2,4
2025-02-07,CLE,WAS,134,124,H,Carlton Carrington,13,4
2025-02-07,CLE,WAS,134,124,H,Tristan Vukcevic,7,4
2025-02-07,CLE,WAS,134,124,H,Corey Kispert,10,4
2025-02-07,CLE,WAS,134,124,H,AJ Johnson,2,1
2025-02-07,CLE,WAS,134,124,H,Anthony Gill,2,0
2025-02-07,CLE,WAS,134,124,H,Tristan Thompson,0,2
2025-02-07,CLE,WAS,134,124,H,Emoni Bates,0,0
2025-02-07,DET,PHI,125,112,H,Malik Beasley,36,3
2025-02-07,DET,PHI,125,112,H,Tyrese Maxey,27,3
2025-02-07,DET,PHI,125,112,H,Tobias Harris,22,9
2025-02-07,DET,PHI,125,112,H,Joel Embiid,23,7
2025-02-07,DET,PHI,125,112,H,Ausar Thompson,14,8
2025-02-07,DET,PHI,125,112,H,Jalen Duren,13,13
2025-02-07,DET,PHI,125,112,H,Kelly Oubre Jr.,14,11
2025-02-07,DET,PHI,125,112,H,Justin Edwards,11,3
2025-02-07,DET,PHI,125,112,H,Quentin Grimes,14,2
2025-02-07,DET,PHI,125,112,H,Isaiah Stewart,10,8
2025-02-07,DET,PHI,125,112,H,Paul George,14,1
2025-02-07,DET,PHI,125,112,H,Simone Fontecchio,10,5
2025-02-07,DET,PHI,125,112,H,Marcus Sasser,9,0
2025-02-07,DET,PHI,125,112,H,Tim Hardaway Jr.,6,5
2025-02-07,DET,PHI,125,112,H,Kyle Lowry,2,2
2025-02-07,DET,PHI,125,112,H,Ricky Council IV,3,0
2025-02-07,DET,PHI,125,112,H,Andre Drummond,2,4
2025-02-07,DET,PHI,125,112,H,Ron Holland,3,1
2025-02-07,DET,PHI,125,112,H,Paul Reed,2,4
2025-02-07,DET,PHI,125,112,H,Adem Bona,2,1
2025-02-07,DET,PHI,125,112,H,Chuma Okeke,0,1
2025-02-07,DET,PHI,125,112,H,Daniss Jenkins,0,0
2025-02-07,DET,PHI,125,112,H,Eric Gordon,0,3
2025-02-07,CHO,SAS,117,116,H,Stephon Castle,33,4
2025-02-07,CHO,SAS,117,116,H,Miles Bridges,25,7
2025-02-07,CHO,SAS,117,116,H,De'Aaron Fox,22,2
2025-02-07,CHO,SAS,117,116,H,Nick Smith Jr.,19,6
2025-02-07,CHO,SAS,117,116,H,LaMelo Ball,24,4
2025-02-07,CHO,SAS,117,116,H,Moussa Diabaté,9,15
2025-02-07,CHO,SAS,117,116,H,Victor Wembanyama,16,11
2025-02-07,CHO,SAS,117,116,H,Jeremy Sochan,11,12
2025-02-07,CHO,SAS,117,116,H,KJ Simpson,12,3
2025-02-07,CHO,SAS,117,116,H,Seth Curry,12,4
2025-02-07,CHO,SAS,117,116,H,Chris Paul,6,1
2025-02-07,CHO,SAS,117,116,H,Devin Vassell,15,4
2025-02-07,CHO,SAS,117,116,H,Harrison Barnes,8,4
2025-02-07,CHO,SAS,117,116,H,Tidjane Salaün,8,5
2025-02-07,CHO,SAS,117,116,H,Taj Gibson,4,4
2025-02-07,CHO,SAS,117,116,H,DaQuan Jeffries,4,5
2025-02-07,CHO,SAS,117,116,H,Julian Champagnie,3,0
2025-02-07,CHO,SAS,117,116,H,Keldon Johnson,2,0
2025-02-07,ATL,MIL,115,110,H,Bobby Portis,26,15
2025-02-07,ATL,MIL,115,110,H,Damian Lillard,23,9
2025-02-07,ATL,MIL,115,110,H,Mouhamed Gueye,15,12
2025-02-07,ATL,MIL,115,110,H,Trae Young,24,3
2025-02-07,ATL,MIL,115,110,H,Gary Trent Jr.,19,0
2025-02-07,ATL,MIL,115,110,H,Dyson Daniels,15,6
2025-02-07,ATL,MIL,115,110,H,Onyeka Okongwu,14,12
2025-02-07,ATL,MIL,115,110,H,Vit Krejci,11,10
2025-02-07,ATL,MIL,115,110,H,Brook Lopez,16,2
2025-02-07,ATL,MIL,115,110,H,Larry Nance Jr.,11,1
2025-02-07,ATL,MIL,115,110,H,Zaccharie Risacher,13,3
2025-02-07,ATL,MIL,115,110,H,Dominick Barlow,7,4
2025-02-07,ATL,MIL,115,110,H,Taurean Prince,9,1
2025-02-07,ATL,MIL,115,110,H,Kyle Kuzma,12,7
2025-02-07,ATL,MIL,115,110,H,Ryan Rollins,3,4
2025-02-07,ATL,MIL,115,110,H,Andre Jackson Jr.,0,4
2025-02-07,ATL,MIL,115,110,H,Keaton Wallace,3,1
2025-02-07,ATL,MIL,115,110,H,Garrison Mathews,2,0
2025-02-07,ATL,MIL,115,110,H,A.J. Green,2,1
2025-02-07,OKC,TOR,121,109,H,Shai Gilgeous-Alexander,25,4
2025-02-07,OKC,TOR,121,109,H,Jalen Williams,27,5
2025-02-07,OKC,TOR,121,109,H,Alex Caruso,12,6
2025-02-07,OKC,TOR,121,109,H,Aaron Wiggins,18,3
2025-02-07,OKC,TOR,121,109,H,Scottie Barnes,21,5
2025-02-07,OKC,TOR,121,109,H,Gradey Dick,17,7
2025-02-07,OKC,TOR,121,109,H,Isaiah Joe,16,2
2025-02-07,OKC,TOR,121,109,H,Isaiah Hartenstein,12,6
2025-02-07,OKC,TOR,121,109,H,Jamison Battle,11,2
2025-02-07,OKC,TOR,121,109,H,Jonathan Mogbo,10,4
2025-02-07,OKC,TOR,121,109,H,Ja'Kobe Walter,12,2
2025-02-07,OKC,TOR,121,109,H,Orlando Robinson,6,5
2025-02-07,OKC,TOR,121,109,H,Ochai Agbaji,8,8
2025-02-07,OKC,TOR,121,109,H,Chris Boucher,11,2
2025-02-07,OKC,TOR,121,109,H,Chet Holmgren,4,5
2025-02-07,OKC,TOR,121,109,H,Immanuel Quickley,6,4
2025-02-07,OKC,TOR,121,109,H,Jaylin Williams,4,6
2025-02-07,OKC,TOR,121,109,H,Jamal Shead,7,3
2025-02-07,OKC,TOR,121,109,H,Branden Carlson,2,1
2025-02-07,OKC,TOR,121,109,H,Dillon Jones,1,2
2025-02-07,OKC,TOR,121,109,H,Adam Flagler,0,0
2025-02-07,OKC,TOR,121,109,H,Alex Ducas,0,1
2025-02-07,OKC,TOR,121,109,H,Kenrich Williams,0,3
2025-02-07,BRK,MIA,102,86,H,Cameron Johnson,18,6
2025-02-07,BRK,MIA,102,86,H,Terry Rozier,20,4
2025-02-07,BRK,MIA,102,86,H,Bam Adebayo,18,8
2025-02-07,BRK,MIA,102,86,H,Nic Claxton,12,10
2025-02-07,BRK,MIA,102,86,H,Kel'el Ware,10,14
2025-02-07,BRK,MIA,102,86,H,Trendon Watford,12,4
2025-02-07,BRK,MIA,102,86,H,Ziaire Williams,8,9
2025-02-07,BRK,MIA,102,86,H,Day'Ron Sharpe,9,6
2025-02-07,BRK,MIA,102,86,H,Keon Johnson,11,8
2025-02-07,BRK,MIA,102,86,H,D'Angelo Russell,17,2
2025-02-07,BRK,MIA,102,86,H,Jaime Jaquez Jr.,5,3
2025-02-07,BRK,MIA,102,86,H,Jalen Wilson,8,4
2025-02-07,BRK,MIA,102,86,H,Tosan Evbuomwan,5,3
2025-02-07,BRK,MIA,102,86,H,Duncan Robinson,10,0
2025-02-07,BRK,MIA,102,86,H,Tyler Herro,15,4
2025-02-07,BRK,MIA,102,86,H,Nikola Jović,8,1
2025-02-07,BRK,MIA,102,86,H,Haywood Highsmith,0,3
2025-02-07,BRK,MIA,102,86,H,Pelle Larsson,0,2
2025-02-07,BRK,MIA,102,86,H,Tyrese Martin,2,5
